[MAPDATA_TEXT_OUTPUT]
MAPDATA_EXIST=1
TILESET_ID=0
MAP_WIDTH=41
MAP_HEIGHT=81
MAPLAYER=3
[--MAP_START--]
[MAPLAYER_1_START]
1604444,1604444,1604444,1604443,1604422,1604422,1604422,1604422,1604422,1604422,1604422,1604422,1604433,1604422,1604422,1604422,1604422,1604422,1604422,1604422,1604422,1604422,1604422,1604422,1604422,1604422,1604422,1604422,1604433,1604422,1604422,1604422,1604422,1604422,1604422,1604434,1604444,1604444,1604444,1604444,1604444,
1604444,1604444,1604444,1604141,529,529,529,529,529,529,529,529,1601111,417,417,417,417,417,417,417,417,417,417,417,417,417,417,417,1601111,417,417,417,417,417,417,1601414,1604444,1604444,1604444,1604444,1604444,
1604444,1604444,1604444,1604141,529,529,529,529,529,529,529,529,1601111,417,417,417,417,417,417,417,417,417,417,417,417,417,417,417,1601111,417,417,417,417,417,417,1601414,1604444,1604444,1604444,1604444,1604444,
1604444,1604444,1604444,1604141,537,537,537,537,537,537,537,537,1601111,425,425,425,425,425,425,425,425,425,425,425,425,425,425,425,1601111,425,425,425,425,425,425,1601414,1604444,1604444,1604444,1604444,1604444,
1604444,1604444,1604444,1604141,312,312,312,312,312,312,312,312,1601111,291,291,291,293,293,3147,3148,3148,3148,3149,293,293,291,291,291,1601111,291,291,291,291,291,291,1601414,1604444,1604444,1604444,1604444,1604444,
1604444,1604444,1604444,1604141,312,312,312,312,312,312,312,312,1601100,291,291,291,293,293,3155,3156,3156,3156,3157,293,293,291,291,291,1601100,291,291,291,291,291,291,1601414,1604444,1604444,1604444,1604444,1604444,
1604444,1604444,1604444,1604141,312,312,312,312,312,312,312,312,312,291,291,291,293,293,3155,3156,3156,3156,3157,293,293,291,291,291,291,291,291,291,291,291,291,1601414,1604444,1604444,1604444,1604444,1604444,
1604444,1604444,1604444,1604141,312,312,312,312,312,312,312,312,312,291,291,291,293,293,3163,3164,3164,3164,3165,293,293,291,291,291,291,291,291,291,291,291,291,1601414,1604444,1604444,1604444,1604444,1604444,
1604444,1604444,1604444,1604141,312,312,312,312,312,312,312,312,1600011,291,291,291,293,293,293,293,293,293,293,293,293,291,291,291,1600011,291,291,291,291,742,291,1601414,1604444,1604444,1604444,1604444,1604444,
1604444,1604444,1604444,1604141,312,312,312,312,312,312,312,312,1601111,291,291,291,293,293,293,293,293,293,293,293,293,291,291,291,1601111,291,291,291,291,291,291,1601414,1604444,1604444,1604444,1604444,1604444,
1604444,1604444,1604444,1604141,312,312,312,312,312,312,312,312,1601111,291,291,291,291,291,293,293,293,293,293,291,291,291,291,291,1601314,1602244,1602244,1602244,1602244,1602244,1602244,1603444,1604444,1604444,1604444,1604444,1604444,
1604444,1604444,1604444,1604141,312,312,312,312,312,312,312,312,1601111,291,291,291,291,291,293,293,293,293,293,291,291,291,291,291,1601414,1604444,1604444,1604444,1604444,1604444,1604444,1604444,1604444,1604444,1604444,1604444,1604444,
1604444,1604444,1604444,1604344,1602244,1602244,1602244,1602244,1602244,1602244,1602244,1602244,1603141,291,291,291,291,291,293,293,293,293,293,291,291,291,291,291,1601414,1604444,1604444,1604444,1604444,1604444,1604444,1604444,1604444,1604444,1604444,1604444,1604444,
1604444,1604444,1604444,1604444,1604444,1604444,1604444,1604444,1604444,1604444,1604444,1604444,1604141,291,291,291,430,430,293,293,293,293,293,430,430,291,291,291,1601414,1604444,1604444,1604444,1604444,1604444,1604444,1604444,1604444,1604444,1604444,1604444,1604444,
1604444,1604444,1604444,1604444,1604444,1604444,1604444,1604444,1604444,1604444,1604444,1604444,1604141,291,291,291,430,430,291,291,291,291,291,430,430,291,291,291,1601414,1604444,1604444,1604444,1604444,1604444,1604444,1604444,1604444,1604444,1604444,1604444,1604444,
1604444,1604444,1604444,1604444,1604444,1604444,1604444,1604444,1604444,1604444,1604444,1604444,1604141,291,291,291,430,430,291,291,291,291,291,430,430,291,291,291,1601414,1604444,1604444,1604444,1604444,1604444,1604444,1604444,1604444,1604444,1604444,1604444,1604444,
1604444,1604444,1604444,1604444,1604444,1604444,1604444,1604444,1604444,1604444,1604444,1604444,1604141,291,291,291,430,430,291,291,291,291,291,430,430,291,291,291,1601414,1604444,1604444,1604444,1604444,1604444,1604444,1604444,1604444,1604444,1604444,1604444,1604444,
1604444,1604444,1604444,1604444,1604444,1604444,1604444,1604444,1604444,1604444,1604444,1604444,1604141,291,291,291,430,430,430,430,430,430,430,430,430,291,291,291,1601414,1604444,1604444,1604444,1604444,1604444,1604444,1604444,1604444,1604444,1604444,1604444,1604444,
1604444,1604444,1604444,1604444,1604444,1604444,1604444,1604444,1604444,1604444,1604444,1604444,1604141,291,291,291,430,430,430,430,430,430,430,430,430,291,291,291,1601414,1604444,1604444,1604444,1604444,1604444,1604444,1604444,1604444,1604444,1604444,1604444,1604444,
1604444,1604444,1604444,1604444,1604444,1604444,1604444,1604444,1604444,1604444,1604444,1604444,1604344,1602244,1602244,1602244,1602244,1602244,1602244,1602244,1602244,1602244,1602244,1602244,1602244,1602244,1602244,1602244,1603444,1604444,1604444,1604444,1604444,1604444,1604444,1604444,1604444,1604444,1604444,1604444,1604444,
1604444,1604444,1604444,1604444,1604444,1604444,1604444,1604444,1604444,1604444,1604444,1604444,1604444,1604444,1604444,1604444,1604444,1604444,1604444,1604444,1604444,1604444,1604444,1604444,1604444,1604444,1604444,1604444,1604444,1604444,1604444,1604444,1604444,1604444,1604444,1604444,1604444,1604444,1604444,1604444,1604444,
1604444,1604444,1604444,1604444,1604444,1604444,1604444,1604444,1604444,1604444,1604444,1604444,1604444,1604444,1604444,1604444,1604444,1604444,1604444,1604444,1604444,1604444,1604444,1604444,1604444,1604444,1604444,1604444,1604444,1604444,1604444,1604444,1604444,1604444,1604444,1604444,1604444,1604444,1604444,1604444,1604444,
1604444,1604444,1604444,1604444,1604444,1604444,1604444,1604444,1604444,1604444,1604444,1604444,1604444,1604444,1604444,1604444,1604444,1604444,1604444,1604444,1604444,1604444,1604444,1604444,1604444,1604444,1604444,1604444,1604444,1604444,1604444,1604444,1604444,1604444,1604444,1604444,1604444,1604444,1604444,1604444,1604444,
1604444,1604444,1604444,1604444,1604444,1604444,1604444,1604444,1604444,1604444,1604444,1604444,1604444,1604444,1604444,1604444,1604444,1604444,1604444,1604444,1604444,1604444,1604444,1604444,1604444,1604444,1604444,1604444,1604444,1604444,1604444,1604444,1604444,1604444,1604444,1604444,1604444,1604444,1604444,1604444,1604444,
1604444,1604444,1604444,1604444,1604444,1604444,1604444,1604444,1604444,1604444,1604444,1604444,1604444,1604444,1604444,1604444,1604444,1604444,1604444,1604444,1604444,1604444,1604444,1604444,1604444,1604444,1604444,1604444,1604444,1604444,1604444,1604444,1604444,1604444,1604444,1604444,1604444,1604444,1604444,1604444,1604444,
1604444,1604444,1604444,1604444,1604444,1604444,1604444,1604444,1604444,1604444,1604444,1604444,1604444,1604444,1604444,1604444,1604444,1604444,1604444,1604444,1604444,1604444,1604444,1604444,1604444,1604444,1604444,1604444,1604444,1604444,1604444,1604444,1604444,1604444,1604444,1604444,1604444,1604444,1604444,1604444,1604444,
1604444,1604444,1604444,1604444,1604444,1604444,1604444,1604444,1604444,1604444,1604444,1604444,1604444,1604444,1604444,1604444,1604444,1604444,1604444,1604444,1604444,1604444,1604444,1604444,1604444,1604444,1604444,1604444,1604444,1604444,1604444,1604444,1604444,1604444,1604444,1604444,1604444,1604444,1604444,1604444,1604444,
1604444,1604444,1604444,1604444,1604444,1604444,1604444,1604444,1604444,1604444,1604444,1604444,1604444,1604444,1604444,1604444,1604444,1604444,1604444,1604444,1604444,1604444,1604444,1604444,1604444,1604444,1604444,1604444,1604444,1604444,1604444,1604444,1604444,1604444,1604444,1604444,1604444,1604444,1604444,1604444,1604444,
1604444,1604444,1604444,1604444,1604444,1604444,1604444,1604444,1604444,1604444,1604444,1604444,1604444,1604444,1604444,1604444,1604444,1604444,1604444,1604444,1604444,1604444,1604444,1604444,1604444,1604444,1604444,1604444,1604444,1604444,1604444,1604444,1604444,1604444,1604444,1604444,1604444,1604444,1604444,1604444,1604444,
1604444,1604444,1604444,1604444,1604444,1604444,1604444,1604444,1604444,1604444,1604444,1604444,1604444,1604444,1604444,1604444,1604444,1604444,1604444,1604444,1604444,1604444,1604444,1604444,1604444,1604444,1604444,1604444,1604444,1604444,1604444,1604444,1604444,1604444,1604444,1604444,1604444,1604444,1604444,1604444,1604444,
1604444,1604444,1604444,1604444,1604444,1604444,1604444,1604444,1604444,1604444,1604444,1604444,1604444,1604444,1604444,1604444,1604444,1604444,1604444,1604444,1604444,1604444,1604444,1604444,1604444,1604444,1604444,1604444,1604444,1604444,1604444,1604444,1604444,1604444,1604444,1604444,1604444,1604444,1604444,1604444,1604444,
1604444,1604444,1604444,1604444,1604444,1604444,1604444,1604444,1604444,1604444,1604444,1604444,1604444,1604444,1604444,1604444,1604444,1604444,1604444,1604444,1604444,1604444,1604444,1604444,1604444,1604444,1604444,1604444,1604444,1604444,1604444,1604444,1604444,1604444,1604444,1604444,1604444,1604444,1604444,1604444,1604444,
1604443,1604422,1604422,1604422,1604422,1604422,1604433,1604422,1604422,1604422,1604422,1604422,1604422,1604422,1604422,1604422,1604422,1604433,1604422,1604422,1604422,1604422,1604422,1604433,1604422,1604422,1604422,1604422,1604422,1604422,1604422,1604422,1604422,1604422,1604422,1604422,1604422,1604422,1604422,1604422,1604434,
1604141,417,417,417,417,417,1601111,417,417,417,417,417,417,417,417,417,417,1601111,339,340,340,340,341,1601111,417,417,417,417,417,417,417,417,417,417,417,417,417,417,417,417,1601414,
1604141,417,417,417,417,417,1601111,417,417,417,417,417,417,417,417,417,417,1601111,339,340,340,340,341,1601111,417,417,417,417,417,417,417,417,417,417,417,417,417,417,417,417,1601414,
1604141,425,425,425,425,425,1601111,425,425,425,425,425,425,425,425,425,425,1601111,339,340,340,340,341,1601111,425,425,425,425,425,425,425,425,425,425,425,425,425,425,425,425,1601414,
1604141,309,309,309,309,309,1601111,309,309,309,309,309,309,309,309,309,309,1601111,339,340,340,340,341,1601111,309,309,309,309,309,309,309,309,309,309,309,309,309,309,309,309,1601414,
1604141,309,309,309,309,309,1601111,309,309,309,309,309,309,309,309,309,309,1601111,339,340,340,340,341,1601111,309,309,309,309,309,309,309,309,309,309,309,309,309,309,309,309,1601414,
1604141,309,309,309,309,309,1601111,309,309,309,309,309,309,309,309,309,309,1601111,339,340,340,340,341,1601111,309,309,309,309,309,309,309,309,309,309,309,309,309,309,309,309,1601414,
1604141,309,309,309,309,309,1601111,309,309,309,309,309,309,309,309,309,309,1601111,339,340,340,340,341,1601111,309,309,309,309,309,309,309,309,309,309,309,309,309,309,309,309,1601414,
1604141,309,309,309,309,309,1601313,1602222,1602222,1602222,1602222,1602020,309,309,1600202,1602222,1602222,1603120,347,340,340,340,349,1601302,1602222,1602222,1602020,309,309,1600202,1602222,1602222,1602222,1602222,1602031,309,309,309,309,309,1601414,
1604141,309,309,309,309,309,1601111,417,417,417,417,417,309,309,417,417,417,417,293,293,293,293,293,417,417,417,417,309,309,417,417,417,417,417,1601111,309,309,309,309,309,1601414,
1604141,309,309,309,309,309,1601111,417,417,417,417,417,309,309,417,417,417,417,293,293,293,293,293,417,417,417,417,309,309,417,417,417,417,417,1601111,309,309,309,309,309,1601414,
1604141,309,309,309,309,309,1601111,425,425,425,425,425,309,309,425,425,425,425,293,293,293,293,293,425,425,425,425,309,309,425,425,425,425,425,1601111,309,309,309,309,309,1601414,
1604141,309,309,309,309,309,1601111,309,309,309,309,309,309,309,309,309,309,309,293,293,293,293,293,309,309,309,309,309,309,309,309,309,309,309,1601111,309,309,309,309,309,1601414,
1604141,309,309,309,309,309,1601111,309,293,293,293,293,293,293,293,293,293,293,293,293,293,293,293,293,293,293,293,293,293,293,293,293,293,309,1601111,309,309,309,309,309,1601414,
1604141,309,309,309,309,309,1601111,309,293,293,293,293,293,293,293,293,293,293,293,293,293,293,293,293,293,293,293,293,293,293,293,293,293,309,1601111,309,309,309,309,309,1601414,
1604141,309,309,309,309,309,1601111,309,293,293,293,293,293,293,293,293,293,293,293,293,293,293,293,293,293,293,293,293,293,293,293,293,293,309,1601111,309,309,309,309,309,1601414,
1604141,309,309,309,309,309,1601111,309,293,293,293,309,309,309,309,309,309,309,309,293,293,293,309,309,309,309,309,309,309,309,293,293,293,309,1601111,309,309,309,309,309,1601414,
1604141,309,309,309,309,309,1601111,309,293,293,293,309,1600213,1602222,1602222,1602222,1602222,1602222,1602020,293,293,293,1600202,1602222,1602222,1602222,1602222,1602222,1602031,309,293,293,293,309,1601111,309,309,309,309,309,1601414,
1604322,1602020,309,309,1600202,1602222,1603120,309,293,293,293,309,1601111,417,417,417,417,417,417,293,293,293,417,417,417,417,417,417,1601111,309,293,293,293,309,1601302,1602222,1602020,309,309,1600202,1603422,
417,417,309,309,417,417,417,309,293,293,293,309,1601111,417,417,417,417,417,417,314,314,314,417,417,417,417,417,417,1601111,309,293,293,293,309,417,417,417,309,309,417,417,
417,417,309,309,417,417,417,309,293,293,293,309,1601111,425,425,425,425,425,425,314,314,314,425,425,425,425,425,425,1601111,309,293,293,293,309,417,417,417,309,309,417,417,
425,425,309,309,425,425,425,309,293,293,293,309,1601111,314,314,314,314,314,314,314,314,314,314,314,314,314,314,314,1601111,309,293,293,293,309,425,425,425,309,309,425,425,
309,309,309,309,309,309,309,309,293,293,293,309,1601111,314,314,314,314,314,314,314,314,314,314,314,314,314,314,314,1601111,309,293,293,293,309,309,309,309,309,309,309,309,
293,293,293,293,293,293,293,293,293,293,293,309,1601111,314,314,314,314,314,314,314,314,314,314,314,314,314,314,314,1601111,309,293,293,293,293,293,293,293,293,293,293,293,
293,293,293,293,293,293,293,293,293,293,293,309,1601111,314,314,314,314,314,314,314,314,314,314,314,314,314,314,314,1601111,309,293,293,293,293,293,293,293,293,293,293,293,
293,293,293,293,293,293,293,293,293,293,293,309,1601111,314,314,314,314,314,314,314,314,314,314,314,314,314,314,314,1601111,309,293,293,293,293,293,293,293,293,293,293,293,
309,309,309,309,309,309,309,309,293,293,293,309,1601111,314,314,314,314,314,314,314,314,314,314,314,314,314,314,314,1601111,309,293,293,293,309,309,309,309,309,309,309,309,
1602243,1602020,309,309,1600202,1602222,1602031,309,293,293,293,309,1601111,314,314,314,314,314,314,314,314,314,314,314,314,314,314,314,1601111,309,293,293,293,309,1600213,1602222,1602020,309,309,1600202,1602234,
1604141,417,309,309,417,417,1601111,309,293,293,293,309,1601111,314,314,314,314,314,314,314,314,314,314,314,314,314,314,314,1601111,309,293,293,293,309,1601111,417,417,309,309,417,1601414,
1604141,417,309,309,417,417,1601111,309,293,293,293,309,1601111,314,314,314,314,314,314,314,314,314,314,314,314,314,314,314,1601111,309,293,293,293,309,1601111,417,417,309,309,417,1601414,
1604141,425,309,309,425,425,1601111,309,293,293,293,309,1601111,314,314,314,314,314,314,314,314,314,314,314,314,314,314,314,1601111,309,293,293,293,309,1601111,425,425,309,309,425,1601414,
1604141,309,309,309,309,309,1601111,309,293,293,293,309,1601302,1602222,1602222,1602222,1602222,1602222,1602020,314,314,314,1600202,1602222,1602222,1602222,1602222,1602222,1603120,309,293,293,293,309,1601111,309,309,309,309,309,1601414,
1604141,309,309,309,309,309,1601111,309,293,293,293,309,417,417,417,417,417,417,417,293,293,293,417,417,417,417,417,417,417,309,293,293,293,309,1601111,309,309,309,309,309,1601414,
1604141,309,309,309,309,309,1601111,309,293,293,293,309,417,417,417,417,417,417,417,293,293,293,417,417,417,417,417,417,417,309,293,293,293,309,1601111,309,309,309,309,309,1601414,
1604141,309,309,309,309,309,1601111,309,293,293,293,309,425,425,425,425,425,425,425,293,293,293,425,425,425,425,425,425,425,309,293,293,293,309,1601111,309,309,309,309,309,1601414,
1604141,309,309,309,309,309,1601111,309,293,293,293,309,309,309,309,309,309,309,309,293,293,293,309,309,309,309,309,309,309,309,293,293,293,309,1601111,309,309,309,309,309,1601414,
1604141,309,309,309,309,309,1601111,309,293,293,293,293,293,293,293,293,293,293,293,293,293,293,293,293,293,293,293,293,293,293,293,293,293,309,1601111,309,309,309,309,309,1601414,
1604141,309,309,309,309,309,1601111,309,293,293,293,293,293,293,293,293,293,293,293,293,293,293,293,293,293,293,293,293,293,293,293,293,293,309,1601111,309,309,309,309,309,1601414,
1604141,309,309,309,309,309,1601111,309,293,293,293,293,293,293,293,293,293,293,293,293,293,293,293,293,293,293,293,293,293,293,293,293,293,309,1601111,309,309,309,309,309,1601414,
1604141,309,309,309,309,309,1601111,309,309,309,309,309,309,309,309,309,309,309,309,293,293,293,309,309,309,309,309,309,309,309,309,309,309,309,1601111,309,309,309,309,309,1601414,
1604141,309,309,309,309,309,1601313,1602222,1602222,1602222,1602222,1602020,309,309,1600202,1602222,1602222,1602031,309,293,293,293,309,1600213,1602222,1602222,1602020,309,309,1600202,1602222,1602222,1602222,1602222,1603131,309,309,309,309,309,1601414,
1604141,309,309,309,309,309,1601111,417,417,417,417,417,309,309,417,417,417,1601111,309,293,293,293,309,1601111,417,417,417,309,309,417,417,417,417,417,1601111,309,309,309,309,309,1601414,
1604141,309,309,309,309,309,1601111,417,417,417,417,417,309,309,417,417,417,1601111,309,293,293,293,309,1601111,417,417,417,309,309,417,417,417,417,417,1601111,309,309,309,309,309,1601414,
1604141,309,309,309,309,309,1601111,425,425,425,425,425,309,309,425,425,425,1601111,309,293,293,293,309,1601111,425,425,425,309,309,425,425,425,425,425,1601111,309,309,309,309,309,1601414,
1604141,309,309,309,309,309,1601111,309,309,309,309,309,309,309,309,309,309,1601111,309,293,293,293,309,1601111,309,309,309,309,309,309,309,309,309,309,1601111,309,309,309,309,309,1601414,
1604141,309,309,309,309,309,1601111,309,309,309,309,309,309,309,309,309,309,1601111,309,293,293,293,309,1601111,309,309,309,309,309,309,309,309,309,309,1601111,309,309,309,309,309,1601414,
1604141,309,309,309,309,309,1601111,309,309,309,309,309,309,309,309,309,309,1601111,309,293,293,293,309,1601111,309,309,309,309,309,309,309,309,309,309,1601111,309,309,309,309,309,1601414,
1604141,309,309,309,309,309,1601111,309,309,309,309,309,309,309,309,309,309,1601111,309,293,293,293,309,1601111,309,309,309,309,309,309,309,309,309,309,1601111,309,309,309,309,309,1601414,
1604344,1602244,1602244,1602244,1602244,1602244,1603344,1602244,1602244,1602244,1602244,1602244,1602244,1602244,1602244,1602244,1602244,1603141,309,309,309,309,309,1601314,1602244,1602244,1602244,1602244,1602244,1602244,1602244,1602244,1602244,1602244,1603344,1602244,1602244,1602244,1602244,1602244,1603444,
[MAPLAYER_1_END]
[MAPLAYER_2_START]
100000,104444,104444,104444,104443,104422,104434,104444,104444,104443,104422,104434,104443,104422,104434,104443,104422,104434,104443,104422,104433,104422,104434,104443,104422,104434,104443,104422,104434,104443,104422,104434,104443,104422,104434,104444,104444,104444,104444,104444,104444,
100000,104444,104444,104444,104141,988,101414,104444,104444,104141,988,101414,104141,828,101402,104120,828,101402,104120,828,101111,828,101402,104120,828,101402,104120,828,101414,104141,628,101414,104141,629,101414,104444,104444,104444,104444,104444,104444,
100000,104444,104444,104444,104141,1004,101414,104444,104444,104141,1004,101414,104141,836,599,599,836,599,599,836,101111,836,599,599,836,599,599,836,101413,104120,636,101402,104120,637,101414,104444,104444,104444,104444,104444,104444,
100000,104444,104444,104444,104344,102244,103444,104444,104444,104344,102244,103444,104343,102020,607,607,100011,607,607,100214,103344,102041,607,607,100011,607,607,100202,103131,744,745,731,732,100202,103422,104434,104444,104444,104444,104444,104444,
100000,104444,104444,104444,104444,104444,104444,104444,104444,104444,104444,104444,104141,671,100214,102244,103344,102244,102244,103444,104444,104344,102244,102244,103344,102244,102041,671,101111,752,753,739,740,779,780,101414,104444,104444,104444,104444,104444,
100000,104444,104444,104444,104444,104444,104444,104444,104444,104444,104444,104444,104344,102244,103444,104444,104444,104444,104444,104444,104444,104444,104444,104444,104444,104444,104344,102244,103344,102244,102244,102244,102041,787,788,101414,104444,104444,104444,104444,104444,
100000,104444,104444,104444,104444,104444,104444,104444,104444,104444,104444,104444,104444,104444,104444,104444,104444,104444,104444,104444,104444,104444,104444,104444,104444,104444,104444,104444,104444,104444,104444,104444,104343,102222,102234,103444,104444,104444,104444,104444,104444,
100000,104444,104444,104444,104444,104443,104422,104422,104422,104422,104434,104444,104444,104444,104444,104444,104444,104444,104444,104444,104444,104444,104444,104444,104444,104444,104444,104444,104444,104444,104444,104443,104120,754,101402,104434,104444,104444,104444,104444,104444,
100000,104444,104444,104444,104443,104120,741,742,742,743,101402,104434,104444,104444,104444,104444,104444,104444,104444,104444,104444,104444,104444,104444,104444,104444,104444,104444,104444,104444,104444,104141,741,978,743,101414,104444,104444,104444,104444,104444,
100000,104444,104444,104444,104141,754,749,750,750,751,754,101414,104444,104444,104444,104444,104444,104444,104444,104444,104444,104444,104444,104444,104444,104444,104444,104444,104444,104444,104444,104141,757,758,759,101414,104444,104444,104444,104444,104444,
100000,104444,104444,104444,104344,102041,757,758,758,759,100214,103444,104444,104444,104444,104444,104444,104444,104444,104444,104444,104444,104444,104444,104444,104444,104444,104444,104444,104444,104444,104344,102244,102244,102244,103444,104444,104444,104444,104444,104444,
100000,104444,104444,104444,104444,104344,102244,102244,102244,102244,103444,104444,104444,104444,104444,104444,104444,104444,104444,104444,104444,104444,104444,104444,104444,104444,104444,104444,104444,104444,104444,104444,104444,104444,104444,104444,104444,104444,104444,104444,104444,
100000,104444,104444,104444,104444,104444,104444,104444,104444,104444,104444,104444,104444,104444,104444,104444,104444,104443,104422,104434,104444,104443,104422,104434,104444,104444,104444,104444,104444,104444,104444,104444,104444,104444,104444,104444,104444,104444,104444,104444,104444,
100000,104444,104444,104444,104444,104444,104444,104444,104444,104444,104444,104444,104444,104444,104444,104444,104444,104141,331,101402,104422,104120,333,101414,104444,104444,104444,104444,104444,104444,104444,104444,104444,104444,104444,104444,104444,104444,104444,104444,104444,
100000,104444,104444,104444,104444,104444,104444,104444,104444,104444,104444,104444,104444,104444,104444,104444,104444,104141,339,340,340,340,341,101414,104444,104444,104444,104444,104444,104444,104444,104444,104444,104444,104444,104444,104444,104444,104444,104444,104444,
100000,104444,104444,104444,104444,104444,104444,104444,104444,104444,104444,104444,104444,104444,104444,104444,104444,104141,339,340,340,340,341,101414,104444,104444,104444,104444,104444,104444,104444,104444,104444,104444,104444,104444,104444,104444,104444,104444,104444,
100000,104444,104444,104444,104444,104444,104444,104444,104444,104444,104444,104444,104444,104444,104444,104444,104444,104141,339,340,340,340,341,101414,104444,104444,104444,104444,104444,104444,104444,104444,104444,104444,104444,104444,104444,104444,104444,104444,104444,
100000,104444,104444,104444,104444,104444,104444,104444,104444,104444,104444,104444,104444,104444,104444,104444,104444,104344,102244,102244,102244,102244,102244,103444,104444,104444,104444,104444,104444,104444,104444,104444,104444,104444,104444,104444,104444,104444,104444,104444,104444,
100000,104444,104444,104444,104444,104444,104444,104444,104444,104444,104444,104444,104444,104444,104444,104444,104444,104444,104444,104444,104444,104444,104444,104444,104444,104444,104444,104444,104444,104444,104444,104444,104444,104444,104444,104444,104444,104444,104444,104444,104444,
100000,104444,104444,104444,104444,104444,104444,104444,104444,104444,104444,104444,104444,104444,104444,104444,104444,104444,104444,104444,104444,104444,104444,104444,104444,104444,104444,104444,104444,104444,104444,104444,104444,104444,104444,104444,104444,104444,104444,104444,104444,
100000,104444,104444,104444,104444,104444,104444,104444,104444,104444,104444,104444,104444,104444,104444,104444,104444,104444,104444,104444,104444,104444,104444,104444,104444,104444,104444,104444,104444,104444,104444,104444,104444,104444,104444,104444,104444,104444,104444,104444,104444,
100000,104444,104444,104444,104444,104444,104444,104444,104444,104444,104444,104444,104444,104444,104444,104444,104444,104444,104444,104444,104444,104444,104444,104444,104444,104444,104444,104444,104444,104444,104444,104444,104444,104444,104444,104444,104444,104444,104444,104444,104444,
100000,104444,104444,104444,104444,104444,104444,104444,104444,104444,104444,104444,104444,104444,104444,104444,104444,104444,104444,104444,104444,104444,104444,104444,104444,104444,104444,104444,104444,104444,104444,104444,104444,104444,104444,104444,104444,104444,104444,104444,104444,
100000,104444,104444,104444,104444,104444,104444,104444,104444,104444,104444,104444,104444,104444,104444,104444,104444,104444,104444,104444,104444,104444,104444,104444,104444,104444,104444,104444,104444,104444,104444,104444,104444,104444,104444,104444,104444,104444,104444,104444,104444,
100000,104444,104444,104444,104444,104444,104444,104444,104444,104444,104444,104444,104444,104444,104444,104444,104444,104444,104444,104444,104444,104444,104444,104444,104444,104444,104444,104444,104444,104444,104444,104444,104444,104444,104444,104444,104444,104444,104444,104444,104444,
100000,104444,104444,104444,104444,104444,104444,104444,104444,104444,104444,104444,104444,104444,104444,104444,104444,104444,104444,104444,104444,104444,104444,104444,104444,104444,104444,104444,104444,104444,104444,104444,104444,104444,104444,104444,104444,104444,104444,104444,104444,
100000,104444,104444,104444,104444,104444,104444,104444,104444,104444,104444,104444,104444,104444,104444,104444,104444,104444,104444,104444,104444,104444,104444,104444,104444,104444,104444,104444,104444,104444,104444,104444,104444,104444,104444,104444,104444,104444,104444,104444,104444,
100000,104444,104444,104444,104444,104444,104444,104444,104444,104444,104444,104444,104444,104444,104444,104444,104444,104444,104444,104444,104444,104444,104444,104444,104444,104444,104444,104444,104444,104444,104444,104444,104444,104444,104444,104444,104444,104444,104444,104444,104444,
100000,104444,104444,104444,104444,104444,104444,104444,104444,104444,104444,104444,104444,104444,104444,104444,104444,104444,104444,104444,104444,104444,104444,104444,104444,104444,104444,104444,104444,104444,104444,104444,104444,104444,104444,104444,104444,104444,104444,104444,104444,
100000,104444,104444,104444,104444,104444,104444,104444,104444,104444,104444,104444,104444,104444,104444,104444,104444,104444,104444,104444,104444,104444,104444,104444,104444,104444,104444,104444,104444,104444,104444,104444,104444,104444,104444,104444,104444,104444,104444,104444,104444,
100000,104444,104444,104444,104444,104444,104444,104444,104444,104444,104444,104444,104444,104444,104444,104444,104444,104444,104444,104444,104444,104444,104444,104444,104444,104444,104444,104444,104444,104444,104444,104444,104444,104444,104444,104444,104444,104444,104444,104444,104444,
100000,104444,104444,104444,104444,104444,104444,104444,104444,104444,104444,104444,104444,104444,104444,104444,104444,104444,104444,104444,104444,104444,104444,104444,104444,104444,104444,104444,104444,104444,104444,104444,104444,104444,104444,104444,104444,104444,104444,104444,104444,
100000,104443,104422,104422,104422,104434,104444,104443,104422,104422,104434,104443,104422,104433,104422,104422,104434,104444,104444,104444,104444,104444,104444,104444,104443,104422,104422,104433,104422,104434,104443,104422,104422,104434,104444,104443,104422,104422,104422,104434,104444,
100000,104141,3214,3214,3214,101414,104444,104141,598,988,101414,104141,988,101111,598,988,101414,104444,104444,104444,104444,104444,104444,104444,104141,988,598,101111,988,101414,104141,988,598,101414,104444,104141,988,598,988,101414,104444,
104443,104120,3222,3222,3222,101414,104443,104120,606,1004,101402,104120,1004,101100,606,1004,101414,104444,104444,104444,104444,104444,104444,104443,104120,1004,606,101100,1004,101402,104120,1004,606,101402,104422,104120,1004,606,1004,101402,104434,
104141,886,3230,3230,3230,101402,104131,3070,3071,3057,3059,3056,100000,728,729,100214,103444,104444,104444,104444,104444,104444,104444,104141,744,745,744,745,744,745,744,745,744,745,744,745,744,745,744,745,101414,
104141,894,895,890,891,856,101111,3078,3079,3065,3067,3064,738,736,737,101414,104444,104444,104444,104444,104444,104444,104444,104141,752,753,752,753,752,753,752,753,752,753,752,753,752,753,752,753,101414,
104141,894,895,898,899,875,101314,102244,102243,102222,102222,102222,102233,102222,102222,103422,104434,104444,104444,104444,104444,104444,104444,104344,102243,102222,102222,102222,102233,102222,102222,102222,102234,102244,102244,102243,102222,102222,102222,102222,103434,
104141,902,903,884,885,875,101414,104444,104141,724,716,724,101111,724,716,724,101414,104444,104444,104444,104444,104444,104444,104444,104141,724,716,724,101111,724,716,724,101414,104444,104444,104141,744,745,744,745,101414,
104141,890,891,892,893,875,101414,104444,104344,102244,102244,102244,103344,102244,102244,102244,103444,104444,104444,104444,104444,104444,104444,104444,104344,102244,102244,102244,103344,102244,102244,102244,103444,104444,104444,104141,752,753,752,753,101414,
104141,898,899,900,901,875,101413,104422,104422,104422,104433,104422,104434,104443,104422,104433,104422,104422,104434,104444,104444,104444,104443,104422,104422,104433,104422,104434,104443,104422,104433,104422,104422,104422,104434,104343,102222,102222,102222,102222,103434,
104344,102244,102243,102020,888,889,101111,828,988,828,101111,828,101414,104141,828,101111,988,828,101414,104444,104444,104444,104141,828,988,101111,828,101414,104141,828,101111,828,988,828,101414,104141,744,745,744,745,101414,
104444,104443,104120,878,896,897,101111,836,1004,836,101111,836,101414,104141,836,101111,1004,836,101414,104444,104444,104444,104141,836,1004,101111,836,101414,104141,836,101111,836,1004,836,101414,104141,752,753,752,753,101414,
104443,104120,865,100011,896,897,101111,908,100214,102244,103344,102244,103444,104344,102244,103344,102041,908,101414,104444,104444,104444,104141,908,100214,103344,102244,103444,104344,102244,103344,102244,102041,908,101414,104343,102222,102222,102222,102222,103434,
104141,876,100214,103343,102222,102222,103131,916,101414,104444,104444,104444,104444,104444,104444,104444,104141,916,101414,104444,104444,104444,104141,916,101414,104444,104444,104444,104444,104444,104444,104444,104141,916,101414,104141,744,745,744,745,101414,
104344,102244,103444,104141,902,903,101314,102244,103444,104444,104444,104444,104444,104444,104444,104444,104344,102244,103444,104444,104444,104444,104344,102244,103444,104444,104444,104444,104444,104444,104444,104444,104344,102244,103444,104141,752,753,752,753,101414,
104444,104444,104444,104344,102244,102244,103444,104444,104444,104444,104444,104444,104444,104444,104444,104444,104444,104444,104444,104444,104444,104444,104444,104444,104444,104444,104444,104444,104444,104444,104444,104444,104444,104444,104443,104322,102222,102222,102234,102244,103444,
104444,104444,104444,104444,104444,104444,104444,104444,104444,104444,104444,104444,104444,104444,104444,104444,104444,104444,104444,104444,104444,104444,104444,104444,104444,104444,104444,104444,104444,104444,104444,104444,104444,104444,104141,724,716,724,101414,104444,104444,
104444,104444,104444,104444,104444,104444,104444,104444,104444,104444,104444,104444,104444,104444,104444,104444,104444,104444,104444,104444,104444,104444,104444,104444,104444,104444,104444,104444,104444,104444,104444,104444,104444,104444,104343,102222,102222,102222,103434,104444,104444,
104444,104444,104444,104444,104444,104444,104444,104444,104444,104444,104444,104444,104444,104443,104422,104434,104443,104422,104434,104444,104444,104444,104443,104422,104434,104443,104422,104434,104444,104444,104444,104444,104444,104444,104141,724,716,724,101414,104444,104444,
104422,104422,104434,104443,104422,104422,104422,104422,104434,104444,104444,104444,104444,104141,988,101414,104141,988,101414,104444,104444,104444,104141,988,101414,104141,988,101414,104444,104444,104444,104444,104444,104443,104322,102222,102222,102234,103443,104422,104422,
988,828,101414,104141,828,988,828,746,101414,104444,104444,104444,104444,104141,1004,101414,104141,1004,101414,104444,104444,104444,104141,1004,101414,104141,1004,101414,104444,104444,104444,104444,104444,104141,828,988,828,101414,104141,828,988,
1004,836,101414,104141,836,1004,836,100214,103444,104444,104444,104444,104444,104344,102244,103444,104344,102244,103444,104444,104444,104444,104344,102244,103444,104344,102244,103444,104444,104444,104444,104444,104444,104141,836,1004,836,101414,104141,836,1004,
102244,102244,103444,104344,102244,102244,102244,103444,104444,104444,104444,104444,104444,104444,104444,104444,104444,104444,104444,104444,104444,104444,104444,104444,104444,104444,104444,104444,104444,104444,104444,104444,104444,104344,102244,102244,102244,103444,104344,102244,102244,
100000,104444,104444,104444,104444,104444,104444,104444,104444,104444,104444,104444,104444,104443,104422,104422,104422,104422,104434,104444,104444,104444,104443,104422,104422,104422,104422,104434,104444,104444,104444,104444,104444,104444,104444,104444,104444,104444,104444,104444,104444,
100000,104444,104444,104444,104444,104444,104444,104444,104444,104444,104444,104444,104443,104120,789,790,790,791,101402,104434,104444,104443,104120,789,790,790,791,101402,104434,104444,104444,104444,104444,104444,104444,104444,104444,104444,104444,104444,104444,
100000,104444,104444,104444,104444,104444,104444,104444,104444,104444,104444,104444,104141,755,797,798,798,799,755,101414,104444,104141,755,797,798,798,799,755,101414,104444,104444,104444,104444,104444,104444,104444,104444,104444,104444,104444,104444,
100000,104444,104444,104444,104444,104444,104444,104444,104444,104444,104444,104444,104343,102020,797,798,798,799,100202,103434,104444,104343,102020,797,798,798,799,100202,103434,104444,104444,104444,104444,104444,104444,104444,104444,104444,104444,104444,104444,
100000,104444,104444,104444,104444,104444,104444,104444,104444,104444,104444,104444,104141,755,797,798,798,799,755,101414,104444,104141,755,797,798,798,799,755,101414,104444,104444,104444,104444,104444,104444,104444,104444,104444,104444,104444,104444,
100000,104444,104444,104444,104443,104422,104434,104444,104444,104444,104444,104444,104344,102041,805,806,806,807,100214,103444,104444,104344,102041,805,806,806,807,100214,103444,104444,104444,104444,104444,104444,104443,104422,104434,104444,104444,104444,104444,
104443,104422,104434,104443,104120,988,101414,104444,104444,104444,104444,104444,104444,104344,102244,102244,102244,102244,103444,104444,104444,104444,104344,102244,102244,102244,102244,103444,104444,104444,104444,104444,104444,104444,104141,988,101414,104444,104444,104444,104444,
104141,1047,101414,104141,1039,1004,101414,104444,104444,104444,104444,104444,104444,104444,104444,104444,104444,104444,104444,104444,104444,104444,104444,104444,104444,104444,104444,104444,104444,104444,104444,104444,104444,104444,104141,1004,101414,104444,104443,104422,104434,
104141,1030,101414,104141,1014,1015,101414,104444,104444,104444,104444,104444,104444,104444,104444,104444,104444,104444,104444,104444,104444,104444,104444,104444,104444,104444,104444,104444,104444,104444,104444,104444,104444,104444,104344,102244,103443,104422,104131,1032,101414,
104141,1038,101414,104141,1043,1043,101413,104422,104434,104444,104444,104443,104422,104422,104422,104422,104422,104422,104422,104434,104444,104443,104422,104422,104422,104422,104422,104422,104422,104434,104444,104444,104444,104444,104444,104444,104141,812,101111,1040,101414,
104343,102222,103434,104343,102222,102222,103131,746,101414,104444,104444,104141,828,988,828,988,828,988,828,101414,104444,104141,828,988,828,988,828,988,828,101414,104444,104444,104444,104444,104444,104443,104120,820,101302,102234,103444,
104141,1032,101414,104141,1036,1036,101314,102244,103444,104444,104444,104141,836,1004,836,1004,836,1004,836,101414,104444,104141,836,1004,836,1004,836,1004,836,101414,104444,104444,104444,104444,104443,104120,741,742,743,101402,104434,
104141,1040,101414,104141,1044,1044,101414,104444,104444,104444,104444,104141,923,100214,102244,102244,102244,102041,923,101414,104444,104141,923,100214,102244,102244,102244,102041,923,101414,104444,104444,104444,104444,104141,754,749,750,751,754,101414,
104343,102222,103434,104343,102222,102222,103434,104444,104444,104444,104444,104141,931,101414,104444,104444,104444,104141,931,101414,104444,104141,931,101414,104444,104444,104444,104141,931,101414,104444,104444,104444,104444,104343,102020,749,750,751,100202,103434,
104141,1033,101414,104141,1037,1037,101413,104422,104434,104444,104444,104344,102244,103444,104444,104444,104444,104344,102244,103444,104444,104344,102244,103444,104444,104444,104444,104344,102244,103444,104444,104444,104443,104422,104131,754,749,750,751,754,101414,
104141,1041,101414,104141,1045,1045,101111,906,101414,104444,104444,104444,104444,104444,104444,104444,104444,104444,104444,104444,104444,104444,104444,104444,104444,104444,104444,104444,104444,104444,104444,104444,104141,906,101313,102020,749,750,751,100202,103434,
104343,102222,103434,104343,102222,102222,103131,914,101414,104444,104444,104444,104444,104444,104444,104444,104444,104444,104444,104444,104444,104444,104444,104444,104444,104444,104444,104444,104444,104444,104444,104444,104141,914,101111,754,749,750,751,754,101414,
104141,1034,101414,104141,1035,1036,101111,922,101414,104444,104444,104444,104444,104444,104444,104444,104444,104444,104444,104444,104444,104444,104444,104444,104444,104444,104444,104444,104444,104444,104444,104444,104141,922,101313,102020,749,750,751,100202,103434,
104141,1042,101414,104141,1043,1044,101314,102244,103443,104422,104434,104444,104444,104444,104443,104422,104434,104444,104444,104444,104444,104444,104444,104444,104443,104422,104434,104444,104444,104444,104443,104422,104334,102244,103141,754,749,750,751,754,101414,
104343,102222,103434,104344,102041,3024,101414,104444,104141,988,101414,104444,104444,104444,104141,988,101414,104444,104444,104444,104444,104444,104444,104444,104141,988,101414,104444,104444,104444,104141,988,101414,104444,104343,102020,749,750,751,100202,103434,
104141,4246,101414,104444,104141,3025,101413,104422,104131,1004,101414,104444,104444,104444,104141,1004,101402,104434,104444,104444,104444,104444,104444,104443,104120,1004,101414,104444,104444,104444,104141,1004,101413,104422,104131,754,749,750,751,754,101414,
104141,4254,101414,104444,104141,3026,101111,2788,101314,102244,103444,104444,104444,104444,104344,102041,2784,101414,104444,104444,104444,104444,104444,104141,2789,100214,103444,104444,104444,104444,104344,102244,103141,2784,101313,102020,749,750,751,100202,103434,
104141,4262,101414,104444,104344,102244,103141,2796,101402,104433,104422,104434,104444,104444,104443,104120,2792,101414,104444,104444,104444,104444,104444,104141,2797,101402,104434,104444,104444,104443,104422,104433,104120,2792,101111,754,749,750,751,754,101414,
104141,4245,101414,104444,104444,104444,104344,102041,778,101111,778,101414,104444,104444,104141,778,100214,103444,104444,104444,104444,104444,104444,104344,102041,778,101414,104444,104444,104141,778,101111,778,100214,103344,102041,757,758,759,100214,103444,
104141,4253,101414,104444,104444,104444,104444,104141,786,101111,786,101414,104444,104444,104141,786,101414,104444,104444,104444,104444,104444,104444,104444,104141,786,101414,104444,104444,104141,786,101111,786,101414,104444,104344,102041,754,100214,103444,104444,
104141,4261,101414,104444,104444,104444,104444,104344,102244,103344,102244,103444,104444,104444,104344,102244,103444,104444,104444,104444,104444,104444,104444,104444,104344,102244,103444,104444,104444,104344,102244,103344,102244,103444,104444,104444,104344,102244,103444,104444,104444,
104344,102244,103444,100000,104444,104444,104444,100000,100000,100000,100000,100000,100000,100000,100000,100000,100000,100000,100000,100000,100000,100000,100000,100000,100000,100000,100000,100000,100000,100000,100000,100000,100000,100000,100000,100000,100000,100000,100000,100000,100000,
[MAPLAYER_2_END]
[MAPLAYER_3_START]
100000,100000,100000,100000,100000,100000,100000,100000,100000,100000,100000,100000,100000,104443,104422,104422,104433,104422,104422,104434,104444,104443,104422,104422,104433,104422,104422,104434,100000,100000,100000,100000,100000,100000,100000,100000,100000,100000,100000,100000,100000,
100000,100000,100000,100000,100000,100000,100000,100000,100000,100000,100000,100000,100000,104141,3214,3214,101111,3214,3214,101414,104444,104141,3214,3214,101111,3214,3214,101414,100000,100000,100000,100000,100000,100000,100000,100000,100000,100000,100000,100000,100000,
100000,100000,100000,100000,100000,100000,100000,100000,100000,100000,100000,100000,100000,104141,3222,3222,101111,3222,3222,101413,104422,104131,3222,3222,101111,3222,3222,101414,100000,100000,100000,100000,100000,100000,100000,100000,100000,100000,100000,100000,100000,
100000,100000,100000,100000,100000,100000,100000,100000,100000,100000,100000,100000,100000,104141,3230,3230,101111,3230,3230,101111,812,101111,3230,3230,101111,3230,3230,101414,100000,100000,100000,100000,100000,100000,100000,100000,100000,100000,100000,100000,100000,
100000,100000,100000,100000,100000,100000,100000,100000,100000,100000,100000,100000,100000,104344,102244,102244,103344,102244,102244,103141,820,101314,102244,102244,103344,102244,102244,103444,100000,100000,100000,100000,100000,100000,100000,100000,100000,100000,100000,100000,100000,
100000,100000,100000,100000,100000,100000,100000,100000,104444,104444,104444,100000,100000,100000,100000,100000,100000,100000,100000,104344,102244,103444,100000,100000,100000,100000,100000,100000,100000,100000,100000,100000,100000,100000,100000,100000,100000,100000,100000,100000,100000,
100000,100000,100000,100000,100000,100000,100000,100000,104444,104444,104444,100000,100000,100000,100000,100000,100000,100000,100000,100000,100000,100000,100000,100000,100000,100000,100000,100000,100000,100000,100000,100000,100000,100000,100000,100000,100000,100000,100000,100000,100000,
100000,100000,100000,100000,100000,100000,100000,100000,104444,104444,104444,100000,100000,100000,100000,100000,100000,100000,100000,100000,100000,100000,100000,100000,100000,100000,100000,100000,100000,100000,100000,104443,104422,104422,104422,104434,100000,100000,100000,100000,100000,
100000,100000,100000,100000,100000,100000,100000,100000,100000,100000,100000,100000,100000,100000,100000,100000,100000,100000,100000,100000,100000,100000,100000,100000,100000,100000,100000,100000,100000,100000,100000,104141,976,995,977,101414,100000,100000,100000,100000,100000,
100000,100000,100000,100000,100000,100000,100000,100000,100000,100000,100000,100000,100000,100000,100000,100000,100000,100000,100000,100000,100000,100000,100000,100000,100000,100000,100000,100000,100000,100000,100000,104141,952,1003,958,101414,100000,100000,100000,100000,100000,
100000,100000,100000,100000,100000,100000,100000,100000,100000,100000,100000,100000,100000,100000,100000,100000,100000,100000,100000,100000,100000,100000,100000,100000,100000,100000,100000,100000,100000,100000,100000,104344,102244,102244,102244,103444,100000,100000,100000,100000,100000,
100000,100000,100000,100000,100000,100000,100000,100000,100000,100000,100000,100000,100000,100000,100000,100000,100000,100000,100000,100000,100000,100000,100000,100000,100000,100000,100000,100000,100000,100000,100000,100000,100000,100000,100000,100000,100000,100000,100000,100000,100000,
100000,100000,100000,100000,100000,100000,100000,100000,100000,100000,100000,100000,100000,100000,100000,100000,100000,104443,104422,104422,104422,104422,104422,104434,100000,100000,100000,100000,100000,100000,100000,100000,100000,100000,100000,100000,100000,100000,100000,100000,100000,
100000,100000,100000,100000,100000,100000,100000,100000,100000,100000,100000,100000,100000,100000,100000,100000,100000,104141,2204,2204,2204,2204,2204,101414,100000,100000,100000,100000,100000,100000,100000,100000,100000,100000,100000,100000,100000,100000,100000,100000,100000,
100000,100000,100000,100000,100000,100000,100000,100000,100000,100000,100000,100000,100000,100000,100000,100000,100000,104141,2212,2212,2212,2212,2212,101414,100000,100000,100000,100000,100000,100000,100000,100000,100000,100000,100000,100000,100000,100000,100000,100000,100000,
100000,100000,100000,100000,100000,100000,100000,100000,100000,100000,100000,100000,100000,100000,100000,100000,100000,104141,2220,2220,2220,2220,2220,101414,100000,100000,100000,100000,100000,100000,100000,100000,100000,100000,100000,100000,100000,100000,100000,100000,100000,
100000,100000,100000,100000,100000,100000,100000,100000,100000,100000,100000,100000,100000,100000,100000,100000,100000,104141,2228,2228,2228,2228,2228,101414,100000,100000,100000,100000,100000,100000,100000,100000,100000,100000,100000,100000,100000,100000,100000,100000,100000,
100000,100000,100000,100000,100000,100000,100000,100000,100000,100000,100000,100000,100000,100000,100000,100000,100000,104344,102244,102244,102244,102244,102244,103444,100000,100000,100000,100000,100000,100000,100000,100000,100000,100000,100000,100000,100000,100000,100000,100000,100000,
100000,100000,100000,100000,100000,100000,100000,100000,100000,100000,100000,100000,100000,100000,100000,100000,100000,100000,100000,100000,100000,100000,100000,100000,100000,100000,100000,100000,100000,100000,100000,100000,100000,100000,100000,100000,100000,100000,100000,100000,100000,
100000,100000,100000,100000,100000,100000,100000,100000,100000,100000,100000,100000,100000,100000,100000,100000,100000,100000,100000,100000,100000,100000,100000,100000,100000,100000,100000,100000,100000,100000,100000,100000,100000,100000,100000,100000,100000,100000,100000,100000,100000,
100000,100000,100000,100000,100000,100000,100000,100000,100000,100000,100000,100000,100000,100000,100000,100000,100000,100000,100000,100000,100000,100000,100000,100000,100000,100000,100000,100000,100000,100000,100000,100000,100000,100000,100000,100000,100000,100000,100000,100000,100000,
100000,100000,100000,100000,100000,100000,100000,100000,100000,100000,100000,100000,100000,100000,100000,100000,100000,100000,100000,100000,100000,100000,100000,100000,100000,100000,100000,100000,100000,100000,100000,100000,100000,100000,100000,100000,100000,100000,100000,100000,100000,
100000,100000,100000,100000,100000,100000,100000,100000,100000,100000,100000,100000,100000,100000,100000,100000,100000,100000,100000,100000,100000,100000,100000,100000,100000,100000,100000,100000,100000,100000,100000,100000,100000,100000,100000,100000,100000,100000,100000,100000,100000,
100000,100000,100000,100000,100000,100000,100000,100000,100000,100000,100000,100000,100000,100000,100000,100000,100000,100000,100000,100000,100000,100000,100000,100000,100000,100000,100000,100000,100000,100000,100000,100000,100000,100000,100000,100000,100000,100000,100000,100000,100000,
100000,100000,100000,100000,100000,100000,100000,100000,100000,100000,100000,100000,100000,100000,100000,100000,100000,100000,100000,100000,100000,100000,100000,100000,100000,100000,100000,100000,100000,100000,100000,100000,100000,100000,100000,100000,100000,100000,100000,100000,100000,
100000,100000,100000,100000,100000,100000,100000,100000,100000,100000,100000,100000,100000,100000,100000,100000,100000,100000,100000,100000,100000,100000,100000,100000,100000,100000,100000,100000,100000,100000,100000,100000,100000,100000,100000,100000,100000,100000,100000,100000,100000,
100000,100000,100000,100000,100000,100000,100000,100000,100000,100000,100000,100000,100000,100000,100000,100000,100000,100000,100000,100000,100000,100000,100000,100000,100000,100000,100000,100000,100000,100000,100000,100000,100000,100000,100000,100000,100000,100000,100000,100000,100000,
100000,100000,100000,100000,100000,100000,100000,100000,100000,100000,100000,100000,100000,100000,100000,100000,100000,100000,100000,100000,100000,100000,100000,100000,100000,100000,100000,100000,100000,100000,100000,100000,100000,100000,100000,100000,100000,100000,100000,100000,100000,
100000,100000,100000,100000,100000,100000,100000,100000,100000,100000,100000,100000,100000,100000,100000,100000,100000,100000,100000,100000,100000,100000,100000,100000,100000,100000,100000,100000,100000,100000,100000,100000,100000,100000,100000,100000,100000,100000,100000,100000,100000,
100000,100000,100000,100000,100000,100000,100000,100000,100000,100000,100000,100000,100000,100000,100000,100000,100000,100000,100000,100000,100000,100000,100000,100000,100000,100000,100000,100000,100000,100000,100000,100000,100000,100000,100000,100000,100000,100000,100000,100000,100000,
100000,100000,100000,100000,100000,100000,100000,100000,100000,100000,100000,100000,100000,100000,100000,100000,100000,100000,100000,100000,100000,100000,100000,100000,100000,100000,100000,100000,100000,100000,100000,100000,100000,100000,100000,100000,100000,100000,100000,100000,100000,
100000,100000,100000,100000,100000,100000,100000,100000,100000,100000,100000,100000,100000,100000,100000,100000,100000,100000,100000,100000,100000,100000,100000,100000,100000,100000,100000,100000,100000,100000,100000,100000,100000,100000,100000,100000,100000,100000,100000,100000,100000,
104443,104422,104422,104422,104422,104422,104434,100000,100000,100000,100000,100000,100000,100000,100000,100000,100000,100000,100000,100000,100000,100000,100000,100000,100000,100000,100000,100000,100000,100000,100000,100000,100000,100000,100000,100000,100000,100000,100000,100000,100000,
104141,988,3214,3214,3214,988,101414,100000,100000,100000,100000,100000,100000,100000,100000,100000,100000,100000,100000,100000,100000,100000,100000,100000,100000,100000,100000,100000,100000,100000,100000,100000,100000,100000,100000,100000,100000,100000,100000,100000,100000,
104141,1004,3222,3222,3222,1004,101414,100000,100000,100000,100000,100000,100000,100000,100000,100000,100000,100000,100000,100000,100000,100000,100000,100000,100000,100000,100000,100000,100000,100000,100000,100000,100000,100000,100000,100000,100000,100000,100000,100000,100000,
104141,886,887,882,883,100214,103444,100000,100000,100000,100000,100000,100000,100000,100000,100000,100000,100000,100000,100000,100000,100000,100000,100000,100000,100000,100000,100000,100000,100000,100000,100000,100000,100000,100000,100000,100000,100000,100000,100000,100000,
104344,102244,102243,102222,102222,103434,100000,100000,100000,100000,100000,100000,100000,100000,100000,100000,100000,100000,100000,100000,100000,100000,100000,100000,100000,104443,104422,104434,100000,100000,100000,100000,100000,100000,100000,100000,100000,100000,100000,100000,100000,
104443,104422,104120,884,885,101414,100000,100000,100000,100000,100000,100000,100000,100000,100000,100000,100000,100000,100000,100000,100000,100000,100000,100000,100000,104141,995,101414,100000,100000,100000,100000,100000,100000,100000,100000,100000,100000,100000,100000,100000,
104141,882,883,892,893,101414,100000,100000,100000,100000,100000,100000,100000,100000,100000,100000,100000,100000,100000,100000,100000,100000,100000,100000,100000,104141,1003,101414,100000,100000,100000,100000,100000,100000,100000,100000,100000,100000,100000,100000,100000,
104141,882,883,900,901,101402,104434,100000,100000,100000,100000,100000,100000,100000,100000,100000,100000,100000,100000,100000,100000,100000,100000,100000,100000,104344,102244,103444,100000,100000,100000,100000,100000,100000,100000,100000,100000,100000,100000,100000,100000,
104141,890,891,100000,880,881,101414,100000,100000,100000,100000,100000,100000,100000,100000,100000,100000,100000,100000,100000,100000,100000,100000,100000,100000,100000,100000,100000,100000,100000,100000,100000,100000,100000,100000,100000,100000,100000,100000,100000,100000,
104141,898,899,877,880,881,101414,100000,100000,100000,100000,100000,100000,100000,100000,100000,100000,100000,100000,100000,100000,100000,100000,100000,100000,100000,100000,100000,100000,100000,100000,100000,100000,100000,100000,100000,100000,100000,100000,100000,100000,
104141,866,866,100011,888,889,101414,100000,100000,100000,100000,100000,100000,100000,100000,100000,100000,100000,100000,100000,100000,100000,100000,100000,100000,100000,100000,100000,100000,100000,100000,100000,100000,100000,100000,100000,100000,100000,100000,100000,100000,
104141,866,100214,103141,886,887,101414,100000,100000,100000,100000,100000,100000,100000,100000,100000,100000,100000,100000,100000,100000,100000,100000,100000,100000,100000,100000,100000,100000,100000,100000,100000,100000,100000,100000,100000,100000,100000,100000,100000,100000,
104344,102244,103444,104141,894,895,101414,100000,100000,100000,100000,100000,100000,100000,100000,100000,100000,100000,100000,100000,100000,100000,100000,100000,100000,100000,100000,100000,100000,100000,100000,100000,100000,100000,100000,100000,100000,100000,100000,100000,100000,
100000,100000,100000,104141,1869,1870,101414,100000,100000,100000,100000,100000,100000,100000,100000,100000,100000,100000,100000,100000,100000,100000,100000,100000,100000,100000,100000,100000,100000,100000,100000,100000,100000,100000,100000,104443,104422,104434,100000,100000,100000,
100000,100000,100000,104141,1877,1878,101414,100000,100000,100000,100000,100000,100000,100000,100000,100000,100000,100000,100000,100000,100000,100000,100000,100000,100000,100000,100000,100000,100000,100000,100000,100000,100000,100000,100000,104141,995,101414,100000,100000,100000,
104443,104422,104434,104344,102243,102222,103434,100000,100000,100000,100000,100000,100000,100000,100000,100000,100000,100000,100000,100000,100000,100000,100000,100000,100000,100000,100000,100000,100000,100000,100000,100000,100000,100000,100000,104141,1003,101414,100000,100000,100000,
104141,907,101414,100000,104141,907,101414,100000,100000,100000,100000,100000,100000,100000,100000,100000,100000,100000,100000,100000,100000,100000,100000,100000,100000,100000,100000,100000,100000,100000,100000,100000,100000,100000,100000,104343,102222,103434,100000,100000,100000,
104141,915,101414,100000,104141,915,101414,100000,100000,100000,100000,100000,100000,100000,100000,100000,100000,100000,100000,100000,100000,100000,100000,100000,100000,100000,100000,100000,100000,100000,100000,100000,100000,100000,100000,104141,4154,101414,100000,100000,100000,
104344,102244,103444,100000,104344,102244,103444,104444,104444,100000,100000,100000,100000,100000,100000,100000,100000,100000,100000,100000,100000,100000,100000,100000,100000,100000,100000,100000,100000,100000,100000,100000,100000,100000,100000,104344,102244,103444,100000,100000,100000,
100000,100000,100000,100000,100000,100000,104444,104444,104444,100000,100000,100000,100000,100000,100000,100000,100000,100000,100000,100000,100000,100000,100000,100000,100000,100000,100000,100000,100000,100000,100000,100000,100000,100000,100000,100000,100000,100000,100000,100000,100000,
100000,100000,100000,100000,100000,100000,104444,104444,104444,100000,100000,100000,100000,100000,100000,100000,100000,100000,100000,100000,100000,100000,100000,100000,100000,100000,100000,100000,100000,100000,100000,100000,100000,100000,100000,100000,100000,100000,100000,100000,100000,
100000,100000,100000,100000,100000,100000,100000,100000,100000,100000,100000,100000,100000,100000,100000,100000,100000,100000,100000,100000,100000,100000,100000,100000,100000,100000,100000,100000,100000,100000,100000,100000,100000,100000,100000,100000,100000,100000,100000,100000,100000,
100000,100000,100000,100000,100000,100000,100000,100000,100000,100000,100000,100000,100000,100000,100000,100000,100000,100000,100000,100000,100000,100000,100000,100000,100000,100000,100000,100000,100000,100000,100000,100000,100000,100000,100000,100000,100000,100000,100000,100000,100000,
100000,100000,100000,100000,100000,100000,100000,100000,100000,100000,100000,100000,100000,100000,100000,100000,100000,100000,100000,100000,100000,100000,100000,100000,100000,100000,100000,100000,100000,100000,100000,100000,100000,100000,100000,100000,100000,100000,100000,100000,100000,
100000,100000,100000,100000,100000,100000,100000,100000,100000,100000,100000,100000,100000,100000,100000,100000,100000,100000,100000,100000,100000,100000,100000,100000,100000,100000,100000,100000,100000,100000,100000,100000,100000,100000,100000,100000,100000,100000,100000,100000,100000,
100000,100000,100000,100000,100000,100000,100000,100000,100000,100000,100000,100000,100000,100000,100000,100000,100000,100000,100000,100000,100000,100000,100000,100000,100000,100000,100000,100000,100000,100000,100000,100000,100000,100000,100000,100000,100000,100000,100000,100000,100000,
100000,100000,100000,100000,100000,100000,100000,100000,100000,100000,100000,100000,100000,100000,100000,100000,100000,100000,100000,100000,100000,100000,100000,100000,100000,100000,100000,100000,100000,100000,100000,100000,100000,100000,100000,100000,100000,100000,100000,100000,100000,
100000,100000,100000,100000,100000,100000,100000,100000,100000,100000,100000,100000,100000,100000,100000,100000,100000,100000,100000,100000,100000,100000,100000,100000,100000,100000,100000,100000,100000,100000,100000,100000,100000,100000,104444,104444,104443,104422,104422,104434,104444,
100000,100000,100000,100000,100000,100000,100000,100000,100000,100000,100000,100000,100000,100000,100000,100000,100000,100000,100000,100000,100000,100000,100000,100000,100000,100000,100000,100000,100000,100000,100000,100000,100000,100000,104444,104444,104141,3211,3211,101414,104444,
100000,100000,100000,104443,104422,104422,104434,100000,100000,100000,100000,100000,100000,100000,100000,100000,100000,100000,100000,100000,100000,100000,100000,100000,100000,100000,100000,100000,100000,100000,100000,100000,100000,100000,104444,104444,104141,3219,3219,101414,104444,
100000,100000,100000,104141,1035,1035,101414,100000,100000,100000,100000,100000,100000,100000,100000,100000,100000,100000,100000,100000,100000,100000,100000,100000,100000,100000,100000,100000,100000,100000,100000,100000,100000,100000,104444,104444,104141,3227,3227,101414,104444,
100000,100000,100000,104344,102244,102244,103444,100000,100000,100000,100000,100000,100000,100000,100000,100000,100000,100000,100000,100000,100000,100000,100000,100000,100000,100000,100000,100000,100000,100000,100000,100000,100000,100000,104444,104444,104344,102244,102244,103444,104444,
100000,100000,100000,100000,100000,100000,100000,100000,100000,100000,100000,100000,100000,100000,100000,100000,100000,100000,100000,100000,100000,100000,100000,100000,100000,100000,100000,100000,100000,100000,100000,100000,100000,100000,100000,100000,104443,104422,104434,100000,100000,
100000,100000,100000,100000,100000,100000,100000,100000,100000,100000,100000,100000,100000,100000,100000,100000,100000,100000,100000,100000,100000,100000,100000,100000,100000,100000,100000,100000,100000,100000,100000,100000,100000,100000,100000,100000,104141,976,101402,104434,100000,
100000,100000,100000,100000,100000,100000,100000,100000,100000,100000,100000,100000,100000,100000,100000,100000,100000,100000,100000,100000,100000,100000,100000,100000,100000,100000,100000,100000,100000,100000,100000,100000,100000,100000,100000,100000,104141,996,978,101414,100000,
100000,100000,100000,100000,100000,100000,100000,100000,100000,100000,100000,100000,100000,100000,100000,100000,100000,100000,100000,100000,100000,100000,100000,100000,100000,100000,100000,100000,100000,100000,100000,100000,100000,100000,100000,104443,104120,1004,100214,103444,100000,
100000,100000,100000,100000,100000,100000,100000,100000,100000,100000,100000,100000,100000,100000,100000,100000,100000,100000,100000,100000,100000,100000,100000,100000,100000,100000,100000,100000,100000,100000,100000,100000,100000,100000,100000,104141,986,100202,103434,100000,100000,
100000,100000,100000,100000,100000,100000,100000,100000,100000,100000,100000,100000,100000,100000,100000,100000,100000,100000,100000,100000,100000,100000,100000,100000,100000,100000,100000,100000,100000,100000,100000,100000,100000,100000,100000,104344,102041,996,101414,100000,100000,
100000,100000,100000,100000,100000,100000,100000,100000,100000,100000,100000,100000,100000,100000,100000,100000,100000,100000,100000,100000,100000,100000,100000,100000,100000,100000,100000,100000,100000,100000,100000,100000,100000,100000,100000,104443,104120,1004,101414,100000,100000,
100000,100000,100000,100000,100000,100000,100000,100000,100000,100000,100000,100000,100000,100000,100000,100000,100000,100000,100000,100000,100000,100000,100000,100000,100000,100000,100000,100000,100000,100000,100000,100000,100000,100000,100000,104141,978,100214,103444,100000,100000,
100000,100000,100000,100000,100000,100000,100000,100000,100000,100000,100000,100000,100000,100000,100000,100000,100000,100000,100000,100000,100000,100000,100000,100000,100000,100000,100000,100000,100000,100000,100000,100000,100000,100000,100000,104141,4153,101402,104434,100000,100000,
100000,100000,100000,100000,100000,100000,100000,100000,100000,100000,100000,100000,100000,100000,100000,100000,100000,100000,100000,100000,100000,100000,100000,100000,100000,100000,100000,100000,100000,100000,100000,100000,100000,100000,100000,104344,102041,996,101402,104434,100000,
100000,100000,100000,100000,100000,100000,100000,100000,100000,100000,100000,100000,100000,100000,100000,100000,100000,100000,100000,100000,100000,100000,100000,100000,100000,100000,100000,100000,100000,100000,100000,100000,100000,100000,100000,104443,104120,1004,978,101414,100000,
100000,100000,100000,100000,100000,100000,100000,100000,100000,100000,100000,100000,100000,100000,100000,100000,100000,100000,100000,100000,100000,100000,100000,100000,100000,100000,100000,100000,100000,100000,100000,100000,100000,100000,100000,104141,1009,100202,102222,103434,100000,
100000,100000,100000,100000,100000,100000,100000,100000,100000,100000,100000,100000,100000,100000,100000,100000,100000,100000,100000,100000,100000,100000,100000,100000,100000,100000,100000,100000,100000,100000,100000,100000,100000,100000,100000,104141,3108,954,3110,101414,100000,
100000,100000,100000,100000,100000,100000,100000,100000,100000,100000,100000,100000,100000,100000,100000,100000,100000,100000,100000,100000,100000,100000,100000,100000,100000,100000,100000,100000,100000,100000,100000,100000,100000,100000,100000,104141,3116,953,3118,101414,100000,
100000,100000,100000,100000,100000,100000,100000,100000,100000,100000,100000,100000,100000,100000,100000,100000,100000,100000,100000,100000,100000,100000,100000,100000,100000,100000,100000,100000,100000,100000,100000,100000,100000,100000,100000,104344,102244,102244,102244,103444,100000,
100000,100000,100000,100000,100000,100000,100000,100000,100000,100000,100000,100000,100000,100000,100000,100000,100000,100000,100000,100000,100000,100000,100000,100000,100000,100000,100000,100000,100000,100000,100000,100000,100000,100000,100000,100000,100000,100000,100000,100000,100000,
100000,100000,100000,100000,100000,100000,100000,100000,100000,100000,100000,100000,100000,100000,100000,100000,100000,100000,100000,100000,100000,100000,100000,100000,100000,100000,100000,100000,100000,100000,100000,100000,100000,100000,100000,100000,100000,100000,100000,100000,100000,
[MAPLAYER_3_END]
[--MAP_END--]
----------
[EVENTDATA_TEXT_OUTPUT]
EVENT_NUM=51
-----
EVENT_ID=0
EVENT_NAME=CharaChip/王様.png
EVENT_X=20
EVENT_Y=4
EVENT_PAGE=1
OPTION_DATA_NUM=0
EVENT_PAGE_NUM=1
EVENT_PAGE=0
EVENT_TILE_ID=-1
GRAPHIC_FILENAME=CharaChip/王様.png
EVENT_DIRECTION=2
EVENT_PATTERN=1
EVENT_OPACITY=255
EVENT_BLENDTYPE=0
EVENT_TRIGGER_TYPE=0
EVENT_CONDITION_0_USE=32
EVENT_CONDITION_TARGET_0=1000000
EVENT_CONDITION_VALUE_0=0
EVENT_CONDITION_1_USE=32
EVENT_CONDITION_TARGET_1=1000000
EVENT_CONDITION_VALUE_1=0
EVENT_CONDITION_2_USE=32
EVENT_CONDITION_TARGET_2=1000000
EVENT_CONDITION_VALUE_2=0
EVENT_CONDITION_3_USE=32
EVENT_CONDITION_TARGET_3=1000000
EVENT_CONDITION_VALUE_3=0
ANIME_SPEED=3
MOVE_SPEED=3
MOVE_FREQUENCY=3
MOVE_TYPE=0
CHARA_OPTION_FLAG=34
ROUTE_OPTION_FLAG=2
ROUTE_COMMAND_NUM=0
OPTION_VAL_NUM=3
OPTION_VAL_0=1
OPTION_VAL_1=0
OPTION_VAL_2=0
COMMAND_NUM=2
--
WoditorEvCOMMAND_START
[101][0,1]<0>()("@26<\n>さぁ、\s[23]よ、\s[22]をぶっ殺すのじゃ")
[0][0,0]<0>()()
WoditorEvCOMMAND_END
--
[COMMAND_TEXT_START]
■文章:@26\nさぁ、\s[23]よ、\s[22]をぶっ殺すのじゃ
■
[COMMAND_TEXT_END]
-----
EVENT_ID=1
EVENT_NAME=CharaChip/剣士.png
EVENT_X=18
EVENT_Y=4
EVENT_PAGE=1
OPTION_DATA_NUM=0
EVENT_PAGE_NUM=1
EVENT_PAGE=0
EVENT_TILE_ID=-1
GRAPHIC_FILENAME=CharaChip/剣士.png
EVENT_DIRECTION=2
EVENT_PATTERN=1
EVENT_OPACITY=255
EVENT_BLENDTYPE=0
EVENT_TRIGGER_TYPE=0
EVENT_CONDITION_0_USE=32
EVENT_CONDITION_TARGET_0=1000000
EVENT_CONDITION_VALUE_0=0
EVENT_CONDITION_1_USE=32
EVENT_CONDITION_TARGET_1=1000000
EVENT_CONDITION_VALUE_1=0
EVENT_CONDITION_2_USE=32
EVENT_CONDITION_TARGET_2=1000000
EVENT_CONDITION_VALUE_2=0
EVENT_CONDITION_3_USE=32
EVENT_CONDITION_TARGET_3=1000000
EVENT_CONDITION_VALUE_3=0
ANIME_SPEED=3
MOVE_SPEED=3
MOVE_FREQUENCY=3
MOVE_TYPE=0
CHARA_OPTION_FLAG=35
ROUTE_OPTION_FLAG=2
ROUTE_COMMAND_NUM=0
OPTION_VAL_NUM=3
OPTION_VAL_0=0
OPTION_VAL_1=0
OPTION_VAL_2=0
COMMAND_NUM=2
--
WoditorEvCOMMAND_START
[101][0,1]<0>()("ここにいるからと行ってそこまで高い身分でも<\n>ないよ")
[0][0,0]<0>()()
WoditorEvCOMMAND_END
--
[COMMAND_TEXT_START]
■文章:ここにいるからと行ってそこまで高い身分でも\nないよ
■
[COMMAND_TEXT_END]
-----
EVENT_ID=2
EVENT_NAME=CharaChip/剣士.png
EVENT_X=22
EVENT_Y=4
EVENT_PAGE=1
OPTION_DATA_NUM=0
EVENT_PAGE_NUM=1
EVENT_PAGE=0
EVENT_TILE_ID=-1
GRAPHIC_FILENAME=CharaChip/剣士.png
EVENT_DIRECTION=2
EVENT_PATTERN=1
EVENT_OPACITY=255
EVENT_BLENDTYPE=0
EVENT_TRIGGER_TYPE=0
EVENT_CONDITION_0_USE=32
EVENT_CONDITION_TARGET_0=1000000
EVENT_CONDITION_VALUE_0=0
EVENT_CONDITION_1_USE=32
EVENT_CONDITION_TARGET_1=1000000
EVENT_CONDITION_VALUE_1=0
EVENT_CONDITION_2_USE=32
EVENT_CONDITION_TARGET_2=1000000
EVENT_CONDITION_VALUE_2=0
EVENT_CONDITION_3_USE=32
EVENT_CONDITION_TARGET_3=1000000
EVENT_CONDITION_VALUE_3=0
ANIME_SPEED=3
MOVE_SPEED=3
MOVE_FREQUENCY=3
MOVE_TYPE=0
CHARA_OPTION_FLAG=38
ROUTE_OPTION_FLAG=2
ROUTE_COMMAND_NUM=0
OPTION_VAL_NUM=3
OPTION_VAL_0=0
OPTION_VAL_1=0
OPTION_VAL_2=0
COMMAND_NUM=2
--
WoditorEvCOMMAND_START
[101][0,1]<0>()("Zzz...\.\.\.\.<\n>Zzzz...\.\.\.\.<\n>(目を開けながら寝ているようだ。)")
[0][0,0]<0>()()
WoditorEvCOMMAND_END
--
[COMMAND_TEXT_START]
■文章:Zzz...\.\.\.\.\nZzzz...\.\.\.\.\n(目を開けながら寝ているようだ。)
■
[COMMAND_TEXT_END]
-----
EVENT_ID=3
EVENT_NAME=
EVENT_X=13
EVENT_Y=3
EVENT_PAGE=1
OPTION_DATA_NUM=0
EVENT_PAGE_NUM=1
EVENT_PAGE=0
EVENT_TILE_ID=-1
GRAPHIC_FILENAME=
EVENT_DIRECTION=2
EVENT_PATTERN=1
EVENT_OPACITY=255
EVENT_BLENDTYPE=0
EVENT_TRIGGER_TYPE=0
EVENT_CONDITION_0_USE=32
EVENT_CONDITION_TARGET_0=1000000
EVENT_CONDITION_VALUE_0=0
EVENT_CONDITION_1_USE=32
EVENT_CONDITION_TARGET_1=1000000
EVENT_CONDITION_VALUE_1=0
EVENT_CONDITION_2_USE=32
EVENT_CONDITION_TARGET_2=1000000
EVENT_CONDITION_VALUE_2=0
EVENT_CONDITION_3_USE=32
EVENT_CONDITION_TARGET_3=1000000
EVENT_CONDITION_VALUE_3=0
ANIME_SPEED=3
MOVE_SPEED=3
MOVE_FREQUENCY=3
MOVE_TYPE=0
CHARA_OPTION_FLAG=35
ROUTE_OPTION_FLAG=2
ROUTE_COMMAND_NUM=0
OPTION_VAL_NUM=3
OPTION_VAL_0=0
OPTION_VAL_1=0
OPTION_VAL_2=0
COMMAND_NUM=2
--
WoditorEvCOMMAND_START
[130][5,0]<0>(-1,0,0,0,0)()
[0][0,0]<0>()()
WoditorEvCOMMAND_END
--
[COMMAND_TEXT_START]
■場所移動：主人公 ▲マップID0[InitialMap] X:0 Y:0  [ﾄﾗﾝｼﾞｼｮﾝなし]
■
[COMMAND_TEXT_END]
-----
EVENT_ID=4
EVENT_NAME=
EVENT_X=22
EVENT_Y=80
EVENT_PAGE=1
OPTION_DATA_NUM=0
EVENT_PAGE_NUM=1
EVENT_PAGE=0
EVENT_TILE_ID=-1
GRAPHIC_FILENAME=
EVENT_DIRECTION=2
EVENT_PATTERN=1
EVENT_OPACITY=255
EVENT_BLENDTYPE=0
EVENT_TRIGGER_TYPE=4
EVENT_CONDITION_0_USE=32
EVENT_CONDITION_TARGET_0=1000000
EVENT_CONDITION_VALUE_0=0
EVENT_CONDITION_1_USE=32
EVENT_CONDITION_TARGET_1=1000000
EVENT_CONDITION_VALUE_1=0
EVENT_CONDITION_2_USE=32
EVENT_CONDITION_TARGET_2=1000000
EVENT_CONDITION_VALUE_2=0
EVENT_CONDITION_3_USE=32
EVENT_CONDITION_TARGET_3=1000000
EVENT_CONDITION_VALUE_3=0
ANIME_SPEED=3
MOVE_SPEED=3
MOVE_FREQUENCY=3
MOVE_TYPE=0
CHARA_OPTION_FLAG=163
ROUTE_OPTION_FLAG=2
ROUTE_COMMAND_NUM=0
OPTION_VAL_NUM=3
OPTION_VAL_0=0
OPTION_VAL_1=1
OPTION_VAL_2=0
COMMAND_NUM=3
--
WoditorEvCOMMAND_START
[140][7,0]<0>(4384,0,0,0,0,0,0)()
[130][5,0]<0>(-1,49,7,46,32)()
[0][0,0]<0>()()
WoditorEvCOMMAND_END
--
[COMMAND_TEXT_START]
■サウンド：SE17「ドア開け」(0 ﾁｬﾝﾈﾙ) 再生 / 遅延：0ﾌﾚｰﾑ
■場所移動：主人公 ▲マップID46[] X:49 Y:7  [ﾄﾗﾝｼﾞｼｮﾝ + 暗転有り]
■
[COMMAND_TEXT_END]
-----
EVENT_ID=5
EVENT_NAME=
EVENT_X=27
EVENT_Y=3
EVENT_PAGE=1
OPTION_DATA_NUM=0
EVENT_PAGE_NUM=1
EVENT_PAGE=0
EVENT_TILE_ID=-1
GRAPHIC_FILENAME=
EVENT_DIRECTION=2
EVENT_PATTERN=1
EVENT_OPACITY=255
EVENT_BLENDTYPE=0
EVENT_TRIGGER_TYPE=0
EVENT_CONDITION_0_USE=32
EVENT_CONDITION_TARGET_0=1000000
EVENT_CONDITION_VALUE_0=0
EVENT_CONDITION_1_USE=32
EVENT_CONDITION_TARGET_1=1000000
EVENT_CONDITION_VALUE_1=0
EVENT_CONDITION_2_USE=32
EVENT_CONDITION_TARGET_2=1000000
EVENT_CONDITION_VALUE_2=0
EVENT_CONDITION_3_USE=32
EVENT_CONDITION_TARGET_3=1000000
EVENT_CONDITION_VALUE_3=0
ANIME_SPEED=3
MOVE_SPEED=3
MOVE_FREQUENCY=3
MOVE_TYPE=0
CHARA_OPTION_FLAG=35
ROUTE_OPTION_FLAG=2
ROUTE_COMMAND_NUM=0
OPTION_VAL_NUM=3
OPTION_VAL_0=0
OPTION_VAL_1=0
OPTION_VAL_2=0
COMMAND_NUM=2
--
WoditorEvCOMMAND_START
[260][3,3]<0>(1,-4,354)("https://www.youtube.com/watch?v=dQw4w9WgXcQ","","")
[0][0,0]<0>()()
WoditorEvCOMMAND_END
--
[COMMAND_TEXT_START]
■ダウンロード：URL[ https://www.youtube.com/watch?v=dQw4w9WgXcQ ]  => [ [Pro] URLをブラウザで開く ] 
■
[COMMAND_TEXT_END]
-----
EVENT_ID=6
EVENT_NAME=
EVENT_X=32
EVENT_Y=2
EVENT_PAGE=1
OPTION_DATA_NUM=0
EVENT_PAGE_NUM=1
EVENT_PAGE=0
EVENT_TILE_ID=810
GRAPHIC_FILENAME=
EVENT_DIRECTION=2
EVENT_PATTERN=1
EVENT_OPACITY=255
EVENT_BLENDTYPE=0
EVENT_TRIGGER_TYPE=0
EVENT_CONDITION_0_USE=32
EVENT_CONDITION_TARGET_0=1000000
EVENT_CONDITION_VALUE_0=0
EVENT_CONDITION_1_USE=32
EVENT_CONDITION_TARGET_1=1000000
EVENT_CONDITION_VALUE_1=0
EVENT_CONDITION_2_USE=32
EVENT_CONDITION_TARGET_2=1000000
EVENT_CONDITION_VALUE_2=0
EVENT_CONDITION_3_USE=32
EVENT_CONDITION_TARGET_3=1000000
EVENT_CONDITION_VALUE_3=0
ANIME_SPEED=3
MOVE_SPEED=3
MOVE_FREQUENCY=3
MOVE_TYPE=0
CHARA_OPTION_FLAG=227
ROUTE_OPTION_FLAG=2
ROUTE_COMMAND_NUM=0
OPTION_VAL_NUM=3
OPTION_VAL_0=1
OPTION_VAL_1=0
OPTION_VAL_2=0
COMMAND_NUM=1
--
WoditorEvCOMMAND_START
[0][0,0]<0>()()
WoditorEvCOMMAND_END
--
[COMMAND_TEXT_START]
■
[COMMAND_TEXT_END]
-----
EVENT_ID=7
EVENT_NAME=
EVENT_X=7
EVENT_Y=3
EVENT_PAGE=1
OPTION_DATA_NUM=0
EVENT_PAGE_NUM=1
EVENT_PAGE=0
EVENT_TILE_ID=832
GRAPHIC_FILENAME=
EVENT_DIRECTION=2
EVENT_PATTERN=1
EVENT_OPACITY=255
EVENT_BLENDTYPE=0
EVENT_TRIGGER_TYPE=0
EVENT_CONDITION_0_USE=32
EVENT_CONDITION_TARGET_0=1000000
EVENT_CONDITION_VALUE_0=0
EVENT_CONDITION_1_USE=32
EVENT_CONDITION_TARGET_1=1000000
EVENT_CONDITION_VALUE_1=0
EVENT_CONDITION_2_USE=32
EVENT_CONDITION_TARGET_2=1000000
EVENT_CONDITION_VALUE_2=0
EVENT_CONDITION_3_USE=32
EVENT_CONDITION_TARGET_3=1000000
EVENT_CONDITION_VALUE_3=0
ANIME_SPEED=3
MOVE_SPEED=3
MOVE_FREQUENCY=3
MOVE_TYPE=0
CHARA_OPTION_FLAG=163
ROUTE_OPTION_FLAG=2
ROUTE_COMMAND_NUM=0
OPTION_VAL_NUM=3
OPTION_VAL_0=1
OPTION_VAL_1=0
OPTION_VAL_2=0
COMMAND_NUM=1
--
WoditorEvCOMMAND_START
[0][0,0]<0>()()
WoditorEvCOMMAND_END
--
[COMMAND_TEXT_START]
■
[COMMAND_TEXT_END]
-----
EVENT_ID=8
EVENT_NAME=
EVENT_X=8
EVENT_Y=3
EVENT_PAGE=1
OPTION_DATA_NUM=0
EVENT_PAGE_NUM=1
EVENT_PAGE=0
EVENT_TILE_ID=833
GRAPHIC_FILENAME=
EVENT_DIRECTION=2
EVENT_PATTERN=1
EVENT_OPACITY=255
EVENT_BLENDTYPE=0
EVENT_TRIGGER_TYPE=0
EVENT_CONDITION_0_USE=32
EVENT_CONDITION_TARGET_0=1000000
EVENT_CONDITION_VALUE_0=0
EVENT_CONDITION_1_USE=32
EVENT_CONDITION_TARGET_1=1000000
EVENT_CONDITION_VALUE_1=0
EVENT_CONDITION_2_USE=32
EVENT_CONDITION_TARGET_2=1000000
EVENT_CONDITION_VALUE_2=0
EVENT_CONDITION_3_USE=32
EVENT_CONDITION_TARGET_3=1000000
EVENT_CONDITION_VALUE_3=0
ANIME_SPEED=3
MOVE_SPEED=3
MOVE_FREQUENCY=3
MOVE_TYPE=0
CHARA_OPTION_FLAG=163
ROUTE_OPTION_FLAG=2
ROUTE_COMMAND_NUM=0
OPTION_VAL_NUM=3
OPTION_VAL_0=1
OPTION_VAL_1=0
OPTION_VAL_2=0
COMMAND_NUM=1
--
WoditorEvCOMMAND_START
[0][0,0]<0>()()
WoditorEvCOMMAND_END
--
[COMMAND_TEXT_START]
■
[COMMAND_TEXT_END]
-----
EVENT_ID=9
EVENT_NAME=
EVENT_X=9
EVENT_Y=3
EVENT_PAGE=1
OPTION_DATA_NUM=0
EVENT_PAGE_NUM=1
EVENT_PAGE=0
EVENT_TILE_ID=834
GRAPHIC_FILENAME=
EVENT_DIRECTION=2
EVENT_PATTERN=1
EVENT_OPACITY=255
EVENT_BLENDTYPE=0
EVENT_TRIGGER_TYPE=0
EVENT_CONDITION_0_USE=32
EVENT_CONDITION_TARGET_0=1000000
EVENT_CONDITION_VALUE_0=0
EVENT_CONDITION_1_USE=32
EVENT_CONDITION_TARGET_1=1000000
EVENT_CONDITION_VALUE_1=0
EVENT_CONDITION_2_USE=32
EVENT_CONDITION_TARGET_2=1000000
EVENT_CONDITION_VALUE_2=0
EVENT_CONDITION_3_USE=32
EVENT_CONDITION_TARGET_3=1000000
EVENT_CONDITION_VALUE_3=0
ANIME_SPEED=3
MOVE_SPEED=3
MOVE_FREQUENCY=3
MOVE_TYPE=0
CHARA_OPTION_FLAG=163
ROUTE_OPTION_FLAG=2
ROUTE_COMMAND_NUM=0
OPTION_VAL_NUM=3
OPTION_VAL_0=1
OPTION_VAL_1=0
OPTION_VAL_2=0
COMMAND_NUM=1
--
WoditorEvCOMMAND_START
[0][0,0]<0>()()
WoditorEvCOMMAND_END
--
[COMMAND_TEXT_START]
■
[COMMAND_TEXT_END]
-----
EVENT_ID=10
EVENT_NAME=
EVENT_X=7
EVENT_Y=4
EVENT_PAGE=1
OPTION_DATA_NUM=0
EVENT_PAGE_NUM=1
EVENT_PAGE=0
EVENT_TILE_ID=840
GRAPHIC_FILENAME=
EVENT_DIRECTION=2
EVENT_PATTERN=1
EVENT_OPACITY=255
EVENT_BLENDTYPE=0
EVENT_TRIGGER_TYPE=0
EVENT_CONDITION_0_USE=32
EVENT_CONDITION_TARGET_0=1000000
EVENT_CONDITION_VALUE_0=0
EVENT_CONDITION_1_USE=32
EVENT_CONDITION_TARGET_1=1000000
EVENT_CONDITION_VALUE_1=0
EVENT_CONDITION_2_USE=32
EVENT_CONDITION_TARGET_2=1000000
EVENT_CONDITION_VALUE_2=0
EVENT_CONDITION_3_USE=32
EVENT_CONDITION_TARGET_3=1000000
EVENT_CONDITION_VALUE_3=0
ANIME_SPEED=3
MOVE_SPEED=3
MOVE_FREQUENCY=3
MOVE_TYPE=0
CHARA_OPTION_FLAG=187
ROUTE_OPTION_FLAG=2
ROUTE_COMMAND_NUM=0
OPTION_VAL_NUM=3
OPTION_VAL_0=1
OPTION_VAL_1=0
OPTION_VAL_2=0
COMMAND_NUM=1
--
WoditorEvCOMMAND_START
[0][0,0]<0>()()
WoditorEvCOMMAND_END
--
[COMMAND_TEXT_START]
■
[COMMAND_TEXT_END]
-----
EVENT_ID=11
EVENT_NAME=
EVENT_X=8
EVENT_Y=4
EVENT_PAGE=1
OPTION_DATA_NUM=0
EVENT_PAGE_NUM=1
EVENT_PAGE=0
EVENT_TILE_ID=841
GRAPHIC_FILENAME=
EVENT_DIRECTION=2
EVENT_PATTERN=1
EVENT_OPACITY=255
EVENT_BLENDTYPE=0
EVENT_TRIGGER_TYPE=0
EVENT_CONDITION_0_USE=32
EVENT_CONDITION_TARGET_0=1000000
EVENT_CONDITION_VALUE_0=0
EVENT_CONDITION_1_USE=32
EVENT_CONDITION_TARGET_1=1000000
EVENT_CONDITION_VALUE_1=0
EVENT_CONDITION_2_USE=32
EVENT_CONDITION_TARGET_2=1000000
EVENT_CONDITION_VALUE_2=0
EVENT_CONDITION_3_USE=32
EVENT_CONDITION_TARGET_3=1000000
EVENT_CONDITION_VALUE_3=0
ANIME_SPEED=3
MOVE_SPEED=3
MOVE_FREQUENCY=3
MOVE_TYPE=0
CHARA_OPTION_FLAG=163
ROUTE_OPTION_FLAG=2
ROUTE_COMMAND_NUM=0
OPTION_VAL_NUM=3
OPTION_VAL_0=1
OPTION_VAL_1=0
OPTION_VAL_2=0
COMMAND_NUM=1
--
WoditorEvCOMMAND_START
[0][0,0]<0>()()
WoditorEvCOMMAND_END
--
[COMMAND_TEXT_START]
■
[COMMAND_TEXT_END]
-----
EVENT_ID=12
EVENT_NAME=
EVENT_X=9
EVENT_Y=4
EVENT_PAGE=1
OPTION_DATA_NUM=0
EVENT_PAGE_NUM=1
EVENT_PAGE=0
EVENT_TILE_ID=842
GRAPHIC_FILENAME=
EVENT_DIRECTION=2
EVENT_PATTERN=1
EVENT_OPACITY=255
EVENT_BLENDTYPE=0
EVENT_TRIGGER_TYPE=0
EVENT_CONDITION_0_USE=32
EVENT_CONDITION_TARGET_0=1000000
EVENT_CONDITION_VALUE_0=0
EVENT_CONDITION_1_USE=32
EVENT_CONDITION_TARGET_1=1000000
EVENT_CONDITION_VALUE_1=0
EVENT_CONDITION_2_USE=32
EVENT_CONDITION_TARGET_2=1000000
EVENT_CONDITION_VALUE_2=0
EVENT_CONDITION_3_USE=32
EVENT_CONDITION_TARGET_3=1000000
EVENT_CONDITION_VALUE_3=0
ANIME_SPEED=3
MOVE_SPEED=3
MOVE_FREQUENCY=3
MOVE_TYPE=0
CHARA_OPTION_FLAG=187
ROUTE_OPTION_FLAG=2
ROUTE_COMMAND_NUM=0
OPTION_VAL_NUM=3
OPTION_VAL_0=1
OPTION_VAL_1=0
OPTION_VAL_2=0
COMMAND_NUM=1
--
WoditorEvCOMMAND_START
[0][0,0]<0>()()
WoditorEvCOMMAND_END
--
[COMMAND_TEXT_START]
■
[COMMAND_TEXT_END]
-----
EVENT_ID=13
EVENT_NAME=CharaChip/剣士.png
EVENT_X=28
EVENT_Y=7
EVENT_PAGE=1
OPTION_DATA_NUM=0
EVENT_PAGE_NUM=1
EVENT_PAGE=0
EVENT_TILE_ID=-1
GRAPHIC_FILENAME=CharaChip/剣士.png
EVENT_DIRECTION=4
EVENT_PATTERN=1
EVENT_OPACITY=255
EVENT_BLENDTYPE=0
EVENT_TRIGGER_TYPE=0
EVENT_CONDITION_0_USE=32
EVENT_CONDITION_TARGET_0=1000000
EVENT_CONDITION_VALUE_0=0
EVENT_CONDITION_1_USE=32
EVENT_CONDITION_TARGET_1=1000000
EVENT_CONDITION_VALUE_1=0
EVENT_CONDITION_2_USE=32
EVENT_CONDITION_TARGET_2=1000000
EVENT_CONDITION_VALUE_2=0
EVENT_CONDITION_3_USE=32
EVENT_CONDITION_TARGET_3=1000000
EVENT_CONDITION_VALUE_3=0
ANIME_SPEED=3
MOVE_SPEED=6
MOVE_FREQUENCY=0
MOVE_TYPE=1
CHARA_OPTION_FLAG=99
ROUTE_OPTION_FLAG=1
ROUTE_COMMAND_NUM=1
[ROUTE_COMMAND_0]1
ROUTE_COMMAND_CODE=26
VAL_NUM=0
STR=
OPTION_VAL_NUM=3
OPTION_VAL_0=0
OPTION_VAL_1=0
OPTION_VAL_2=1
COMMAND_NUM=2
--
WoditorEvCOMMAND_START
[101][0,1]<0>()("ここ入られると僕の人生終わってしまう")
[0][0,0]<0>()()
WoditorEvCOMMAND_END
--
[COMMAND_TEXT_START]
■文章:ここ入られると僕の人生終わってしまう
■
[COMMAND_TEXT_END]
-----
EVENT_ID=14
EVENT_NAME=CharaChip/透明.png
EVENT_X=28
EVENT_Y=7
EVENT_PAGE=1
OPTION_DATA_NUM=0
EVENT_PAGE_NUM=1
EVENT_PAGE=0
EVENT_TILE_ID=-1
GRAPHIC_FILENAME=CharaChip/透明.png
EVENT_DIRECTION=2
EVENT_PATTERN=1
EVENT_OPACITY=255
EVENT_BLENDTYPE=0
EVENT_TRIGGER_TYPE=0
EVENT_CONDITION_0_USE=32
EVENT_CONDITION_TARGET_0=1000000
EVENT_CONDITION_VALUE_0=0
EVENT_CONDITION_1_USE=32
EVENT_CONDITION_TARGET_1=1000000
EVENT_CONDITION_VALUE_1=0
EVENT_CONDITION_2_USE=32
EVENT_CONDITION_TARGET_2=1000000
EVENT_CONDITION_VALUE_2=0
EVENT_CONDITION_3_USE=32
EVENT_CONDITION_TARGET_3=1000000
EVENT_CONDITION_VALUE_3=0
ANIME_SPEED=3
MOVE_SPEED=3
MOVE_FREQUENCY=3
MOVE_TYPE=0
CHARA_OPTION_FLAG=35
ROUTE_OPTION_FLAG=2
ROUTE_COMMAND_NUM=0
OPTION_VAL_NUM=3
OPTION_VAL_0=1
OPTION_VAL_1=0
OPTION_VAL_2=0
COMMAND_NUM=1
--
WoditorEvCOMMAND_START
[0][0,0]<0>()()
WoditorEvCOMMAND_END
--
[COMMAND_TEXT_START]
■
[COMMAND_TEXT_END]
-----
EVENT_ID=15
EVENT_NAME=
EVENT_X=7
EVENT_Y=7
EVENT_PAGE=1
OPTION_DATA_NUM=0
EVENT_PAGE_NUM=1
EVENT_PAGE=0
EVENT_TILE_ID=754
GRAPHIC_FILENAME=
EVENT_DIRECTION=2
EVENT_PATTERN=1
EVENT_OPACITY=255
EVENT_BLENDTYPE=0
EVENT_TRIGGER_TYPE=0
EVENT_CONDITION_0_USE=32
EVENT_CONDITION_TARGET_0=1000000
EVENT_CONDITION_VALUE_0=0
EVENT_CONDITION_1_USE=32
EVENT_CONDITION_TARGET_1=1000000
EVENT_CONDITION_VALUE_1=0
EVENT_CONDITION_2_USE=32
EVENT_CONDITION_TARGET_2=1000000
EVENT_CONDITION_VALUE_2=0
EVENT_CONDITION_3_USE=32
EVENT_CONDITION_TARGET_3=1000000
EVENT_CONDITION_VALUE_3=0
ANIME_SPEED=3
MOVE_SPEED=3
MOVE_FREQUENCY=3
MOVE_TYPE=0
CHARA_OPTION_FLAG=172
ROUTE_OPTION_FLAG=2
ROUTE_COMMAND_NUM=0
OPTION_VAL_NUM=3
OPTION_VAL_0=1
OPTION_VAL_1=0
OPTION_VAL_2=0
COMMAND_NUM=1
--
WoditorEvCOMMAND_START
[0][0,0]<0>()()
WoditorEvCOMMAND_END
--
[COMMAND_TEXT_START]
■
[COMMAND_TEXT_END]
-----
EVENT_ID=16
EVENT_NAME=
EVENT_X=9
EVENT_Y=7
EVENT_PAGE=1
OPTION_DATA_NUM=0
EVENT_PAGE_NUM=1
EVENT_PAGE=0
EVENT_TILE_ID=754
GRAPHIC_FILENAME=
EVENT_DIRECTION=2
EVENT_PATTERN=1
EVENT_OPACITY=255
EVENT_BLENDTYPE=0
EVENT_TRIGGER_TYPE=0
EVENT_CONDITION_0_USE=32
EVENT_CONDITION_TARGET_0=1000000
EVENT_CONDITION_VALUE_0=0
EVENT_CONDITION_1_USE=32
EVENT_CONDITION_TARGET_1=1000000
EVENT_CONDITION_VALUE_1=0
EVENT_CONDITION_2_USE=32
EVENT_CONDITION_TARGET_2=1000000
EVENT_CONDITION_VALUE_2=0
EVENT_CONDITION_3_USE=32
EVENT_CONDITION_TARGET_3=1000000
EVENT_CONDITION_VALUE_3=0
ANIME_SPEED=3
MOVE_SPEED=3
MOVE_FREQUENCY=3
MOVE_TYPE=0
CHARA_OPTION_FLAG=172
ROUTE_OPTION_FLAG=2
ROUTE_COMMAND_NUM=0
OPTION_VAL_NUM=3
OPTION_VAL_0=1
OPTION_VAL_1=0
OPTION_VAL_2=0
COMMAND_NUM=1
--
WoditorEvCOMMAND_START
[0][0,0]<0>()()
WoditorEvCOMMAND_END
--
[COMMAND_TEXT_START]
■
[COMMAND_TEXT_END]
-----
EVENT_ID=17
EVENT_NAME=
EVENT_X=9
EVENT_Y=11
EVENT_PAGE=1
OPTION_DATA_NUM=0
EVENT_PAGE_NUM=1
EVENT_PAGE=0
EVENT_TILE_ID=754
GRAPHIC_FILENAME=
EVENT_DIRECTION=2
EVENT_PATTERN=1
EVENT_OPACITY=255
EVENT_BLENDTYPE=0
EVENT_TRIGGER_TYPE=0
EVENT_CONDITION_0_USE=32
EVENT_CONDITION_TARGET_0=1000000
EVENT_CONDITION_VALUE_0=0
EVENT_CONDITION_1_USE=32
EVENT_CONDITION_TARGET_1=1000000
EVENT_CONDITION_VALUE_1=0
EVENT_CONDITION_2_USE=32
EVENT_CONDITION_TARGET_2=1000000
EVENT_CONDITION_VALUE_2=0
EVENT_CONDITION_3_USE=32
EVENT_CONDITION_TARGET_3=1000000
EVENT_CONDITION_VALUE_3=0
ANIME_SPEED=3
MOVE_SPEED=3
MOVE_FREQUENCY=3
MOVE_TYPE=0
CHARA_OPTION_FLAG=172
ROUTE_OPTION_FLAG=2
ROUTE_COMMAND_NUM=0
OPTION_VAL_NUM=3
OPTION_VAL_0=1
OPTION_VAL_1=0
OPTION_VAL_2=0
COMMAND_NUM=1
--
WoditorEvCOMMAND_START
[0][0,0]<0>()()
WoditorEvCOMMAND_END
--
[COMMAND_TEXT_START]
■
[COMMAND_TEXT_END]
-----
EVENT_ID=18
EVENT_NAME=
EVENT_X=7
EVENT_Y=11
EVENT_PAGE=1
OPTION_DATA_NUM=0
EVENT_PAGE_NUM=1
EVENT_PAGE=0
EVENT_TILE_ID=754
GRAPHIC_FILENAME=
EVENT_DIRECTION=2
EVENT_PATTERN=1
EVENT_OPACITY=255
EVENT_BLENDTYPE=0
EVENT_TRIGGER_TYPE=0
EVENT_CONDITION_0_USE=32
EVENT_CONDITION_TARGET_0=1000000
EVENT_CONDITION_VALUE_0=0
EVENT_CONDITION_1_USE=32
EVENT_CONDITION_TARGET_1=1000000
EVENT_CONDITION_VALUE_1=0
EVENT_CONDITION_2_USE=32
EVENT_CONDITION_TARGET_2=1000000
EVENT_CONDITION_VALUE_2=0
EVENT_CONDITION_3_USE=32
EVENT_CONDITION_TARGET_3=1000000
EVENT_CONDITION_VALUE_3=0
ANIME_SPEED=3
MOVE_SPEED=3
MOVE_FREQUENCY=3
MOVE_TYPE=0
CHARA_OPTION_FLAG=172
ROUTE_OPTION_FLAG=2
ROUTE_COMMAND_NUM=0
OPTION_VAL_NUM=3
OPTION_VAL_0=1
OPTION_VAL_1=0
OPTION_VAL_2=0
COMMAND_NUM=1
--
WoditorEvCOMMAND_START
[0][0,0]<0>()()
WoditorEvCOMMAND_END
--
[COMMAND_TEXT_START]
■
[COMMAND_TEXT_END]
-----
EVENT_ID=19
EVENT_NAME=CharaChip/[ウ]おっさんゾンビ103.png
EVENT_X=24
EVENT_Y=6
EVENT_PAGE=1
OPTION_DATA_NUM=0
EVENT_PAGE_NUM=1
EVENT_PAGE=0
EVENT_TILE_ID=-1
GRAPHIC_FILENAME=CharaChip/[ウ]ちょい役セット05.png
EVENT_DIRECTION=2
EVENT_PATTERN=1
EVENT_OPACITY=255
EVENT_BLENDTYPE=0
EVENT_TRIGGER_TYPE=0
EVENT_CONDITION_0_USE=32
EVENT_CONDITION_TARGET_0=1000000
EVENT_CONDITION_VALUE_0=0
EVENT_CONDITION_1_USE=32
EVENT_CONDITION_TARGET_1=1000000
EVENT_CONDITION_VALUE_1=0
EVENT_CONDITION_2_USE=32
EVENT_CONDITION_TARGET_2=1000000
EVENT_CONDITION_VALUE_2=0
EVENT_CONDITION_3_USE=32
EVENT_CONDITION_TARGET_3=1000000
EVENT_CONDITION_VALUE_3=0
ANIME_SPEED=3
MOVE_SPEED=3
MOVE_FREQUENCY=3
MOVE_TYPE=0
CHARA_OPTION_FLAG=35
ROUTE_OPTION_FLAG=2
ROUTE_COMMAND_NUM=0
OPTION_VAL_NUM=3
OPTION_VAL_0=0
OPTION_VAL_1=0
OPTION_VAL_2=0
COMMAND_NUM=2
--
WoditorEvCOMMAND_START
[210][7,2]<0>(500639,4116,0,0,0,1,0)("","Data/MapData")
[0][0,0]<0>()()
WoditorEvCOMMAND_END
--
[COMMAND_TEXT_START]
■イベントの挿入： コモン639：[ 未使用検出 ] / 0:システムDB / 0 / 0 / 1 / Data/MapData
■
[COMMAND_TEXT_END]
-----
EVENT_ID=20
EVENT_NAME=
EVENT_X=1
EVENT_Y=0
EVENT_PAGE=1
OPTION_DATA_NUM=0
EVENT_PAGE_NUM=1
EVENT_PAGE=0
EVENT_TILE_ID=-1
GRAPHIC_FILENAME=
EVENT_DIRECTION=2
EVENT_PATTERN=1
EVENT_OPACITY=255
EVENT_BLENDTYPE=0
EVENT_TRIGGER_TYPE=2
EVENT_CONDITION_0_USE=32
EVENT_CONDITION_TARGET_0=1000000
EVENT_CONDITION_VALUE_0=0
EVENT_CONDITION_1_USE=32
EVENT_CONDITION_TARGET_1=1000000
EVENT_CONDITION_VALUE_1=0
EVENT_CONDITION_2_USE=32
EVENT_CONDITION_TARGET_2=1000000
EVENT_CONDITION_VALUE_2=0
EVENT_CONDITION_3_USE=32
EVENT_CONDITION_TARGET_3=1000000
EVENT_CONDITION_VALUE_3=0
ANIME_SPEED=3
MOVE_SPEED=3
MOVE_FREQUENCY=3
MOVE_TYPE=0
CHARA_OPTION_FLAG=35
ROUTE_OPTION_FLAG=2
ROUTE_COMMAND_NUM=0
OPTION_VAL_NUM=3
OPTION_VAL_0=0
OPTION_VAL_1=0
OPTION_VAL_2=0
COMMAND_NUM=4
--
WoditorEvCOMMAND_START
[180][1,0]<0>(30)()
[210][2,0]<0>(500566,0)()
[180][1,0]<0>(170)()
[0][0,0]<0>()()
WoditorEvCOMMAND_END
--
[COMMAND_TEXT_START]
■ウェイト：30 フレーム
■イベントの挿入： コモン566：[ [設定]オートダッシュ付与 ]
■ウェイト：170 フレーム
■
[COMMAND_TEXT_END]
-----
EVENT_ID=21
EVENT_NAME=CharaChip/[ウ]おっさんゾンビ103.png
EVENT_X=24
EVENT_Y=5
EVENT_PAGE=1
OPTION_DATA_NUM=0
EVENT_PAGE_NUM=1
EVENT_PAGE=0
EVENT_TILE_ID=-1
GRAPHIC_FILENAME=CharaChip/[ウ]おっさんゾンビ103.png
EVENT_DIRECTION=2
EVENT_PATTERN=1
EVENT_OPACITY=255
EVENT_BLENDTYPE=0
EVENT_TRIGGER_TYPE=0
EVENT_CONDITION_0_USE=32
EVENT_CONDITION_TARGET_0=1000000
EVENT_CONDITION_VALUE_0=0
EVENT_CONDITION_1_USE=32
EVENT_CONDITION_TARGET_1=1000000
EVENT_CONDITION_VALUE_1=0
EVENT_CONDITION_2_USE=32
EVENT_CONDITION_TARGET_2=1000000
EVENT_CONDITION_VALUE_2=0
EVENT_CONDITION_3_USE=32
EVENT_CONDITION_TARGET_3=1000000
EVENT_CONDITION_VALUE_3=0
ANIME_SPEED=3
MOVE_SPEED=3
MOVE_FREQUENCY=3
MOVE_TYPE=0
CHARA_OPTION_FLAG=35
ROUTE_OPTION_FLAG=2
ROUTE_COMMAND_NUM=0
OPTION_VAL_NUM=3
OPTION_VAL_0=0
OPTION_VAL_1=0
OPTION_VAL_2=0
COMMAND_NUM=2
--
WoditorEvCOMMAND_START
[210][5,0]<0>(500008,3,16,49,0)()
[0][0,0]<0>()()
WoditorEvCOMMAND_END
--
[COMMAND_TEXT_START]
■イベントの挿入： コモン8：[ ○特殊技能増減 ] / 16:\s[23] / 49:テレポート / 0:習得する
■
[COMMAND_TEXT_END]
-----
EVENT_ID=22
EVENT_NAME=CharaChip/[ウ]ちょい役セット200.png
EVENT_X=24
EVENT_Y=7
EVENT_PAGE=1
OPTION_DATA_NUM=0
EVENT_PAGE_NUM=1
EVENT_PAGE=0
EVENT_TILE_ID=-1
GRAPHIC_FILENAME=CharaChip/[ウ]ちょい役セット200.png
EVENT_DIRECTION=2
EVENT_PATTERN=1
EVENT_OPACITY=255
EVENT_BLENDTYPE=0
EVENT_TRIGGER_TYPE=0
EVENT_CONDITION_0_USE=32
EVENT_CONDITION_TARGET_0=1000000
EVENT_CONDITION_VALUE_0=0
EVENT_CONDITION_1_USE=32
EVENT_CONDITION_TARGET_1=1000000
EVENT_CONDITION_VALUE_1=0
EVENT_CONDITION_2_USE=32
EVENT_CONDITION_TARGET_2=1000000
EVENT_CONDITION_VALUE_2=0
EVENT_CONDITION_3_USE=32
EVENT_CONDITION_TARGET_3=1000000
EVENT_CONDITION_VALUE_3=0
ANIME_SPEED=3
MOVE_SPEED=3
MOVE_FREQUENCY=3
MOVE_TYPE=0
CHARA_OPTION_FLAG=35
ROUTE_OPTION_FLAG=2
ROUTE_COMMAND_NUM=0
OPTION_VAL_NUM=3
OPTION_VAL_0=0
OPTION_VAL_1=0
OPTION_VAL_2=0
COMMAND_NUM=2
--
WoditorEvCOMMAND_START
[210][3,0]<0>(500573,1,1)()
[0][0,0]<0>()()
WoditorEvCOMMAND_END
--
[COMMAND_TEXT_START]
■イベントの挿入： コモン573：[ snowdrop ] / 1:描画
■
[COMMAND_TEXT_END]
-----
EVENT_ID=23
EVENT_NAME=
EVENT_X=20
EVENT_Y=16
EVENT_PAGE=1
OPTION_DATA_NUM=0
EVENT_PAGE_NUM=1
EVENT_PAGE=0
EVENT_TILE_ID=-1
GRAPHIC_FILENAME=
EVENT_DIRECTION=2
EVENT_PATTERN=1
EVENT_OPACITY=255
EVENT_BLENDTYPE=0
EVENT_TRIGGER_TYPE=3
EVENT_CONDITION_0_USE=32
EVENT_CONDITION_TARGET_0=1000000
EVENT_CONDITION_VALUE_0=0
EVENT_CONDITION_1_USE=32
EVENT_CONDITION_TARGET_1=1000000
EVENT_CONDITION_VALUE_1=0
EVENT_CONDITION_2_USE=32
EVENT_CONDITION_TARGET_2=1000000
EVENT_CONDITION_VALUE_2=0
EVENT_CONDITION_3_USE=32
EVENT_CONDITION_TARGET_3=1000000
EVENT_CONDITION_VALUE_3=0
ANIME_SPEED=3
MOVE_SPEED=3
MOVE_FREQUENCY=3
MOVE_TYPE=0
CHARA_OPTION_FLAG=35
ROUTE_OPTION_FLAG=2
ROUTE_COMMAND_NUM=0
OPTION_VAL_NUM=3
OPTION_VAL_0=0
OPTION_VAL_1=4
OPTION_VAL_2=0
COMMAND_NUM=2
--
WoditorEvCOMMAND_START
[130][5,0]<0>(-1,2000006,37,-1,16)()
[0][0,0]<0>()()
WoditorEvCOMMAND_END
--
[COMMAND_TEXT_START]
■場所移動：主人公 ▲現在のマップ X:V6[X] Y:37  [ﾄﾗﾝｼﾞｼｮﾝ + 暗転なし]
■
[COMMAND_TEXT_END]
-----
EVENT_ID=24
EVENT_NAME=
EVENT_X=20
EVENT_Y=36
EVENT_PAGE=1
OPTION_DATA_NUM=0
EVENT_PAGE_NUM=1
EVENT_PAGE=0
EVENT_TILE_ID=-1
GRAPHIC_FILENAME=
EVENT_DIRECTION=2
EVENT_PATTERN=1
EVENT_OPACITY=255
EVENT_BLENDTYPE=0
EVENT_TRIGGER_TYPE=3
EVENT_CONDITION_0_USE=32
EVENT_CONDITION_TARGET_0=1000000
EVENT_CONDITION_VALUE_0=0
EVENT_CONDITION_1_USE=32
EVENT_CONDITION_TARGET_1=1000000
EVENT_CONDITION_VALUE_1=0
EVENT_CONDITION_2_USE=32
EVENT_CONDITION_TARGET_2=1000000
EVENT_CONDITION_VALUE_2=0
EVENT_CONDITION_3_USE=32
EVENT_CONDITION_TARGET_3=1000000
EVENT_CONDITION_VALUE_3=0
ANIME_SPEED=3
MOVE_SPEED=3
MOVE_FREQUENCY=3
MOVE_TYPE=0
CHARA_OPTION_FLAG=35
ROUTE_OPTION_FLAG=2
ROUTE_COMMAND_NUM=0
OPTION_VAL_NUM=3
OPTION_VAL_0=0
OPTION_VAL_1=4
OPTION_VAL_2=0
COMMAND_NUM=2
--
WoditorEvCOMMAND_START
[130][5,0]<0>(-1,2000006,16,-1,16)()
[0][0,0]<0>()()
WoditorEvCOMMAND_END
--
[COMMAND_TEXT_START]
■場所移動：主人公 ▲現在のマップ X:V6[X] Y:16  [ﾄﾗﾝｼﾞｼｮﾝ + 暗転なし]
■
[COMMAND_TEXT_END]
-----
EVENT_ID=25
EVENT_NAME=
EVENT_X=15
EVENT_Y=54
EVENT_PAGE=1
OPTION_DATA_NUM=0
EVENT_PAGE_NUM=1
EVENT_PAGE=0
EVENT_TILE_ID=755
GRAPHIC_FILENAME=
EVENT_DIRECTION=2
EVENT_PATTERN=1
EVENT_OPACITY=255
EVENT_BLENDTYPE=0
EVENT_TRIGGER_TYPE=0
EVENT_CONDITION_0_USE=32
EVENT_CONDITION_TARGET_0=1000000
EVENT_CONDITION_VALUE_0=0
EVENT_CONDITION_1_USE=32
EVENT_CONDITION_TARGET_1=1000000
EVENT_CONDITION_VALUE_1=0
EVENT_CONDITION_2_USE=32
EVENT_CONDITION_TARGET_2=1000000
EVENT_CONDITION_VALUE_2=0
EVENT_CONDITION_3_USE=32
EVENT_CONDITION_TARGET_3=1000000
EVENT_CONDITION_VALUE_3=0
ANIME_SPEED=3
MOVE_SPEED=3
MOVE_FREQUENCY=3
MOVE_TYPE=0
CHARA_OPTION_FLAG=172
ROUTE_OPTION_FLAG=2
ROUTE_COMMAND_NUM=0
OPTION_VAL_NUM=3
OPTION_VAL_0=1
OPTION_VAL_1=0
OPTION_VAL_2=0
COMMAND_NUM=1
--
WoditorEvCOMMAND_START
[0][0,0]<0>()()
WoditorEvCOMMAND_END
--
[COMMAND_TEXT_START]
■
[COMMAND_TEXT_END]
-----
EVENT_ID=26
EVENT_NAME=
EVENT_X=17
EVENT_Y=54
EVENT_PAGE=1
OPTION_DATA_NUM=0
EVENT_PAGE_NUM=1
EVENT_PAGE=0
EVENT_TILE_ID=755
GRAPHIC_FILENAME=
EVENT_DIRECTION=2
EVENT_PATTERN=1
EVENT_OPACITY=255
EVENT_BLENDTYPE=0
EVENT_TRIGGER_TYPE=0
EVENT_CONDITION_0_USE=32
EVENT_CONDITION_TARGET_0=1000000
EVENT_CONDITION_VALUE_0=0
EVENT_CONDITION_1_USE=32
EVENT_CONDITION_TARGET_1=1000000
EVENT_CONDITION_VALUE_1=0
EVENT_CONDITION_2_USE=32
EVENT_CONDITION_TARGET_2=1000000
EVENT_CONDITION_VALUE_2=0
EVENT_CONDITION_3_USE=32
EVENT_CONDITION_TARGET_3=1000000
EVENT_CONDITION_VALUE_3=0
ANIME_SPEED=3
MOVE_SPEED=3
MOVE_FREQUENCY=3
MOVE_TYPE=0
CHARA_OPTION_FLAG=172
ROUTE_OPTION_FLAG=2
ROUTE_COMMAND_NUM=0
OPTION_VAL_NUM=3
OPTION_VAL_0=1
OPTION_VAL_1=0
OPTION_VAL_2=0
COMMAND_NUM=1
--
WoditorEvCOMMAND_START
[0][0,0]<0>()()
WoditorEvCOMMAND_END
--
[COMMAND_TEXT_START]
■
[COMMAND_TEXT_END]
-----
EVENT_ID=27
EVENT_NAME=
EVENT_X=24
EVENT_Y=54
EVENT_PAGE=1
OPTION_DATA_NUM=0
EVENT_PAGE_NUM=1
EVENT_PAGE=0
EVENT_TILE_ID=755
GRAPHIC_FILENAME=
EVENT_DIRECTION=2
EVENT_PATTERN=1
EVENT_OPACITY=255
EVENT_BLENDTYPE=0
EVENT_TRIGGER_TYPE=0
EVENT_CONDITION_0_USE=32
EVENT_CONDITION_TARGET_0=1000000
EVENT_CONDITION_VALUE_0=0
EVENT_CONDITION_1_USE=32
EVENT_CONDITION_TARGET_1=1000000
EVENT_CONDITION_VALUE_1=0
EVENT_CONDITION_2_USE=32
EVENT_CONDITION_TARGET_2=1000000
EVENT_CONDITION_VALUE_2=0
EVENT_CONDITION_3_USE=32
EVENT_CONDITION_TARGET_3=1000000
EVENT_CONDITION_VALUE_3=0
ANIME_SPEED=3
MOVE_SPEED=3
MOVE_FREQUENCY=3
MOVE_TYPE=0
CHARA_OPTION_FLAG=172
ROUTE_OPTION_FLAG=2
ROUTE_COMMAND_NUM=0
OPTION_VAL_NUM=3
OPTION_VAL_0=1
OPTION_VAL_1=0
OPTION_VAL_2=0
COMMAND_NUM=1
--
WoditorEvCOMMAND_START
[0][0,0]<0>()()
WoditorEvCOMMAND_END
--
[COMMAND_TEXT_START]
■
[COMMAND_TEXT_END]
-----
EVENT_ID=28
EVENT_NAME=
EVENT_X=26
EVENT_Y=54
EVENT_PAGE=1
OPTION_DATA_NUM=0
EVENT_PAGE_NUM=1
EVENT_PAGE=0
EVENT_TILE_ID=755
GRAPHIC_FILENAME=
EVENT_DIRECTION=2
EVENT_PATTERN=1
EVENT_OPACITY=255
EVENT_BLENDTYPE=0
EVENT_TRIGGER_TYPE=0
EVENT_CONDITION_0_USE=32
EVENT_CONDITION_TARGET_0=1000000
EVENT_CONDITION_VALUE_0=0
EVENT_CONDITION_1_USE=32
EVENT_CONDITION_TARGET_1=1000000
EVENT_CONDITION_VALUE_1=0
EVENT_CONDITION_2_USE=32
EVENT_CONDITION_TARGET_2=1000000
EVENT_CONDITION_VALUE_2=0
EVENT_CONDITION_3_USE=32
EVENT_CONDITION_TARGET_3=1000000
EVENT_CONDITION_VALUE_3=0
ANIME_SPEED=3
MOVE_SPEED=3
MOVE_FREQUENCY=3
MOVE_TYPE=0
CHARA_OPTION_FLAG=172
ROUTE_OPTION_FLAG=2
ROUTE_COMMAND_NUM=0
OPTION_VAL_NUM=3
OPTION_VAL_0=1
OPTION_VAL_1=0
OPTION_VAL_2=0
COMMAND_NUM=1
--
WoditorEvCOMMAND_START
[0][0,0]<0>()()
WoditorEvCOMMAND_END
--
[COMMAND_TEXT_START]
■
[COMMAND_TEXT_END]
-----
EVENT_ID=29
EVENT_NAME=
EVENT_X=24
EVENT_Y=60
EVENT_PAGE=1
OPTION_DATA_NUM=0
EVENT_PAGE_NUM=1
EVENT_PAGE=0
EVENT_TILE_ID=755
GRAPHIC_FILENAME=
EVENT_DIRECTION=2
EVENT_PATTERN=1
EVENT_OPACITY=255
EVENT_BLENDTYPE=0
EVENT_TRIGGER_TYPE=0
EVENT_CONDITION_0_USE=32
EVENT_CONDITION_TARGET_0=1000000
EVENT_CONDITION_VALUE_0=0
EVENT_CONDITION_1_USE=32
EVENT_CONDITION_TARGET_1=1000000
EVENT_CONDITION_VALUE_1=0
EVENT_CONDITION_2_USE=32
EVENT_CONDITION_TARGET_2=1000000
EVENT_CONDITION_VALUE_2=0
EVENT_CONDITION_3_USE=32
EVENT_CONDITION_TARGET_3=1000000
EVENT_CONDITION_VALUE_3=0
ANIME_SPEED=3
MOVE_SPEED=3
MOVE_FREQUENCY=3
MOVE_TYPE=0
CHARA_OPTION_FLAG=172
ROUTE_OPTION_FLAG=2
ROUTE_COMMAND_NUM=0
OPTION_VAL_NUM=3
OPTION_VAL_0=1
OPTION_VAL_1=0
OPTION_VAL_2=0
COMMAND_NUM=1
--
WoditorEvCOMMAND_START
[0][0,0]<0>()()
WoditorEvCOMMAND_END
--
[COMMAND_TEXT_START]
■
[COMMAND_TEXT_END]
-----
EVENT_ID=30
EVENT_NAME=
EVENT_X=26
EVENT_Y=60
EVENT_PAGE=1
OPTION_DATA_NUM=0
EVENT_PAGE_NUM=1
EVENT_PAGE=0
EVENT_TILE_ID=755
GRAPHIC_FILENAME=
EVENT_DIRECTION=2
EVENT_PATTERN=1
EVENT_OPACITY=255
EVENT_BLENDTYPE=0
EVENT_TRIGGER_TYPE=0
EVENT_CONDITION_0_USE=32
EVENT_CONDITION_TARGET_0=1000000
EVENT_CONDITION_VALUE_0=0
EVENT_CONDITION_1_USE=32
EVENT_CONDITION_TARGET_1=1000000
EVENT_CONDITION_VALUE_1=0
EVENT_CONDITION_2_USE=32
EVENT_CONDITION_TARGET_2=1000000
EVENT_CONDITION_VALUE_2=0
EVENT_CONDITION_3_USE=32
EVENT_CONDITION_TARGET_3=1000000
EVENT_CONDITION_VALUE_3=0
ANIME_SPEED=3
MOVE_SPEED=3
MOVE_FREQUENCY=3
MOVE_TYPE=0
CHARA_OPTION_FLAG=172
ROUTE_OPTION_FLAG=2
ROUTE_COMMAND_NUM=0
OPTION_VAL_NUM=3
OPTION_VAL_0=1
OPTION_VAL_1=0
OPTION_VAL_2=0
COMMAND_NUM=1
--
WoditorEvCOMMAND_START
[0][0,0]<0>()()
WoditorEvCOMMAND_END
--
[COMMAND_TEXT_START]
■
[COMMAND_TEXT_END]
-----
EVENT_ID=31
EVENT_NAME=
EVENT_X=17
EVENT_Y=60
EVENT_PAGE=1
OPTION_DATA_NUM=0
EVENT_PAGE_NUM=1
EVENT_PAGE=0
EVENT_TILE_ID=755
GRAPHIC_FILENAME=
EVENT_DIRECTION=2
EVENT_PATTERN=1
EVENT_OPACITY=255
EVENT_BLENDTYPE=0
EVENT_TRIGGER_TYPE=0
EVENT_CONDITION_0_USE=32
EVENT_CONDITION_TARGET_0=1000000
EVENT_CONDITION_VALUE_0=0
EVENT_CONDITION_1_USE=32
EVENT_CONDITION_TARGET_1=1000000
EVENT_CONDITION_VALUE_1=0
EVENT_CONDITION_2_USE=32
EVENT_CONDITION_TARGET_2=1000000
EVENT_CONDITION_VALUE_2=0
EVENT_CONDITION_3_USE=32
EVENT_CONDITION_TARGET_3=1000000
EVENT_CONDITION_VALUE_3=0
ANIME_SPEED=3
MOVE_SPEED=3
MOVE_FREQUENCY=3
MOVE_TYPE=0
CHARA_OPTION_FLAG=172
ROUTE_OPTION_FLAG=2
ROUTE_COMMAND_NUM=0
OPTION_VAL_NUM=3
OPTION_VAL_0=1
OPTION_VAL_1=0
OPTION_VAL_2=0
COMMAND_NUM=1
--
WoditorEvCOMMAND_START
[0][0,0]<0>()()
WoditorEvCOMMAND_END
--
[COMMAND_TEXT_START]
■
[COMMAND_TEXT_END]
-----
EVENT_ID=32
EVENT_NAME=
EVENT_X=15
EVENT_Y=60
EVENT_PAGE=1
OPTION_DATA_NUM=0
EVENT_PAGE_NUM=1
EVENT_PAGE=0
EVENT_TILE_ID=755
GRAPHIC_FILENAME=
EVENT_DIRECTION=2
EVENT_PATTERN=1
EVENT_OPACITY=255
EVENT_BLENDTYPE=0
EVENT_TRIGGER_TYPE=0
EVENT_CONDITION_0_USE=32
EVENT_CONDITION_TARGET_0=1000000
EVENT_CONDITION_VALUE_0=0
EVENT_CONDITION_1_USE=32
EVENT_CONDITION_TARGET_1=1000000
EVENT_CONDITION_VALUE_1=0
EVENT_CONDITION_2_USE=32
EVENT_CONDITION_TARGET_2=1000000
EVENT_CONDITION_VALUE_2=0
EVENT_CONDITION_3_USE=32
EVENT_CONDITION_TARGET_3=1000000
EVENT_CONDITION_VALUE_3=0
ANIME_SPEED=3
MOVE_SPEED=3
MOVE_FREQUENCY=3
MOVE_TYPE=0
CHARA_OPTION_FLAG=172
ROUTE_OPTION_FLAG=2
ROUTE_COMMAND_NUM=0
OPTION_VAL_NUM=3
OPTION_VAL_0=1
OPTION_VAL_1=0
OPTION_VAL_2=0
COMMAND_NUM=1
--
WoditorEvCOMMAND_START
[0][0,0]<0>()()
WoditorEvCOMMAND_END
--
[COMMAND_TEXT_START]
■
[COMMAND_TEXT_END]
-----
EVENT_ID=33
EVENT_NAME=CharaChip/takarabako_pipo.png
EVENT_X=3
EVENT_Y=43
EVENT_PAGE=3
OPTION_DATA_NUM=0
EVENT_PAGE_NUM=3
EVENT_PAGE=0
EVENT_TILE_ID=-1
GRAPHIC_FILENAME=CharaChip/takarabako_pipo.png
EVENT_DIRECTION=8
EVENT_PATTERN=0
EVENT_OPACITY=255
EVENT_BLENDTYPE=0
EVENT_TRIGGER_TYPE=0
EVENT_CONDITION_0_USE=33
EVENT_CONDITION_TARGET_0=1000000
EVENT_CONDITION_VALUE_0=0
EVENT_CONDITION_1_USE=32
EVENT_CONDITION_TARGET_1=1000000
EVENT_CONDITION_VALUE_1=0
EVENT_CONDITION_2_USE=32
EVENT_CONDITION_TARGET_2=1000000
EVENT_CONDITION_VALUE_2=0
EVENT_CONDITION_3_USE=32
EVENT_CONDITION_TARGET_3=1000000
EVENT_CONDITION_VALUE_3=0
ANIME_SPEED=3
MOVE_SPEED=3
MOVE_FREQUENCY=3
MOVE_TYPE=0
CHARA_OPTION_FLAG=36
ROUTE_OPTION_FLAG=2
ROUTE_COMMAND_NUM=0
OPTION_VAL_NUM=3
OPTION_VAL_0=0
OPTION_VAL_1=0
OPTION_VAL_2=0
COMMAND_NUM=9
--
WoditorEvCOMMAND_START
[140][7,1]<0>(33554464,0,0,0,100,100,0)("nobihazaSE/ドア開け.ogg")
[121][4,0]<0>(1100000,1,0,0)()
[180][1,0]<0>(2)()
[121][4,0]<0>(1100000,2,0,0)()
[180][1,0]<0>(2)()
[121][4,0]<0>(1100000,3,0,0)()
[180][1,0]<0>(2)()
[210][4,0]<0>(500003,2,100,1)()
[0][0,0]<0>()()
WoditorEvCOMMAND_END
--
[COMMAND_TEXT_START]
■サウンド：SE ﾌｧｲﾙ[nobihazaSE/ドア開け.ogg] 音 100％ 周 100％ (0 ﾁｬﾝﾈﾙ) 再生 / 遅延：0ﾌﾚｰﾑ
■変数操作: このEvのSelf0 = 1 + 0 
■ウェイト：2 フレーム
■変数操作: このEvのSelf0 = 2 + 0 
■ウェイト：2 フレーム
■変数操作: このEvのSelf0 = 3 + 0 
■ウェイト：2 フレーム
■イベントの挿入： コモン3：[ ○お金の増減 ] / 100 / 1:あり
■
[COMMAND_TEXT_END]
EVENT_PAGE=1
EVENT_TILE_ID=-1
GRAPHIC_FILENAME=CharaChip/takarabako_pipo.png
EVENT_DIRECTION=8
EVENT_PATTERN=1
EVENT_OPACITY=255
EVENT_BLENDTYPE=0
EVENT_TRIGGER_TYPE=0
EVENT_CONDITION_0_USE=33
EVENT_CONDITION_TARGET_0=1000000
EVENT_CONDITION_VALUE_0=1
EVENT_CONDITION_1_USE=32
EVENT_CONDITION_TARGET_1=1000000
EVENT_CONDITION_VALUE_1=0
EVENT_CONDITION_2_USE=32
EVENT_CONDITION_TARGET_2=1000000
EVENT_CONDITION_VALUE_2=0
EVENT_CONDITION_3_USE=32
EVENT_CONDITION_TARGET_3=1000000
EVENT_CONDITION_VALUE_3=0
ANIME_SPEED=3
MOVE_SPEED=3
MOVE_FREQUENCY=3
MOVE_TYPE=0
CHARA_OPTION_FLAG=36
ROUTE_OPTION_FLAG=2
ROUTE_COMMAND_NUM=0
OPTION_VAL_NUM=3
OPTION_VAL_0=0
OPTION_VAL_1=0
OPTION_VAL_2=0
COMMAND_NUM=1
--
WoditorEvCOMMAND_START
[0][0,0]<0>()()
WoditorEvCOMMAND_END
--
[COMMAND_TEXT_START]
■
[COMMAND_TEXT_END]
EVENT_PAGE=2
EVENT_TILE_ID=-1
GRAPHIC_FILENAME=CharaChip/takarabako_pipo.png
EVENT_DIRECTION=8
EVENT_PATTERN=2
EVENT_OPACITY=255
EVENT_BLENDTYPE=0
EVENT_TRIGGER_TYPE=0
EVENT_CONDITION_0_USE=33
EVENT_CONDITION_TARGET_0=1000000
EVENT_CONDITION_VALUE_0=3
EVENT_CONDITION_1_USE=32
EVENT_CONDITION_TARGET_1=1000000
EVENT_CONDITION_VALUE_1=0
EVENT_CONDITION_2_USE=32
EVENT_CONDITION_TARGET_2=1000000
EVENT_CONDITION_VALUE_2=0
EVENT_CONDITION_3_USE=32
EVENT_CONDITION_TARGET_3=1000000
EVENT_CONDITION_VALUE_3=0
ANIME_SPEED=3
MOVE_SPEED=3
MOVE_FREQUENCY=3
MOVE_TYPE=0
CHARA_OPTION_FLAG=36
ROUTE_OPTION_FLAG=2
ROUTE_COMMAND_NUM=0
OPTION_VAL_NUM=3
OPTION_VAL_0=0
OPTION_VAL_1=0
OPTION_VAL_2=0
COMMAND_NUM=6
--
WoditorEvCOMMAND_START
[111][4,0]<0>(1,2000017,1,2)()
[401][1,0]<0>(1)()
[121][4,0]<1>(1100000,0,0,0)()
[0][0,0]<1>()()
[499][0,0]<0>()()
[0][0,0]<0>()()
WoditorEvCOMMAND_END
--
[COMMAND_TEXT_START]
■条件分岐(数値):  【1】 V17[デバッグ]  が   1 と同じ 
-◇分岐： 【1】  [ V17[デバッグ]  が  1 と同じ  ]の場合↓
 |■変数操作: このEvのSelf0 = 0 + 0 
 |■
◇分岐終了◇
■
[COMMAND_TEXT_END]
-----
EVENT_ID=34
EVENT_NAME=CharaChip/透明.png
EVENT_X=37
EVENT_Y=59
EVENT_PAGE=1
OPTION_DATA_NUM=0
EVENT_PAGE_NUM=1
EVENT_PAGE=0
EVENT_TILE_ID=-1
GRAPHIC_FILENAME=CharaChip/透明.png
EVENT_DIRECTION=2
EVENT_PATTERN=1
EVENT_OPACITY=255
EVENT_BLENDTYPE=0
EVENT_TRIGGER_TYPE=0
EVENT_CONDITION_0_USE=32
EVENT_CONDITION_TARGET_0=1000000
EVENT_CONDITION_VALUE_0=0
EVENT_CONDITION_1_USE=32
EVENT_CONDITION_TARGET_1=1000000
EVENT_CONDITION_VALUE_1=0
EVENT_CONDITION_2_USE=32
EVENT_CONDITION_TARGET_2=1000000
EVENT_CONDITION_VALUE_2=0
EVENT_CONDITION_3_USE=32
EVENT_CONDITION_TARGET_3=1000000
EVENT_CONDITION_VALUE_3=0
ANIME_SPEED=3
MOVE_SPEED=3
MOVE_FREQUENCY=3
MOVE_TYPE=0
CHARA_OPTION_FLAG=35
ROUTE_OPTION_FLAG=2
ROUTE_COMMAND_NUM=0
OPTION_VAL_NUM=3
OPTION_VAL_0=1
OPTION_VAL_1=0
OPTION_VAL_2=0
COMMAND_NUM=1
--
WoditorEvCOMMAND_START
[0][0,0]<0>()()
WoditorEvCOMMAND_END
--
[COMMAND_TEXT_START]
■
[COMMAND_TEXT_END]
-----
EVENT_ID=35
EVENT_NAME=CharaChip/剣士.png
EVENT_X=38
EVENT_Y=59
EVENT_PAGE=1
OPTION_DATA_NUM=0
EVENT_PAGE_NUM=1
EVENT_PAGE=0
EVENT_TILE_ID=-1
GRAPHIC_FILENAME=CharaChip/剣士.png
EVENT_DIRECTION=8
EVENT_PATTERN=1
EVENT_OPACITY=255
EVENT_BLENDTYPE=0
EVENT_TRIGGER_TYPE=0
EVENT_CONDITION_0_USE=32
EVENT_CONDITION_TARGET_0=1000000
EVENT_CONDITION_VALUE_0=0
EVENT_CONDITION_1_USE=32
EVENT_CONDITION_TARGET_1=1000000
EVENT_CONDITION_VALUE_1=0
EVENT_CONDITION_2_USE=32
EVENT_CONDITION_TARGET_2=1000000
EVENT_CONDITION_VALUE_2=0
EVENT_CONDITION_3_USE=32
EVENT_CONDITION_TARGET_3=1000000
EVENT_CONDITION_VALUE_3=0
ANIME_SPEED=3
MOVE_SPEED=6
MOVE_FREQUENCY=0
MOVE_TYPE=1
CHARA_OPTION_FLAG=163
ROUTE_OPTION_FLAG=1
ROUTE_COMMAND_NUM=1
[ROUTE_COMMAND_0]1
ROUTE_COMMAND_CODE=26
VAL_NUM=0
STR=
OPTION_VAL_NUM=3
OPTION_VAL_0=0
OPTION_VAL_1=1
OPTION_VAL_2=0
COMMAND_NUM=2
--
WoditorEvCOMMAND_START
[101][0,1]<0>()("会議してないけど機密文書を放置してるから入らせちゃ<\n>だめなんだ")
[0][0,0]<0>()()
WoditorEvCOMMAND_END
--
[COMMAND_TEXT_START]
■文章:会議してないけど機密文書を放置してるから入らせちゃ\nだめなんだ
■
[COMMAND_TEXT_END]
-----
EVENT_ID=36
EVENT_NAME=CharaChip/剣士.png
EVENT_X=35
EVENT_Y=72
EVENT_PAGE=1
OPTION_DATA_NUM=0
EVENT_PAGE_NUM=1
EVENT_PAGE=0
EVENT_TILE_ID=-1
GRAPHIC_FILENAME=CharaChip/剣士.png
EVENT_DIRECTION=6
EVENT_PATTERN=1
EVENT_OPACITY=255
EVENT_BLENDTYPE=0
EVENT_TRIGGER_TYPE=0
EVENT_CONDITION_0_USE=32
EVENT_CONDITION_TARGET_0=1000000
EVENT_CONDITION_VALUE_0=0
EVENT_CONDITION_1_USE=32
EVENT_CONDITION_TARGET_1=1000000
EVENT_CONDITION_VALUE_1=0
EVENT_CONDITION_2_USE=32
EVENT_CONDITION_TARGET_2=1000000
EVENT_CONDITION_VALUE_2=0
EVENT_CONDITION_3_USE=32
EVENT_CONDITION_TARGET_3=1000000
EVENT_CONDITION_VALUE_3=0
ANIME_SPEED=3
MOVE_SPEED=3
MOVE_FREQUENCY=3
MOVE_TYPE=0
CHARA_OPTION_FLAG=35
ROUTE_OPTION_FLAG=2
ROUTE_COMMAND_NUM=0
OPTION_VAL_NUM=3
OPTION_VAL_0=0
OPTION_VAL_1=0
OPTION_VAL_2=0
COMMAND_NUM=1
--
WoditorEvCOMMAND_START
[0][0,0]<0>()()
WoditorEvCOMMAND_END
--
[COMMAND_TEXT_START]
■
[COMMAND_TEXT_END]
-----
EVENT_ID=37
EVENT_NAME=CharaChip/takarabako_pipo.png
EVENT_X=5
EVENT_Y=79
EVENT_PAGE=3
OPTION_DATA_NUM=0
EVENT_PAGE_NUM=3
EVENT_PAGE=0
EVENT_TILE_ID=-1
GRAPHIC_FILENAME=CharaChip/takarabako_pipo.png
EVENT_DIRECTION=8
EVENT_PATTERN=0
EVENT_OPACITY=255
EVENT_BLENDTYPE=0
EVENT_TRIGGER_TYPE=0
EVENT_CONDITION_0_USE=33
EVENT_CONDITION_TARGET_0=1000000
EVENT_CONDITION_VALUE_0=0
EVENT_CONDITION_1_USE=32
EVENT_CONDITION_TARGET_1=1000000
EVENT_CONDITION_VALUE_1=0
EVENT_CONDITION_2_USE=32
EVENT_CONDITION_TARGET_2=1000000
EVENT_CONDITION_VALUE_2=0
EVENT_CONDITION_3_USE=32
EVENT_CONDITION_TARGET_3=1000000
EVENT_CONDITION_VALUE_3=0
ANIME_SPEED=3
MOVE_SPEED=3
MOVE_FREQUENCY=3
MOVE_TYPE=0
CHARA_OPTION_FLAG=36
ROUTE_OPTION_FLAG=2
ROUTE_COMMAND_NUM=0
OPTION_VAL_NUM=3
OPTION_VAL_0=0
OPTION_VAL_1=0
OPTION_VAL_2=0
COMMAND_NUM=9
--
WoditorEvCOMMAND_START
[140][7,1]<0>(33554464,0,0,0,100,100,0)("nobihazaSE/ドア開け.ogg")
[121][4,0]<0>(1100000,1,0,0)()
[180][1,0]<0>(2)()
[121][4,0]<0>(1100000,2,0,0)()
[180][1,0]<0>(2)()
[121][4,0]<0>(1100000,3,0,0)()
[180][1,0]<0>(2)()
[210][5,0]<0>(500000,3,26,3,1)()
[0][0,0]<0>()()
WoditorEvCOMMAND_END
--
[COMMAND_TEXT_START]
■サウンド：SE ﾌｧｲﾙ[nobihazaSE/ドア開け.ogg] 音 100％ 周 100％ (0 ﾁｬﾝﾈﾙ) 再生 / 遅延：0ﾌﾚｰﾑ
■変数操作: このEvのSelf0 = 1 + 0 
■ウェイト：2 フレーム
■変数操作: このEvのSelf0 = 2 + 0 
■ウェイト：2 フレーム
■変数操作: このEvのSelf0 = 3 + 0 
■ウェイト：2 フレーム
■イベントの挿入： コモン0：[ ○アイテム増減 ] / 26:グリーンハーブ / 3 / 1:あり[単位：～個]
■
[COMMAND_TEXT_END]
EVENT_PAGE=1
EVENT_TILE_ID=-1
GRAPHIC_FILENAME=CharaChip/takarabako_pipo.png
EVENT_DIRECTION=8
EVENT_PATTERN=1
EVENT_OPACITY=255
EVENT_BLENDTYPE=0
EVENT_TRIGGER_TYPE=0
EVENT_CONDITION_0_USE=33
EVENT_CONDITION_TARGET_0=1000000
EVENT_CONDITION_VALUE_0=1
EVENT_CONDITION_1_USE=32
EVENT_CONDITION_TARGET_1=1000000
EVENT_CONDITION_VALUE_1=0
EVENT_CONDITION_2_USE=32
EVENT_CONDITION_TARGET_2=1000000
EVENT_CONDITION_VALUE_2=0
EVENT_CONDITION_3_USE=32
EVENT_CONDITION_TARGET_3=1000000
EVENT_CONDITION_VALUE_3=0
ANIME_SPEED=3
MOVE_SPEED=3
MOVE_FREQUENCY=3
MOVE_TYPE=0
CHARA_OPTION_FLAG=36
ROUTE_OPTION_FLAG=2
ROUTE_COMMAND_NUM=0
OPTION_VAL_NUM=3
OPTION_VAL_0=0
OPTION_VAL_1=0
OPTION_VAL_2=0
COMMAND_NUM=1
--
WoditorEvCOMMAND_START
[0][0,0]<0>()()
WoditorEvCOMMAND_END
--
[COMMAND_TEXT_START]
■
[COMMAND_TEXT_END]
EVENT_PAGE=2
EVENT_TILE_ID=-1
GRAPHIC_FILENAME=CharaChip/takarabako_pipo.png
EVENT_DIRECTION=8
EVENT_PATTERN=2
EVENT_OPACITY=255
EVENT_BLENDTYPE=0
EVENT_TRIGGER_TYPE=0
EVENT_CONDITION_0_USE=33
EVENT_CONDITION_TARGET_0=1000000
EVENT_CONDITION_VALUE_0=3
EVENT_CONDITION_1_USE=32
EVENT_CONDITION_TARGET_1=1000000
EVENT_CONDITION_VALUE_1=0
EVENT_CONDITION_2_USE=32
EVENT_CONDITION_TARGET_2=1000000
EVENT_CONDITION_VALUE_2=0
EVENT_CONDITION_3_USE=32
EVENT_CONDITION_TARGET_3=1000000
EVENT_CONDITION_VALUE_3=0
ANIME_SPEED=3
MOVE_SPEED=3
MOVE_FREQUENCY=3
MOVE_TYPE=0
CHARA_OPTION_FLAG=36
ROUTE_OPTION_FLAG=2
ROUTE_COMMAND_NUM=0
OPTION_VAL_NUM=3
OPTION_VAL_0=0
OPTION_VAL_1=0
OPTION_VAL_2=0
COMMAND_NUM=6
--
WoditorEvCOMMAND_START
[111][4,0]<0>(1,2000017,1,2)()
[401][1,0]<0>(1)()
[121][4,0]<1>(1100000,0,0,0)()
[0][0,0]<1>()()
[499][0,0]<0>()()
[0][0,0]<0>()()
WoditorEvCOMMAND_END
--
[COMMAND_TEXT_START]
■条件分岐(数値):  【1】 V17[デバッグ]  が   1 と同じ 
-◇分岐： 【1】  [ V17[デバッグ]  が  1 と同じ  ]の場合↓
 |■変数操作: このEvのSelf0 = 0 + 0 
 |■
◇分岐終了◇
■
[COMMAND_TEXT_END]
-----
EVENT_ID=38
EVENT_NAME=CharaChip/takarabako_pipo.png
EVENT_X=39
EVENT_Y=79
EVENT_PAGE=3
OPTION_DATA_NUM=0
EVENT_PAGE_NUM=3
EVENT_PAGE=0
EVENT_TILE_ID=-1
GRAPHIC_FILENAME=CharaChip/takarabako_pipo.png
EVENT_DIRECTION=8
EVENT_PATTERN=0
EVENT_OPACITY=255
EVENT_BLENDTYPE=0
EVENT_TRIGGER_TYPE=0
EVENT_CONDITION_0_USE=33
EVENT_CONDITION_TARGET_0=1000000
EVENT_CONDITION_VALUE_0=0
EVENT_CONDITION_1_USE=32
EVENT_CONDITION_TARGET_1=1000000
EVENT_CONDITION_VALUE_1=0
EVENT_CONDITION_2_USE=32
EVENT_CONDITION_TARGET_2=1000000
EVENT_CONDITION_VALUE_2=0
EVENT_CONDITION_3_USE=32
EVENT_CONDITION_TARGET_3=1000000
EVENT_CONDITION_VALUE_3=0
ANIME_SPEED=3
MOVE_SPEED=3
MOVE_FREQUENCY=3
MOVE_TYPE=0
CHARA_OPTION_FLAG=36
ROUTE_OPTION_FLAG=2
ROUTE_COMMAND_NUM=0
OPTION_VAL_NUM=3
OPTION_VAL_0=0
OPTION_VAL_1=0
OPTION_VAL_2=0
COMMAND_NUM=11
--
WoditorEvCOMMAND_START
[140][7,1]<0>(33554464,0,0,0,100,100,0)("nobihazaSE/ドア開け.ogg")
[121][4,0]<0>(1100000,1,0,0)()
[180][1,0]<0>(2)()
[121][4,0]<0>(1100000,2,0,0)()
[180][1,0]<0>(2)()
[121][4,0]<0>(1100000,3,0,0)()
[180][1,0]<0>(2)()
[210][5,0]<0>(500000,3,41,1,1)()
[210][5,0]<0>(500000,3,40,1,1)()
[210][5,0]<0>(500000,3,35,1,1)()
[0][0,0]<0>()()
WoditorEvCOMMAND_END
--
[COMMAND_TEXT_START]
■サウンド：SE ﾌｧｲﾙ[nobihazaSE/ドア開け.ogg] 音 100％ 周 100％ (0 ﾁｬﾝﾈﾙ) 再生 / 遅延：0ﾌﾚｰﾑ
■変数操作: このEvのSelf0 = 1 + 0 
■ウェイト：2 フレーム
■変数操作: このEvのSelf0 = 2 + 0 
■ウェイト：2 フレーム
■変数操作: このEvのSelf0 = 3 + 0 
■ウェイト：2 フレーム
■イベントの挿入： コモン0：[ ○アイテム増減 ] / 41:サンプル / 1 / 1:あり[単位：～個]
■イベントの挿入： コモン0：[ ○アイテム増減 ] / 40:止血剤 / 1 / 1:あり[単位：～個]
■イベントの挿入： コモン0：[ ○アイテム増減 ] / 35:船 / 1 / 1:あり[単位：～個]
■
[COMMAND_TEXT_END]
EVENT_PAGE=1
EVENT_TILE_ID=-1
GRAPHIC_FILENAME=CharaChip/takarabako_pipo.png
EVENT_DIRECTION=8
EVENT_PATTERN=1
EVENT_OPACITY=255
EVENT_BLENDTYPE=0
EVENT_TRIGGER_TYPE=0
EVENT_CONDITION_0_USE=33
EVENT_CONDITION_TARGET_0=1000000
EVENT_CONDITION_VALUE_0=1
EVENT_CONDITION_1_USE=32
EVENT_CONDITION_TARGET_1=1000000
EVENT_CONDITION_VALUE_1=0
EVENT_CONDITION_2_USE=32
EVENT_CONDITION_TARGET_2=1000000
EVENT_CONDITION_VALUE_2=0
EVENT_CONDITION_3_USE=32
EVENT_CONDITION_TARGET_3=1000000
EVENT_CONDITION_VALUE_3=0
ANIME_SPEED=3
MOVE_SPEED=3
MOVE_FREQUENCY=3
MOVE_TYPE=0
CHARA_OPTION_FLAG=36
ROUTE_OPTION_FLAG=2
ROUTE_COMMAND_NUM=0
OPTION_VAL_NUM=3
OPTION_VAL_0=0
OPTION_VAL_1=0
OPTION_VAL_2=0
COMMAND_NUM=1
--
WoditorEvCOMMAND_START
[0][0,0]<0>()()
WoditorEvCOMMAND_END
--
[COMMAND_TEXT_START]
■
[COMMAND_TEXT_END]
EVENT_PAGE=2
EVENT_TILE_ID=-1
GRAPHIC_FILENAME=CharaChip/takarabako_pipo.png
EVENT_DIRECTION=8
EVENT_PATTERN=2
EVENT_OPACITY=255
EVENT_BLENDTYPE=0
EVENT_TRIGGER_TYPE=0
EVENT_CONDITION_0_USE=33
EVENT_CONDITION_TARGET_0=1000000
EVENT_CONDITION_VALUE_0=3
EVENT_CONDITION_1_USE=32
EVENT_CONDITION_TARGET_1=1000000
EVENT_CONDITION_VALUE_1=0
EVENT_CONDITION_2_USE=32
EVENT_CONDITION_TARGET_2=1000000
EVENT_CONDITION_VALUE_2=0
EVENT_CONDITION_3_USE=32
EVENT_CONDITION_TARGET_3=1000000
EVENT_CONDITION_VALUE_3=0
ANIME_SPEED=3
MOVE_SPEED=3
MOVE_FREQUENCY=3
MOVE_TYPE=0
CHARA_OPTION_FLAG=36
ROUTE_OPTION_FLAG=2
ROUTE_COMMAND_NUM=0
OPTION_VAL_NUM=3
OPTION_VAL_0=0
OPTION_VAL_1=0
OPTION_VAL_2=0
COMMAND_NUM=6
--
WoditorEvCOMMAND_START
[111][4,0]<0>(1,2000017,1,2)()
[401][1,0]<0>(1)()
[121][4,0]<1>(1100000,0,0,0)()
[0][0,0]<1>()()
[499][0,0]<0>()()
[0][0,0]<0>()()
WoditorEvCOMMAND_END
--
[COMMAND_TEXT_START]
■条件分岐(数値):  【1】 V17[デバッグ]  が   1 と同じ 
-◇分岐： 【1】  [ V17[デバッグ]  が  1 と同じ  ]の場合↓
 |■変数操作: このEvのSelf0 = 0 + 0 
 |■
◇分岐終了◇
■
[COMMAND_TEXT_END]
-----
EVENT_ID=39
EVENT_NAME=CharaChip/takarabako_pipo.png
EVENT_X=39
EVENT_Y=37
EVENT_PAGE=3
OPTION_DATA_NUM=0
EVENT_PAGE_NUM=3
EVENT_PAGE=0
EVENT_TILE_ID=-1
GRAPHIC_FILENAME=CharaChip/takarabako_pipo.png
EVENT_DIRECTION=8
EVENT_PATTERN=0
EVENT_OPACITY=255
EVENT_BLENDTYPE=0
EVENT_TRIGGER_TYPE=0
EVENT_CONDITION_0_USE=33
EVENT_CONDITION_TARGET_0=1000000
EVENT_CONDITION_VALUE_0=0
EVENT_CONDITION_1_USE=32
EVENT_CONDITION_TARGET_1=1000000
EVENT_CONDITION_VALUE_1=0
EVENT_CONDITION_2_USE=32
EVENT_CONDITION_TARGET_2=1000000
EVENT_CONDITION_VALUE_2=0
EVENT_CONDITION_3_USE=32
EVENT_CONDITION_TARGET_3=1000000
EVENT_CONDITION_VALUE_3=0
ANIME_SPEED=3
MOVE_SPEED=3
MOVE_FREQUENCY=3
MOVE_TYPE=0
CHARA_OPTION_FLAG=36
ROUTE_OPTION_FLAG=2
ROUTE_COMMAND_NUM=0
OPTION_VAL_NUM=3
OPTION_VAL_0=0
OPTION_VAL_1=0
OPTION_VAL_2=0
COMMAND_NUM=9
--
WoditorEvCOMMAND_START
[140][7,1]<0>(33554464,0,0,0,100,100,0)("nobihazaSE/ドア開け.ogg")
[121][4,0]<0>(1100000,1,0,0)()
[180][1,0]<0>(2)()
[121][4,0]<0>(1100000,2,0,0)()
[180][1,0]<0>(2)()
[121][4,0]<0>(1100000,3,0,0)()
[180][1,0]<0>(2)()
[210][5,0]<0>(500000,3,28,1,1)()
[0][0,0]<0>()()
WoditorEvCOMMAND_END
--
[COMMAND_TEXT_START]
■サウンド：SE ﾌｧｲﾙ[nobihazaSE/ドア開け.ogg] 音 100％ 周 100％ (0 ﾁｬﾝﾈﾙ) 再生 / 遅延：0ﾌﾚｰﾑ
■変数操作: このEvのSelf0 = 1 + 0 
■ウェイト：2 フレーム
■変数操作: このEvのSelf0 = 2 + 0 
■ウェイト：2 フレーム
■変数操作: このEvのSelf0 = 3 + 0 
■ウェイト：2 フレーム
■イベントの挿入： コモン0：[ ○アイテム増減 ] / 28:レッドハーブ / 1 / 1:あり[単位：～個]
■
[COMMAND_TEXT_END]
EVENT_PAGE=1
EVENT_TILE_ID=-1
GRAPHIC_FILENAME=CharaChip/takarabako_pipo.png
EVENT_DIRECTION=8
EVENT_PATTERN=1
EVENT_OPACITY=255
EVENT_BLENDTYPE=0
EVENT_TRIGGER_TYPE=0
EVENT_CONDITION_0_USE=33
EVENT_CONDITION_TARGET_0=1000000
EVENT_CONDITION_VALUE_0=1
EVENT_CONDITION_1_USE=32
EVENT_CONDITION_TARGET_1=1000000
EVENT_CONDITION_VALUE_1=0
EVENT_CONDITION_2_USE=32
EVENT_CONDITION_TARGET_2=1000000
EVENT_CONDITION_VALUE_2=0
EVENT_CONDITION_3_USE=32
EVENT_CONDITION_TARGET_3=1000000
EVENT_CONDITION_VALUE_3=0
ANIME_SPEED=3
MOVE_SPEED=3
MOVE_FREQUENCY=3
MOVE_TYPE=0
CHARA_OPTION_FLAG=36
ROUTE_OPTION_FLAG=2
ROUTE_COMMAND_NUM=0
OPTION_VAL_NUM=3
OPTION_VAL_0=0
OPTION_VAL_1=0
OPTION_VAL_2=0
COMMAND_NUM=1
--
WoditorEvCOMMAND_START
[0][0,0]<0>()()
WoditorEvCOMMAND_END
--
[COMMAND_TEXT_START]
■
[COMMAND_TEXT_END]
EVENT_PAGE=2
EVENT_TILE_ID=-1
GRAPHIC_FILENAME=CharaChip/takarabako_pipo.png
EVENT_DIRECTION=8
EVENT_PATTERN=2
EVENT_OPACITY=255
EVENT_BLENDTYPE=0
EVENT_TRIGGER_TYPE=0
EVENT_CONDITION_0_USE=33
EVENT_CONDITION_TARGET_0=1000000
EVENT_CONDITION_VALUE_0=3
EVENT_CONDITION_1_USE=32
EVENT_CONDITION_TARGET_1=1000000
EVENT_CONDITION_VALUE_1=0
EVENT_CONDITION_2_USE=32
EVENT_CONDITION_TARGET_2=1000000
EVENT_CONDITION_VALUE_2=0
EVENT_CONDITION_3_USE=32
EVENT_CONDITION_TARGET_3=1000000
EVENT_CONDITION_VALUE_3=0
ANIME_SPEED=3
MOVE_SPEED=3
MOVE_FREQUENCY=3
MOVE_TYPE=0
CHARA_OPTION_FLAG=36
ROUTE_OPTION_FLAG=2
ROUTE_COMMAND_NUM=0
OPTION_VAL_NUM=3
OPTION_VAL_0=0
OPTION_VAL_1=0
OPTION_VAL_2=0
COMMAND_NUM=6
--
WoditorEvCOMMAND_START
[111][4,0]<0>(1,2000017,1,2)()
[401][1,0]<0>(1)()
[121][4,0]<1>(1100000,0,0,0)()
[0][0,0]<1>()()
[499][0,0]<0>()()
[0][0,0]<0>()()
WoditorEvCOMMAND_END
--
[COMMAND_TEXT_START]
■条件分岐(数値):  【1】 V17[デバッグ]  が   1 と同じ 
-◇分岐： 【1】  [ V17[デバッグ]  が  1 と同じ  ]の場合↓
 |■変数操作: このEvのSelf0 = 0 + 0 
 |■
◇分岐終了◇
■
[COMMAND_TEXT_END]
-----
EVENT_ID=40
EVENT_NAME=
EVENT_X=7
EVENT_Y=51
EVENT_PAGE=1
OPTION_DATA_NUM=0
EVENT_PAGE_NUM=1
EVENT_PAGE=0
EVENT_TILE_ID=859
GRAPHIC_FILENAME=
EVENT_DIRECTION=2
EVENT_PATTERN=1
EVENT_OPACITY=255
EVENT_BLENDTYPE=0
EVENT_TRIGGER_TYPE=0
EVENT_CONDITION_0_USE=32
EVENT_CONDITION_TARGET_0=1000000
EVENT_CONDITION_VALUE_0=0
EVENT_CONDITION_1_USE=32
EVENT_CONDITION_TARGET_1=1000000
EVENT_CONDITION_VALUE_1=0
EVENT_CONDITION_2_USE=32
EVENT_CONDITION_TARGET_2=1000000
EVENT_CONDITION_VALUE_2=0
EVENT_CONDITION_3_USE=32
EVENT_CONDITION_TARGET_3=1000000
EVENT_CONDITION_VALUE_3=0
ANIME_SPEED=3
MOVE_SPEED=3
MOVE_FREQUENCY=3
MOVE_TYPE=0
CHARA_OPTION_FLAG=124
ROUTE_OPTION_FLAG=2
ROUTE_COMMAND_NUM=0
OPTION_VAL_NUM=3
OPTION_VAL_0=1
OPTION_VAL_1=0
OPTION_VAL_2=0
COMMAND_NUM=1
--
WoditorEvCOMMAND_START
[0][0,0]<0>()()
WoditorEvCOMMAND_END
--
[COMMAND_TEXT_START]
■
[COMMAND_TEXT_END]
-----
EVENT_ID=41
EVENT_NAME=CharaChip/剣士.png
EVENT_X=37
EVENT_Y=49
EVENT_PAGE=1
OPTION_DATA_NUM=0
EVENT_PAGE_NUM=1
EVENT_PAGE=0
EVENT_TILE_ID=-1
GRAPHIC_FILENAME=CharaChip/剣士.png
EVENT_DIRECTION=4
EVENT_PATTERN=1
EVENT_OPACITY=255
EVENT_BLENDTYPE=0
EVENT_TRIGGER_TYPE=0
EVENT_CONDITION_0_USE=32
EVENT_CONDITION_TARGET_0=1000000
EVENT_CONDITION_VALUE_0=0
EVENT_CONDITION_1_USE=32
EVENT_CONDITION_TARGET_1=1000000
EVENT_CONDITION_VALUE_1=0
EVENT_CONDITION_2_USE=32
EVENT_CONDITION_TARGET_2=1000000
EVENT_CONDITION_VALUE_2=0
EVENT_CONDITION_3_USE=32
EVENT_CONDITION_TARGET_3=1000000
EVENT_CONDITION_VALUE_3=0
ANIME_SPEED=3
MOVE_SPEED=3
MOVE_FREQUENCY=3
MOVE_TYPE=0
CHARA_OPTION_FLAG=35
ROUTE_OPTION_FLAG=2
ROUTE_COMMAND_NUM=0
OPTION_VAL_NUM=3
OPTION_VAL_0=0
OPTION_VAL_1=0
OPTION_VAL_2=0
COMMAND_NUM=1
--
WoditorEvCOMMAND_START
[0][0,0]<0>()()
WoditorEvCOMMAND_END
--
[COMMAND_TEXT_START]
■
[COMMAND_TEXT_END]
-----
EVENT_ID=42
EVENT_NAME=
EVENT_X=7
EVENT_Y=64
EVENT_PAGE=1
OPTION_DATA_NUM=0
EVENT_PAGE_NUM=1
EVENT_PAGE=0
EVENT_TILE_ID=858
GRAPHIC_FILENAME=
EVENT_DIRECTION=2
EVENT_PATTERN=1
EVENT_OPACITY=255
EVENT_BLENDTYPE=0
EVENT_TRIGGER_TYPE=0
EVENT_CONDITION_0_USE=32
EVENT_CONDITION_TARGET_0=1000000
EVENT_CONDITION_VALUE_0=0
EVENT_CONDITION_1_USE=32
EVENT_CONDITION_TARGET_1=1000000
EVENT_CONDITION_VALUE_1=0
EVENT_CONDITION_2_USE=32
EVENT_CONDITION_TARGET_2=1000000
EVENT_CONDITION_VALUE_2=0
EVENT_CONDITION_3_USE=32
EVENT_CONDITION_TARGET_3=1000000
EVENT_CONDITION_VALUE_3=0
ANIME_SPEED=3
MOVE_SPEED=3
MOVE_FREQUENCY=3
MOVE_TYPE=0
CHARA_OPTION_FLAG=124
ROUTE_OPTION_FLAG=2
ROUTE_COMMAND_NUM=0
OPTION_VAL_NUM=3
OPTION_VAL_0=1
OPTION_VAL_1=0
OPTION_VAL_2=0
COMMAND_NUM=1
--
WoditorEvCOMMAND_START
[0][0,0]<0>()()
WoditorEvCOMMAND_END
--
[COMMAND_TEXT_START]
■
[COMMAND_TEXT_END]
-----
EVENT_ID=43
EVENT_NAME=CharaChip/[ウ]のび太セット07.png
EVENT_X=24
EVENT_Y=8
EVENT_PAGE=1
OPTION_DATA_NUM=0
EVENT_PAGE_NUM=1
EVENT_PAGE=0
EVENT_TILE_ID=-1
GRAPHIC_FILENAME=CharaChip/[ウ]のび太セット07.png
EVENT_DIRECTION=2
EVENT_PATTERN=1
EVENT_OPACITY=255
EVENT_BLENDTYPE=0
EVENT_TRIGGER_TYPE=0
EVENT_CONDITION_0_USE=32
EVENT_CONDITION_TARGET_0=1000000
EVENT_CONDITION_VALUE_0=0
EVENT_CONDITION_1_USE=32
EVENT_CONDITION_TARGET_1=1000000
EVENT_CONDITION_VALUE_1=0
EVENT_CONDITION_2_USE=32
EVENT_CONDITION_TARGET_2=1000000
EVENT_CONDITION_VALUE_2=0
EVENT_CONDITION_3_USE=32
EVENT_CONDITION_TARGET_3=1000000
EVENT_CONDITION_VALUE_3=0
ANIME_SPEED=3
MOVE_SPEED=3
MOVE_FREQUENCY=3
MOVE_TYPE=0
CHARA_OPTION_FLAG=35
ROUTE_OPTION_FLAG=2
ROUTE_COMMAND_NUM=0
OPTION_VAL_NUM=3
OPTION_VAL_0=0
OPTION_VAL_1=0
OPTION_VAL_2=0
COMMAND_NUM=3
--
WoditorEvCOMMAND_START
[101][0,1]<0>()("※操作方法<\n>　\c[1]\i[135] または \i[142]・\i[140]\c[0]：決定キー<\n>　\c[1]\i[133] または \i[141]\c[0]：キャンセル<\n>　\c[1]\i[143] \c[0]：ダッシュ")
[1000][1,1]<0>(6)("-basic <dqrt>nobihaza<dqrt>")
[0][0,0]<0>()()
WoditorEvCOMMAND_END
--
[COMMAND_TEXT_START]
■文章:※操作方法\n　\c[1]\i[135] または \i[142]・\i[140]\c[0]：決定キー\n　\c[1]\i[133] または \i[141]\c[0]：キャンセル\n　\c[1]\i[143] \c[0]：ダッシュ
■[Pro] ゲーム再起動(引数設定あり) [-basic "nobihaza"]
■
[COMMAND_TEXT_END]
-----
EVENT_ID=44
EVENT_NAME=
EVENT_X=0
EVENT_Y=56
EVENT_PAGE=1
OPTION_DATA_NUM=0
EVENT_PAGE_NUM=1
EVENT_PAGE=0
EVENT_TILE_ID=-1
GRAPHIC_FILENAME=
EVENT_DIRECTION=2
EVENT_PATTERN=1
EVENT_OPACITY=255
EVENT_BLENDTYPE=0
EVENT_TRIGGER_TYPE=3
EVENT_CONDITION_0_USE=32
EVENT_CONDITION_TARGET_0=1000000
EVENT_CONDITION_VALUE_0=0
EVENT_CONDITION_1_USE=32
EVENT_CONDITION_TARGET_1=1000000
EVENT_CONDITION_VALUE_1=0
EVENT_CONDITION_2_USE=32
EVENT_CONDITION_TARGET_2=1000000
EVENT_CONDITION_VALUE_2=0
EVENT_CONDITION_3_USE=32
EVENT_CONDITION_TARGET_3=1000000
EVENT_CONDITION_VALUE_3=0
ANIME_SPEED=3
MOVE_SPEED=3
MOVE_FREQUENCY=3
MOVE_TYPE=0
CHARA_OPTION_FLAG=35
ROUTE_OPTION_FLAG=2
ROUTE_COMMAND_NUM=0
OPTION_VAL_NUM=3
OPTION_VAL_0=0
OPTION_VAL_1=0
OPTION_VAL_2=4
COMMAND_NUM=2
--
WoditorEvCOMMAND_START
[130][5,0]<0>(-1,24,2000007,59,16)()
[0][0,0]<0>()()
WoditorEvCOMMAND_END
--
[COMMAND_TEXT_START]
■場所移動：主人公 ▲マップID59[×NoData] X:24 Y:V7[Y]  [ﾄﾗﾝｼﾞｼｮﾝ + 暗転なし]
■
[COMMAND_TEXT_END]
-----
EVENT_ID=45
EVENT_NAME=
EVENT_X=40
EVENT_Y=56
EVENT_PAGE=1
OPTION_DATA_NUM=0
EVENT_PAGE_NUM=1
EVENT_PAGE=0
EVENT_TILE_ID=-1
GRAPHIC_FILENAME=
EVENT_DIRECTION=2
EVENT_PATTERN=1
EVENT_OPACITY=255
EVENT_BLENDTYPE=0
EVENT_TRIGGER_TYPE=3
EVENT_CONDITION_0_USE=32
EVENT_CONDITION_TARGET_0=1000000
EVENT_CONDITION_VALUE_0=0
EVENT_CONDITION_1_USE=32
EVENT_CONDITION_TARGET_1=1000000
EVENT_CONDITION_VALUE_1=0
EVENT_CONDITION_2_USE=32
EVENT_CONDITION_TARGET_2=1000000
EVENT_CONDITION_VALUE_2=0
EVENT_CONDITION_3_USE=32
EVENT_CONDITION_TARGET_3=1000000
EVENT_CONDITION_VALUE_3=0
ANIME_SPEED=3
MOVE_SPEED=3
MOVE_FREQUENCY=3
MOVE_TYPE=0
CHARA_OPTION_FLAG=35
ROUTE_OPTION_FLAG=2
ROUTE_COMMAND_NUM=0
OPTION_VAL_NUM=3
OPTION_VAL_0=0
OPTION_VAL_1=0
OPTION_VAL_2=4
COMMAND_NUM=36
--
WoditorEvCOMMAND_START
[121][4,0]<0>(1100000,2000007,31,4096)()
[160][3,0]<0>(-1,0,15)()
[103][0,1]<0>()("座標で計算したらやり方が悪かったのか")
[103][0,1]<0>()("全く機能しなかったので手動で。気が向いたら")
[103][0,1]<0>()("計算式にします。(汎用性が高く今後使う可能性あり)")
[111][13,0]<0>(20,2000007,54,2,2000007,55,2,2000007,56,2,2000007,57,2)()
[401][1,0]<0>(1)()
[121][4,0]<1>(1100001,-2,0,0)()
[0][0,0]<1>()()
[401][1,0]<0>(2)()
[121][4,0]<1>(1100001,-3,0,0)()
[0][0,0]<1>()()
[401][1,0]<0>(3)()
[121][4,0]<1>(1100001,-4,0,0)()
[0][0,0]<1>()()
[401][1,0]<0>(4)()
[121][4,0]<1>(1100001,-5,0,0)()
[0][0,0]<1>()()
[420][1,0]<0>(0)()
[111][4,0]<1>(17,2000007,58,2)()
[401][1,0]<1>(1)()
[121][4,0]<2>(1100001,-6,0,0)()
[0][0,0]<2>()()
[420][1,0]<1>(0)()
[130][5,0]<2>(-1,1,25,59,16)()
[281][3,0]<2>(128,0,-4)()
[281][3,0]<2>(130,0,-3)()
[172][0,0]<2>()()
[0][0,0]<2>()()
[499][0,0]<1>()()
[0][0,0]<1>()()
[499][0,0]<0>()()
[130][5,0]<0>(-1,1,1100000,59,16)()
[281][3,0]<0>(128,0,1100001)()
[281][3,0]<0>(130,0,-3)()
[0][0,0]<0>()()
WoditorEvCOMMAND_END
--
[COMMAND_TEXT_START]
■変数操作: このEvのSelf0 = V7[Y] - 31 
■ﾄﾗﾝｼﾞｼｮﾝﾀｲﾌﾟ指定： [単純切替] 15ﾌﾚｰﾑ
▼ 座標で計算したらやり方が悪かったのか
▼ 全く機能しなかったので手動で。気が向いたら
▼ 計算式にします。(汎用性が高く今後使う可能性あり)
■条件分岐(数値):  【1】 V7[Y]  が   54 と同じ  【2】 V7[Y]  が   55 と同じ  【3】 V7[Y]  が   56 と同じ  【4】 V7[Y]  が   57 と同じ 
-◇分岐： 【1】  [ V7[Y]  が  54 と同じ  ]の場合↓
 |■変数操作: このEvのSelf1 = -2 + 0 
 |■
-◇分岐： 【2】  [ V7[Y]  が  55 と同じ  ]の場合↓
 |■変数操作: このEvのSelf1 = -3 + 0 
 |■
-◇分岐： 【3】  [ V7[Y]  が  56 と同じ  ]の場合↓
 |■変数操作: このEvのSelf1 = -4 + 0 
 |■
-◇分岐： 【4】  [ V7[Y]  が  57 と同じ  ]の場合↓
 |■変数操作: このEvのSelf1 = -5 + 0 
 |■
-◇上記以外
 |■条件分岐(数値):  【1】 V7[Y]  が   58 と同じ 
 |-◇分岐： 【1】  [ V7[Y]  が  58 と同じ  ]の場合↓
 | |■変数操作: このEvのSelf1 = -6 + 0 
 | |■
 |-◇上記以外
 | |■場所移動：主人公 ▲マップID59[×NoData] X:1 Y:25  [ﾄﾗﾝｼﾞｼｮﾝ + 暗転なし]
 | |■画面スクロール：画面移動 瞬間 右方向:0 下方向:-4
 | |■画面スクロール：縦横スクロールロック
 | |■イベント処理中断
 | |■
 |◇分岐終了◇
 |■
◇分岐終了◇
■場所移動：主人公 ▲マップID59[×NoData] X:1 Y:このEvのSelf0  [ﾄﾗﾝｼﾞｼｮﾝ + 暗転なし]
■画面スクロール：画面移動 瞬間 右方向:0 下方向:このEvのSelf1
■画面スクロール：縦横スクロールロック
■
[COMMAND_TEXT_END]
-----
EVENT_ID=46
EVENT_NAME=
EVENT_X=19
EVENT_Y=80
EVENT_PAGE=1
OPTION_DATA_NUM=0
EVENT_PAGE_NUM=1
EVENT_PAGE=0
EVENT_TILE_ID=-1
GRAPHIC_FILENAME=
EVENT_DIRECTION=2
EVENT_PATTERN=1
EVENT_OPACITY=255
EVENT_BLENDTYPE=0
EVENT_TRIGGER_TYPE=4
EVENT_CONDITION_0_USE=32
EVENT_CONDITION_TARGET_0=1000000
EVENT_CONDITION_VALUE_0=0
EVENT_CONDITION_1_USE=32
EVENT_CONDITION_TARGET_1=1000000
EVENT_CONDITION_VALUE_1=0
EVENT_CONDITION_2_USE=32
EVENT_CONDITION_TARGET_2=1000000
EVENT_CONDITION_VALUE_2=0
EVENT_CONDITION_3_USE=32
EVENT_CONDITION_TARGET_3=1000000
EVENT_CONDITION_VALUE_3=0
ANIME_SPEED=3
MOVE_SPEED=3
MOVE_FREQUENCY=3
MOVE_TYPE=0
CHARA_OPTION_FLAG=163
ROUTE_OPTION_FLAG=2
ROUTE_COMMAND_NUM=0
OPTION_VAL_NUM=3
OPTION_VAL_0=0
OPTION_VAL_1=1
OPTION_VAL_2=0
COMMAND_NUM=3
--
WoditorEvCOMMAND_START
[140][7,0]<0>(4384,0,0,0,0,0,0)()
[130][5,0]<0>(-1,48,7,46,32)()
[0][0,0]<0>()()
WoditorEvCOMMAND_END
--
[COMMAND_TEXT_START]
■サウンド：SE17「ドア開け」(0 ﾁｬﾝﾈﾙ) 再生 / 遅延：0ﾌﾚｰﾑ
■場所移動：主人公 ▲マップID46[] X:48 Y:7  [ﾄﾗﾝｼﾞｼｮﾝ + 暗転有り]
■
[COMMAND_TEXT_END]
-----
EVENT_ID=47
EVENT_NAME=
EVENT_X=20
EVENT_Y=80
EVENT_PAGE=1
OPTION_DATA_NUM=0
EVENT_PAGE_NUM=1
EVENT_PAGE=0
EVENT_TILE_ID=-1
GRAPHIC_FILENAME=
EVENT_DIRECTION=2
EVENT_PATTERN=1
EVENT_OPACITY=255
EVENT_BLENDTYPE=0
EVENT_TRIGGER_TYPE=4
EVENT_CONDITION_0_USE=32
EVENT_CONDITION_TARGET_0=1000000
EVENT_CONDITION_VALUE_0=0
EVENT_CONDITION_1_USE=32
EVENT_CONDITION_TARGET_1=1000000
EVENT_CONDITION_VALUE_1=0
EVENT_CONDITION_2_USE=32
EVENT_CONDITION_TARGET_2=1000000
EVENT_CONDITION_VALUE_2=0
EVENT_CONDITION_3_USE=32
EVENT_CONDITION_TARGET_3=1000000
EVENT_CONDITION_VALUE_3=0
ANIME_SPEED=3
MOVE_SPEED=3
MOVE_FREQUENCY=3
MOVE_TYPE=0
CHARA_OPTION_FLAG=35
ROUTE_OPTION_FLAG=2
ROUTE_COMMAND_NUM=0
OPTION_VAL_NUM=3
OPTION_VAL_0=0
OPTION_VAL_1=0
OPTION_VAL_2=0
COMMAND_NUM=14
--
WoditorEvCOMMAND_START
[140][7,0]<0>(4384,0,0,0,0,0,0)()
[121][4,0]<0>(1100000,0,1,24576)()
[111][7,0]<0>(18,1100000,0,2,1100000,1,2)()
[401][1,0]<0>(1)()
[130][5,0]<1>(-1,48,7,46,32)()
[0][0,0]<1>()()
[401][1,0]<0>(2)()
[130][5,0]<1>(-1,49,7,46,32)()
[0][0,0]<1>()()
[420][1,0]<0>(0)()
[130][5,0]<1>(-1,48,7,46,32)()
[0][0,0]<1>()()
[499][0,0]<0>()()
[0][0,0]<0>()()
WoditorEvCOMMAND_END
--
[COMMAND_TEXT_START]
■サウンド：SE17「ドア開け」(0 ﾁｬﾝﾈﾙ) 再生 / 遅延：0ﾌﾚｰﾑ
■変数操作: このEvのSelf0 = 0 ～ 1 
■条件分岐(数値):  【1】 このEvのSelf0  が   0 と同じ  【2】 このEvのSelf0  が   1 と同じ 
-◇分岐： 【1】  [ このEvのSelf0  が  0 と同じ  ]の場合↓
 |■場所移動：主人公 ▲マップID46[] X:48 Y:7  [ﾄﾗﾝｼﾞｼｮﾝ + 暗転有り]
 |■
-◇分岐： 【2】  [ このEvのSelf0  が  1 と同じ  ]の場合↓
 |■場所移動：主人公 ▲マップID46[] X:49 Y:7  [ﾄﾗﾝｼﾞｼｮﾝ + 暗転有り]
 |■
-◇上記以外
 |■場所移動：主人公 ▲マップID46[] X:48 Y:7  [ﾄﾗﾝｼﾞｼｮﾝ + 暗転有り]
 |■
◇分岐終了◇
■
[COMMAND_TEXT_END]
-----
EVENT_ID=48
EVENT_NAME=CharaChip/[ウ]ちょい役セット00.png
EVENT_X=24
EVENT_Y=9
EVENT_PAGE=2
OPTION_DATA_NUM=0
EVENT_PAGE_NUM=2
EVENT_PAGE=0
EVENT_TILE_ID=-1
GRAPHIC_FILENAME=CharaChip/[ウ]救急箱02.png
EVENT_DIRECTION=2
EVENT_PATTERN=1
EVENT_OPACITY=255
EVENT_BLENDTYPE=0
EVENT_TRIGGER_TYPE=3
EVENT_CONDITION_0_USE=33
EVENT_CONDITION_TARGET_0=1100003
EVENT_CONDITION_VALUE_0=0
EVENT_CONDITION_1_USE=32
EVENT_CONDITION_TARGET_1=1000000
EVENT_CONDITION_VALUE_1=0
EVENT_CONDITION_2_USE=32
EVENT_CONDITION_TARGET_2=1000000
EVENT_CONDITION_VALUE_2=0
EVENT_CONDITION_3_USE=32
EVENT_CONDITION_TARGET_3=1000000
EVENT_CONDITION_VALUE_3=0
ANIME_SPEED=3
MOVE_SPEED=3
MOVE_FREQUENCY=3
MOVE_TYPE=0
CHARA_OPTION_FLAG=52
ROUTE_OPTION_FLAG=2
ROUTE_COMMAND_NUM=0
OPTION_VAL_NUM=3
OPTION_VAL_0=0
OPTION_VAL_1=0
OPTION_VAL_2=1
COMMAND_NUM=19
--
WoditorEvCOMMAND_START
[103][0,1]<0>()("ピクセル移動必須!!")
[121][4,0]<0>(1100001,2,0,0)()
[121][4,0]<0>(1100002,1100001,-1,8192)()
[124][4,0]<0>(1100000,4096,-2,5)()
[111][13,0]<0>(4,1100000,2,2,1100000,4,2,1100000,6,2,1100000,8,2)()
[401][1,0]<0>(1)()
[290][7,0]<1>(113,0,-1,0,0,1100001,0)()
[0][0,0]<1>()()
[401][1,0]<0>(2)()
[121][4,0]<1>(1100003,1,0,0)()
[0][0,0]<1>()()
[401][1,0]<0>(3)()
[121][4,0]<1>(1100003,1,0,0)()
[0][0,0]<1>()()
[401][1,0]<0>(4)()
[290][7,0]<1>(113,0,-1,0,0,1100002,0)()
[0][0,0]<1>()()
[499][0,0]<0>()()
[0][0,0]<0>()()
WoditorEvCOMMAND_END
--
[COMMAND_TEXT_START]
▼ ピクセル移動必須!!
■変数操作: このEvのSelf1 = 2 + 0 
■変数操作: このEvのSelf2 = このEvのSelf1 * -1 
■変数操作+: このEvのSelf0 = 主人公 の 向き[1～9]
■条件分岐(数値):  【1】 このEvのSelf0  が   2 と同じ  【2】 このEvのSelf0  が   4 と同じ  【3】 このEvのSelf0  が   6 と同じ  【4】 このEvのSelf0  が   8 と同じ 
-◇分岐： 【1】  [ このEvのSelf0  が  2 と同じ  ]の場合↓
 |■キャラエフェクト：このイベント[ピクセル移動(β版)] =>  X 0  Y このEvのSelf1
 |■
-◇分岐： 【2】  [ このEvのSelf0  が  4 と同じ  ]の場合↓
 |■変数操作: このEvのSelf3 = 1 + 0 
 |■
-◇分岐： 【3】  [ このEvのSelf0  が  6 と同じ  ]の場合↓
 |■変数操作: このEvのSelf3 = 1 + 0 
 |■
-◇分岐： 【4】  [ このEvのSelf0  が  8 と同じ  ]の場合↓
 |■キャラエフェクト：このイベント[ピクセル移動(β版)] =>  X 0  Y このEvのSelf2
 |■
◇分岐終了◇
■
[COMMAND_TEXT_END]
EVENT_PAGE=1
EVENT_TILE_ID=-1
GRAPHIC_FILENAME=CharaChip/[ウ]救急箱02.png
EVENT_DIRECTION=2
EVENT_PATTERN=1
EVENT_OPACITY=255
EVENT_BLENDTYPE=0
EVENT_TRIGGER_TYPE=3
EVENT_CONDITION_0_USE=33
EVENT_CONDITION_TARGET_0=1100003
EVENT_CONDITION_VALUE_0=1
EVENT_CONDITION_1_USE=32
EVENT_CONDITION_TARGET_1=1000000
EVENT_CONDITION_VALUE_1=0
EVENT_CONDITION_2_USE=32
EVENT_CONDITION_TARGET_2=1000000
EVENT_CONDITION_VALUE_2=0
EVENT_CONDITION_3_USE=32
EVENT_CONDITION_TARGET_3=1000000
EVENT_CONDITION_VALUE_3=0
ANIME_SPEED=3
MOVE_SPEED=3
MOVE_FREQUENCY=3
MOVE_TYPE=0
CHARA_OPTION_FLAG=52
ROUTE_OPTION_FLAG=2
ROUTE_COMMAND_NUM=0
OPTION_VAL_NUM=3
OPTION_VAL_0=0
OPTION_VAL_1=1
OPTION_VAL_2=0
COMMAND_NUM=19
--
WoditorEvCOMMAND_START
[103][0,1]<0>()("ピクセル移動必須!!")
[121][4,0]<0>(1100001,2,0,0)()
[121][4,0]<0>(1100002,1100001,-1,8192)()
[124][4,0]<0>(1100000,4096,-2,5)()
[111][13,0]<0>(4,1100000,2,2,1100000,4,2,1100000,6,2,1100000,8,2)()
[401][1,0]<0>(1)()
[121][4,0]<1>(1100003,0,0,0)()
[0][0,0]<1>()()
[401][1,0]<0>(2)()
[290][7,0]<1>(113,0,-1,0,1100002,0,0)()
[0][0,0]<1>()()
[401][1,0]<0>(3)()
[290][7,0]<1>(113,0,-1,0,1100001,0,0)()
[0][0,0]<1>()()
[401][1,0]<0>(4)()
[121][4,0]<1>(1100003,0,0,0)()
[0][0,0]<1>()()
[499][0,0]<0>()()
[0][0,0]<0>()()
WoditorEvCOMMAND_END
--
[COMMAND_TEXT_START]
▼ ピクセル移動必須!!
■変数操作: このEvのSelf1 = 2 + 0 
■変数操作: このEvのSelf2 = このEvのSelf1 * -1 
■変数操作+: このEvのSelf0 = 主人公 の 向き[1～9]
■条件分岐(数値):  【1】 このEvのSelf0  が   2 と同じ  【2】 このEvのSelf0  が   4 と同じ  【3】 このEvのSelf0  が   6 と同じ  【4】 このEvのSelf0  が   8 と同じ 
-◇分岐： 【1】  [ このEvのSelf0  が  2 と同じ  ]の場合↓
 |■変数操作: このEvのSelf3 = 0 + 0 
 |■
-◇分岐： 【2】  [ このEvのSelf0  が  4 と同じ  ]の場合↓
 |■キャラエフェクト：このイベント[ピクセル移動(β版)] =>  X このEvのSelf2  Y 0
 |■
-◇分岐： 【3】  [ このEvのSelf0  が  6 と同じ  ]の場合↓
 |■キャラエフェクト：このイベント[ピクセル移動(β版)] =>  X このEvのSelf1  Y 0
 |■
-◇分岐： 【4】  [ このEvのSelf0  が  8 と同じ  ]の場合↓
 |■変数操作: このEvのSelf3 = 0 + 0 
 |■
◇分岐終了◇
■
[COMMAND_TEXT_END]
-----
EVENT_ID=49
EVENT_NAME=CharaChip/tobira2b_pipo.png
EVENT_X=24
EVENT_Y=10
EVENT_PAGE=1
OPTION_DATA_NUM=0
EVENT_PAGE_NUM=1
EVENT_PAGE=0
EVENT_TILE_ID=-1
GRAPHIC_FILENAME=CharaChip/tobira2b_pipo.png
EVENT_DIRECTION=2
EVENT_PATTERN=1
EVENT_OPACITY=255
EVENT_BLENDTYPE=0
EVENT_TRIGGER_TYPE=0
EVENT_CONDITION_0_USE=32
EVENT_CONDITION_TARGET_0=1000000
EVENT_CONDITION_VALUE_0=0
EVENT_CONDITION_1_USE=32
EVENT_CONDITION_TARGET_1=1000000
EVENT_CONDITION_VALUE_1=0
EVENT_CONDITION_2_USE=32
EVENT_CONDITION_TARGET_2=1000000
EVENT_CONDITION_VALUE_2=0
EVENT_CONDITION_3_USE=32
EVENT_CONDITION_TARGET_3=1000000
EVENT_CONDITION_VALUE_3=0
ANIME_SPEED=3
MOVE_SPEED=3
MOVE_FREQUENCY=3
MOVE_TYPE=0
CHARA_OPTION_FLAG=35
ROUTE_OPTION_FLAG=2
ROUTE_COMMAND_NUM=0
OPTION_VAL_NUM=3
OPTION_VAL_0=0
OPTION_VAL_1=0
OPTION_VAL_2=0
COMMAND_NUM=2
--
WoditorEvCOMMAND_START
[210][4,0]<0>(500624,17,0,3000000)()
[0][0,0]<0>()()
WoditorEvCOMMAND_END
--
[COMMAND_TEXT_START]
■イベントの挿入： コモン624：[ 簡易サウンドテスター(コモン化) ] / 0 / S0[[サンプル]一時文字列]
■
[COMMAND_TEXT_END]
-----
EVENT_ID=50
EVENT_NAME=CharaChip/mapeffect2B_pipo.png
EVENT_X=24
EVENT_Y=11
EVENT_PAGE=1
OPTION_DATA_NUM=0
EVENT_PAGE_NUM=1
EVENT_PAGE=0
EVENT_TILE_ID=-1
GRAPHIC_FILENAME=CharaChip/mapeffect2B_pipo.png
EVENT_DIRECTION=2
EVENT_PATTERN=1
EVENT_OPACITY=255
EVENT_BLENDTYPE=0
EVENT_TRIGGER_TYPE=0
EVENT_CONDITION_0_USE=32
EVENT_CONDITION_TARGET_0=1000000
EVENT_CONDITION_VALUE_0=0
EVENT_CONDITION_1_USE=32
EVENT_CONDITION_TARGET_1=1000000
EVENT_CONDITION_VALUE_1=0
EVENT_CONDITION_2_USE=32
EVENT_CONDITION_TARGET_2=1000000
EVENT_CONDITION_VALUE_2=0
EVENT_CONDITION_3_USE=32
EVENT_CONDITION_TARGET_3=1000000
EVENT_CONDITION_VALUE_3=0
ANIME_SPEED=3
MOVE_SPEED=3
MOVE_FREQUENCY=3
MOVE_TYPE=0
CHARA_OPTION_FLAG=35
ROUTE_OPTION_FLAG=2
ROUTE_COMMAND_NUM=0
OPTION_VAL_NUM=3
OPTION_VAL_0=0
OPTION_VAL_1=0
OPTION_VAL_2=0
COMMAND_NUM=3
--
WoditorEvCOMMAND_START
[210][7,4]<0>(500620,28722,0,0,0,0,0)("","cdb a t 2","3000000","3000007")
[101][0,1]<0>()("\s[0]<\n>\s[7]")
[0][0,0]<0>()()
WoditorEvCOMMAND_END
--
[COMMAND_TEXT_START]
■イベントの挿入： コモン620：[ コマンド文字切り出し ] / 0:コマンド / 0 / cdb a t 2 / 3000000 / 3000007
■文章:\s[0]\n\s[7]
■
[COMMAND_TEXT_END]
