[MAPDATA_TEXT_OUTPUT]
MAPDATA_EXIST=1
TILESET_ID=8
MAP_WIDTH=67
MAP_HEIGHT=65
MAPLAYER=3
[--MAP_START--]
[MAPLAYER_1_START]
404444,404444,404444,404444,404444,404444,404444,404444,404444,404444,404444,404444,404444,404444,404444,404444,404444,404444,404444,404444,404444,404444,404444,404444,404444,404444,404444,404444,404444,404444,404444,404444,404444,404444,404444,404444,404444,404444,404444,404444,404444,404444,404444,404444,404444,404444,404444,404444,404444,404444,404444,404444,404444,404444,404444,404444,404444,404444,404444,404444,404444,404444,404444,404444,404444,404444,404444,
404444,404444,404444,404444,404444,404444,404444,404444,404444,404444,404444,404444,404444,404444,404444,404444,404444,404444,404444,404444,404444,404444,404444,404444,404444,404444,404444,404444,404444,404444,404444,404444,404444,404444,404444,404444,404444,404444,404444,404444,404444,404444,404444,404444,404444,404444,404444,404444,404444,404444,404444,404444,404444,404444,404444,404444,404444,404444,404444,404444,404444,404444,404444,404444,404444,404444,404444,
404444,404444,404444,404444,404444,404444,404444,404444,404444,404444,404444,404444,404444,404444,404444,404444,404444,404444,404444,404444,404444,404444,404444,404444,404444,404444,404444,404444,404444,404444,404444,404444,404444,404444,404444,404444,404444,404444,404444,404444,404444,404444,404444,404444,404444,404444,404444,404444,404444,404444,404444,404444,404444,404444,404444,404444,404444,404444,404444,404444,404444,404444,404444,404444,404444,404444,404444,
404444,404444,404444,404444,404444,404444,404444,404444,404444,404444,404444,404444,404444,404444,404444,404444,404444,404444,404444,404444,404444,404444,404444,404444,404444,404444,404444,404444,404444,404444,404444,404444,404444,404444,404444,404444,404444,404444,404444,404444,404444,404444,404444,404444,404444,404444,404444,404444,404444,404444,404444,404444,404444,404444,404444,404444,404444,404444,404444,404444,404444,404444,404444,404444,404444,404444,404444,
404444,404444,404444,404444,404444,404444,404444,404444,404444,404444,404444,404444,404444,404444,404444,404444,404444,404444,404444,404444,404444,404444,404444,404444,404444,404444,404444,404444,404444,404444,404444,404444,404444,404444,404444,404444,404444,404444,404444,404444,404444,404444,404444,404444,404444,404444,404444,404444,404444,404444,404444,404444,404444,404444,404444,404444,404444,404444,404444,404444,404444,404444,404444,404444,404444,404444,404444,
404444,404444,404444,404444,404444,404444,404444,404444,404444,404444,404444,404444,404444,404444,404444,404444,404444,404444,404444,404444,404444,404444,404444,404444,404444,404444,404444,404444,404444,404444,404444,404444,404444,404444,404444,404444,404444,404444,404444,404444,404444,404444,404444,404444,404444,404444,404444,404444,404444,404444,404444,404444,404444,404444,404444,404444,404444,404444,404444,404444,404444,404444,404444,404444,404444,404444,404444,
404444,404444,404444,404444,404444,404444,404444,404444,404444,404444,404444,404444,404444,404444,404444,404444,404444,404444,404444,404444,404444,404444,404444,404444,404444,404444,404444,404444,404444,404444,404444,404444,404444,404444,404444,404444,404444,404444,404444,404444,404444,404444,404444,404444,404444,404444,404444,404444,404444,404444,404444,404444,404444,404444,404444,404444,404444,404444,404444,404444,404444,404444,404444,404444,404444,404444,404444,
404444,404444,404444,404444,404444,404444,404444,404444,404444,404444,404444,404444,404444,404444,404444,404444,404444,404444,404444,404444,404444,404444,404444,404444,404444,404444,404444,404444,404444,404444,404444,404444,404444,404444,404444,404444,404444,404444,404444,404444,404444,404444,404444,404444,404444,404444,404444,404444,404444,404444,404444,404444,404444,404444,404444,404444,404444,404444,404444,404444,404444,404444,404444,404444,404444,404444,404444,
404444,404444,404444,404444,404444,404444,404444,404444,404444,404444,404444,404444,404444,404444,404444,404444,404444,404444,404444,404444,404444,404444,404444,404444,404444,404444,404444,404444,404444,404444,404444,404444,404444,404444,404444,404444,404444,404444,404444,404444,404444,404444,404444,404444,404444,404444,404444,404444,404444,404444,404444,404444,404444,404444,404444,404444,404444,404444,404444,404444,404444,404444,404444,404444,404444,404444,404444,
404444,404444,404444,404444,404444,404444,404444,404444,404444,404444,404444,404444,404444,404444,404443,404422,404422,404422,404422,404422,404422,404422,404422,404434,404444,404444,404444,404444,404444,404444,404444,404444,404444,404444,404444,404444,404444,404444,404444,404444,404444,404444,404444,404444,404444,404444,404444,404444,404444,404444,404444,404444,404444,404444,404444,404444,404444,404444,404444,404444,404444,404444,404444,404444,404444,404444,404444,
404444,404444,404444,404444,404444,404444,404444,404444,404444,404444,404444,404444,404444,404444,404141,336,312,312,337,427,429,340,312,401414,404444,404444,404444,404444,404444,404444,404444,404444,404444,404444,404444,404444,404444,404444,404444,404444,404444,404444,404444,404444,404444,404444,404444,404444,404444,404444,404444,404444,404444,404444,404444,404444,404444,404444,404444,404444,404444,404444,404444,404444,404444,404444,404444,
404444,404444,404444,404444,404444,404444,404444,404444,404444,404444,404444,404444,404444,404444,404141,344,320,320,345,435,437,348,320,401414,404444,404444,404444,404444,404444,404444,404444,404444,404444,404444,404444,404444,404444,404444,404444,404444,404444,404444,404444,404444,404444,404444,404444,404444,404444,404444,404444,404444,404444,404444,404444,404444,404444,404444,404444,404444,404444,404444,404444,404444,404444,404444,404444,
404444,404444,404444,404444,404444,404444,404444,404444,404444,404444,404444,404444,404444,404444,404141,244,243,243,245,244,243,243,245,401414,404444,404444,404444,404444,404444,404444,404444,404444,404444,404444,404444,404444,404444,404444,404444,404444,404444,404444,404444,404444,404444,404444,404444,404444,404444,404444,404444,404444,404444,404444,404444,404444,404444,404444,404444,404444,404444,404444,404444,404444,404444,404444,404444,
404444,404444,404444,404444,404444,404444,404444,404444,404444,404444,404444,404444,404444,404444,404141,252,251,251,253,252,251,251,253,401414,404444,404444,404444,404444,404444,404444,404444,404444,404444,404444,404444,404444,404444,404444,404444,404444,404444,404444,404444,404444,404444,404444,404444,404444,404444,404444,404444,404444,404444,404444,404444,404444,404444,404444,404444,404444,404444,404444,404444,404444,404444,404444,404444,
404444,404444,404444,404444,404444,404444,404444,404444,404444,404444,404444,404444,404444,404444,404141,244,245,244,243,243,245,244,245,401414,404444,404444,404444,404444,404444,404444,404444,404444,404444,404444,404444,404444,404444,404444,404444,404444,404444,404444,404444,404444,404444,404444,404444,404444,404444,404444,404444,404444,404444,404444,404444,404444,404444,404444,404444,404444,404444,404444,404444,404444,404444,404444,404444,
404444,404444,404444,404444,404444,404444,404444,404444,404444,404444,404444,404444,404444,404444,404141,254,255,252,251,251,253,254,255,401414,404444,404444,404444,404444,404444,404444,404444,404444,404444,404444,404444,404444,404444,404444,404444,404444,404444,404444,404444,404444,404444,404444,404444,404444,404444,404444,404444,404444,404444,404444,404444,404444,404444,404444,404444,404444,404444,404444,404444,404444,404444,404444,404444,
404444,404444,404444,404444,404444,404444,404444,404444,404444,404444,404444,404444,404444,404444,404141,254,255,244,243,243,245,254,255,401414,404444,404444,404444,404444,404444,404444,404444,404444,404444,404444,404444,404444,404444,404444,404444,404444,404444,404444,404444,404444,404444,404444,404444,404444,404444,404444,404444,404444,404444,404444,404444,404444,404444,404444,404444,404444,404444,404444,404444,404444,404444,404444,404444,
404444,404444,404444,404444,404444,404444,404444,404444,404444,404444,404444,404444,404444,404444,404141,252,253,252,251,251,253,252,253,401414,404444,404444,404444,404444,404444,404444,404444,404444,404444,404444,404444,404444,404444,404444,404444,404444,404444,404444,404444,404444,404444,404444,404444,404444,404444,404444,404444,404444,404444,404444,404444,404444,404444,404444,404444,404444,404444,404444,404444,404444,404444,404444,404444,
404444,404444,404444,404444,404444,404444,404444,404444,404444,404444,404444,404444,404444,404444,404344,402244,402244,402244,402244,402244,402244,402244,402244,403444,404444,404444,404444,404444,404444,404444,404444,404444,404444,404444,404444,404444,404444,404444,404444,404444,404444,404444,404444,404444,404444,404444,404444,404444,404444,404444,404444,404444,404444,404444,404444,404444,404444,404444,404444,404444,404444,404444,404444,404444,404444,404444,404444,
404444,404444,404444,404444,404444,404444,404444,404444,404444,404444,404444,404444,404444,404444,404444,404444,404444,404444,404444,404444,404444,404444,404444,404444,404444,404444,404444,404444,404444,404444,404444,404444,404444,404444,404444,404444,404444,404444,404444,404444,404444,404444,404444,404444,404444,404444,404444,404444,404444,404444,404444,404444,404444,404444,404444,404444,404444,404444,404444,404444,404444,404444,404444,404444,404444,404444,404444,
404444,404444,404444,404444,404444,404444,404444,404444,404444,404444,404444,404444,404444,404444,404444,404444,404444,404444,404444,404444,404444,404444,404444,404444,404444,404444,404444,404444,404444,404444,404444,404444,404444,404444,404444,404444,404444,404444,404444,404444,404444,404444,404444,404444,404444,404444,404444,404444,404444,404444,404444,404444,404444,404444,404444,404444,404444,404444,404444,404444,404444,404444,404444,404444,404444,404444,404444,
404444,404444,404444,404444,404444,404444,404444,404444,404444,404444,404444,404444,404444,404444,404444,404444,404444,404444,404444,404444,404444,404444,404444,404444,404444,404444,404444,404444,404444,404444,404444,404444,404444,404444,404444,404444,404444,404444,404444,404444,404444,404444,404444,404444,404444,404444,404444,404444,404444,404444,404444,404444,404444,404444,404444,404444,404444,404444,404444,404444,404444,404444,404444,404444,404444,404444,404444,
404444,404444,404444,404444,404444,404444,404444,404444,404444,404444,404444,404444,404444,404444,404444,404444,404444,404444,404444,404444,404444,404444,404444,404444,404444,404444,404444,404444,404444,404444,404444,404444,404444,404444,404444,404444,404444,404444,404444,404444,404444,404444,404444,404444,404444,404444,404444,404444,404444,404444,404444,404444,404444,404444,404444,404444,404444,404444,404444,404444,404444,404444,404444,404444,404444,404444,404444,
404444,404444,404444,404444,404444,404444,404444,404444,404444,404444,404444,404444,404444,404444,404444,404444,404444,404444,404444,404444,404444,404444,404444,404444,404444,404444,404444,404444,404444,404444,404444,404444,404444,404444,404444,404444,404444,404444,404444,404444,404444,404444,404444,404444,404444,404444,404444,404444,404444,404444,404444,404444,404444,404444,404444,404444,404444,404444,404444,404444,404444,404444,404444,404444,404444,404444,404444,
404444,404444,404444,404444,404444,404444,404444,404444,404444,404444,404444,404444,404444,404444,404444,404444,404444,404444,404444,404444,404444,404444,404444,404444,404444,404444,404444,404444,404444,404444,404444,404444,404444,404444,404444,404444,404444,404444,404444,404444,404444,404444,404444,404444,404444,404444,404444,404444,404444,404444,404444,404444,404444,404444,404444,404444,404444,404444,404444,404444,404444,404444,404444,404444,404444,404444,404444,
404444,404444,404444,404444,404444,404444,404444,404444,404444,404444,404444,404444,404444,404444,404444,404444,404444,404444,404444,404444,404444,404444,404444,404444,404444,404444,404444,404444,404444,404444,404444,404444,404444,404444,404444,404444,404444,404444,404444,404444,404444,404444,404444,404444,404444,404444,404444,404444,404443,404422,404433,404422,404422,404422,404422,404422,404434,404444,404444,404444,404444,404444,404444,404444,404444,404444,404444,
404444,404444,404444,404444,404444,404444,404444,404444,404444,404444,404444,404444,404444,404444,404444,404444,404444,404444,404444,404444,404444,404444,404444,404444,404444,404444,404444,404444,404444,404444,404444,404444,404444,404444,404444,404444,404444,404444,404444,404444,404444,404444,404444,404444,404444,404444,404444,404444,404141,355,401111,356,337,26,336,312,401414,404444,404444,404444,404444,404444,404444,404444,404444,404444,404444,
404444,404444,404444,404444,404444,404444,404444,404444,404444,404444,404444,404444,404444,404444,404444,404444,404444,404444,404444,404444,404444,404444,404444,404444,404444,404444,404444,404444,404444,404444,404444,404444,404444,404444,404444,404444,404444,404444,404444,404444,404444,404444,404444,404444,404444,404444,404444,404444,404141,363,401111,364,345,26,344,320,401402,404434,404444,404444,404444,404444,404444,404444,404444,404444,404444,
404444,404444,404444,404444,404444,404444,404444,404444,404444,404444,404444,404444,404444,404444,404444,404444,404444,404444,404444,404444,404444,404444,404444,404444,404444,404444,404444,404444,404444,404444,404444,404444,404444,404444,404444,404444,404444,404444,404444,404444,404444,404444,404444,404444,404444,404444,404444,404444,404141,371,401100,372,397,397,397,397,312,401414,404444,404444,404444,404444,404444,404444,404444,404444,404444,
404444,404444,404444,404444,404444,404444,404444,404444,404444,404444,404444,404444,404444,404444,404444,404444,404444,404444,404444,404444,404444,404444,404444,404444,404444,404444,404444,404444,404444,404444,404444,404444,404444,404444,404444,404444,404444,404444,404444,404444,404444,404444,404444,404444,404444,404444,404444,404444,404141,379,312,397,397,397,397,397,320,401414,404444,404444,404444,404444,404444,404444,404444,404444,404444,
404444,404444,404444,404444,404444,404444,404444,404444,404444,404444,404444,404444,404444,404444,404444,404444,404444,404444,404444,404444,404444,404444,404444,404444,404444,404444,404444,404444,404444,404444,404444,404444,404444,404444,404444,404444,404444,404444,404444,404444,404444,404444,404444,404444,404444,404444,404444,404444,404141,397,320,397,397,397,397,397,397,401414,404444,404444,404444,404444,404444,404444,404444,404444,404444,
404444,404444,404444,404444,404444,404444,404444,404444,404444,404444,404444,404444,404444,404444,404444,404444,404444,404444,404444,404444,404444,404444,404444,404444,404444,404444,404444,404444,404444,404444,404444,404444,404444,404444,404444,404444,404444,404444,404444,404444,404444,404444,404444,404444,404444,404444,404444,404444,404141,397,397,397,397,397,397,397,400214,403444,404444,404444,404444,404444,404444,404444,404444,404444,404444,
404444,404444,404444,404444,404444,404444,404444,404444,404444,404444,404444,404444,404444,404444,404444,404444,404444,404444,404444,404444,404444,404444,404444,404444,404444,404444,404444,404444,404444,404444,404444,404444,404444,404444,404444,404444,404444,404444,404444,404444,404444,404444,404444,404444,404444,404444,404444,404444,404344,402244,402244,402244,402244,402244,402244,402244,403444,404444,404444,404444,404444,404444,404444,404444,404444,404444,404444,
404444,404444,404444,404444,404444,404444,404444,404444,404444,404444,404444,404444,404444,404444,404444,404444,404444,404444,404444,404444,404444,404444,404444,404444,404444,404444,404444,404444,404444,404444,404444,404444,404444,404444,404444,404444,404444,404444,404444,404444,404444,404444,404444,404444,404444,404444,404444,404444,404444,404444,404444,404444,404444,404444,404444,404444,404444,404444,404444,404444,404444,404444,404444,404444,404444,404444,404444,
404444,404444,404444,404444,404444,404444,404444,404444,404444,404444,404444,404444,404444,404444,404444,404444,404444,404444,404444,404444,404444,404444,404444,404444,404444,404444,404444,404444,404444,404444,404444,404444,404444,404444,404444,404444,404444,404444,404444,404444,404444,404444,404444,404444,404444,404444,404444,404444,404444,404444,404444,404444,404444,404444,404444,404444,404444,404444,404444,404444,404444,404444,404444,404444,404444,404444,404444,
404444,404444,404444,404444,404444,404444,404444,404444,404444,404444,404444,404444,404444,404444,404444,404444,404444,404444,404444,404444,404444,404444,404444,404444,404444,404444,404444,404444,404444,404444,404444,404444,404444,404444,404444,404444,404444,404444,404444,404444,404444,404444,404444,404444,404444,404444,404444,404444,404444,404444,404444,404444,404444,404444,404444,404444,404444,404444,404444,404444,404444,404444,404444,404444,404444,404444,404444,
404444,404444,404444,404444,404444,404444,404444,404444,404444,404444,404444,404444,404444,404444,404444,404444,404444,404444,404444,404444,404444,404444,404444,404444,404444,404444,404444,404444,404444,404444,404444,404444,404444,404444,404444,404444,404444,404444,404444,404444,404444,404444,404444,404444,404444,404444,404444,404444,404444,404444,404444,404444,404444,404444,404444,404444,404444,404444,404444,404444,404444,404444,404444,404444,404444,404444,404444,
404444,404444,404444,404444,404444,404444,404444,404444,404444,404444,404444,404444,404444,404444,404444,404444,404444,404444,404444,404444,404444,404444,404444,404444,404444,404444,404444,404444,404444,404444,404444,404444,404444,404444,404444,404444,404444,404444,404444,404444,404444,404444,404444,404444,404444,404444,404444,404444,404444,404444,404444,404444,404444,404444,404444,404444,404444,404444,404444,404444,404444,404444,404444,404444,404444,404444,404444,
404444,404444,404444,404444,404444,404444,404444,404444,404444,404444,404444,404444,404444,404444,404444,404444,404444,404444,404444,404444,404444,404444,404444,404444,404444,404444,404444,404444,404444,404444,404444,404444,404444,404444,404444,404444,404444,404444,404444,404444,404444,404444,404444,404444,404444,404444,404444,404444,404444,404444,404444,404444,404444,404444,404444,404444,404444,404444,404444,404444,404444,404444,404444,404444,404444,404444,404444,
404444,404444,404444,404444,404444,404444,404444,404444,404444,404444,404444,404444,404444,404444,404444,404444,404444,404444,404444,404444,404444,404444,404444,404444,404444,404444,404444,404444,404444,404444,404444,404444,404444,404444,404444,404444,404444,404444,404444,404444,404444,404444,404444,404444,404444,404444,404444,404444,404444,404444,404444,404444,404444,404444,404444,404444,404444,404444,404444,404444,404444,404444,404444,404444,404444,404444,404444,
404444,404444,404444,404444,404444,404444,404444,404444,404444,404444,404444,404444,404444,404444,404444,404444,404444,404444,404444,404444,404444,404444,404444,404444,404444,404444,404444,404444,404444,404444,404444,404444,404444,404444,404444,404444,404444,404444,404444,404444,404444,404444,404444,404444,404444,404444,404444,404444,404444,404444,404444,404444,404444,404444,404444,404444,404444,404444,404444,404444,404444,404444,404444,404444,404444,404444,404444,
404444,404444,404444,404444,404444,404444,404444,404444,404444,404444,404444,404444,404444,404444,404444,404444,404444,404444,404444,404444,404444,404444,404444,404444,404444,404444,404444,404444,404444,404444,404444,404444,404444,404444,404444,404444,404444,404444,404444,404444,404444,404444,404444,404444,404444,404444,404444,404444,404444,404444,404444,404444,404444,404444,404444,404444,404444,404444,404444,404444,404444,404444,404444,404444,404444,404444,404444,
404444,404444,404444,404444,404444,404444,404444,404444,404444,404444,404444,404444,404444,404444,404444,404444,404444,404444,404444,404444,404444,404444,404444,404444,404444,404444,404444,404444,404444,404444,404444,404444,404444,404444,404444,404444,404444,404444,404444,404444,404444,404444,404444,404444,404444,404444,404444,404444,404444,404444,404444,404444,404444,404444,404444,404444,404444,404444,404444,404444,404444,404444,404444,404444,404444,404444,404444,
404444,404444,404444,404444,404444,404444,404444,404444,404444,404444,404444,404444,404444,404444,404444,404444,404444,404444,404443,404422,404422,404434,404444,404444,404444,404444,404444,404444,404444,404444,404444,404444,404444,404444,404444,404444,404444,404444,404444,404444,404444,404444,404444,404444,404444,404444,404444,404444,404444,404444,404444,404444,404444,404444,404444,404444,404444,404444,404444,404444,404444,404444,404444,404444,404444,404444,404444,
404444,404444,404444,404444,404444,404444,404444,404444,404444,404444,404444,404444,404444,404444,404444,404444,404444,404443,404120,312,312,401414,404444,404444,404444,404444,404444,404444,404444,404444,404444,404444,404444,404444,404444,404444,404444,404444,404444,404444,404444,404444,404444,404444,404444,404444,404444,404444,404444,404444,404444,404444,404444,404444,404444,404444,404444,404444,404444,404444,404444,404444,404444,404444,404444,404444,404444,
404444,404444,404444,404444,404444,404444,404443,404422,404422,404422,404422,404422,404422,404422,404422,404434,404444,404141,312,320,320,401414,404444,404444,404444,404444,404444,404444,404444,404444,404444,404444,404444,404444,404444,404444,404444,404444,404444,404444,404444,404444,404444,404444,404444,404444,404444,404444,404444,404444,404444,404444,404444,404444,404444,404444,404444,404444,404444,404444,404444,404444,404444,404444,404444,404444,404444,
404444,404444,404444,404444,404444,404444,404141,312,312,424,425,424,425,312,312,401414,404444,404141,320,397,397,401414,404444,404444,404444,404444,404444,404444,404444,404444,404444,404444,404444,404444,404444,404444,404444,404444,404444,404444,404444,404444,404444,404444,404444,404444,404444,404444,404444,404444,404444,404444,404444,404444,404444,404444,404444,404444,404444,404444,404444,404444,404444,404444,404444,404444,404444,
404444,404444,404444,404444,404444,404444,404141,320,320,432,433,432,433,320,320,401414,404444,404141,397,397,397,401414,404444,404444,404444,404444,404444,404444,404444,404444,404444,404444,404444,404444,404444,404444,404444,404444,404444,404444,404444,404444,404444,404444,404444,404444,404444,404444,404444,404444,404444,404444,404444,404444,404444,404444,404444,404444,404444,404444,404444,404444,404444,404444,404444,404444,404444,
404444,404444,404444,404444,404444,404444,404141,244,243,243,245,244,243,243,245,401414,404444,404344,402041,397,397,401414,404444,404444,404444,404444,404444,404444,404444,404444,404444,404444,404444,404444,404444,404444,404444,404444,404444,404444,404444,404444,404444,404444,404444,404444,404444,404444,404444,404444,404444,404444,404444,404444,404444,404444,404444,404444,404444,404444,404444,404444,404444,404444,404444,404444,404444,
404444,404444,404444,404444,404444,404444,404141,252,251,251,253,252,251,251,253,401414,404444,404444,404141,397,397,401414,404444,404444,404444,404444,404444,404444,404444,404444,404444,404444,404444,404444,404444,404444,404444,404444,404444,404444,404444,404444,404444,404444,404444,404444,404444,404444,404444,404444,404444,404444,404444,404444,404444,404444,404444,404444,404444,404444,404444,404444,404444,404444,404444,404444,404444,
404444,404444,404444,404444,404444,404444,404141,244,245,244,243,243,245,244,245,401414,404444,404444,404141,397,397,401414,404444,404444,404444,404444,404444,404444,404444,404443,404422,404422,404422,404422,404422,404422,404434,404444,404444,404444,404444,404444,404444,404444,404444,404444,404444,404444,404444,404444,404444,404444,404444,404444,404444,404444,404444,404444,404444,404444,404444,404444,404444,404444,404444,404444,404444,
404444,404444,404444,404444,404444,404444,404141,254,255,252,251,251,253,254,255,401414,404444,404444,404344,402041,396,401414,404444,404444,404444,404444,404444,404444,404444,404141,312,312,312,312,312,312,401414,404444,404444,404444,404444,404444,404444,404444,404444,404444,404444,404444,404444,404444,404444,404444,404444,404444,404444,404444,404444,404444,404444,404444,404444,404444,404444,404444,404444,404444,404444,
404444,404444,404444,404444,404444,404444,404141,254,255,244,243,243,245,254,255,401414,404444,404444,404444,404141,396,401414,404444,404444,404444,404444,404444,404444,404444,404141,320,320,320,320,320,320,401414,404444,404444,404444,404444,404444,404444,404444,404444,404444,404444,404444,404444,404444,404444,404444,404444,404444,404444,404444,404444,404444,404444,404444,404444,404444,404444,404444,404444,404444,404444,
404444,404444,404443,404422,404422,404422,404322,402222,402222,402222,402020,251,400202,402222,402222,403422,404422,404422,404422,404120,396,401402,404422,404422,404422,404422,404422,404422,404422,404120,99,115,115,115,99,99,401414,404444,404444,404444,404444,404444,404444,404444,404444,404444,404444,404444,404444,404444,404444,404444,404444,404444,404444,404444,404444,404444,404444,404444,404444,404444,404444,404444,404444,404444,404444,
404444,404444,404141,312,312,312,312,312,312,312,429,397,312,312,312,312,312,312,312,312,396,312,312,312,312,312,312,312,312,312,99,115,115,115,99,99,401414,404444,404444,404444,404444,404444,404444,404444,404444,404444,404444,404444,404444,404444,404444,404444,404444,404444,404444,404444,404444,404444,404444,404444,404444,404444,404444,404444,404444,404444,404444,
404444,404444,404141,320,320,320,320,320,320,320,437,397,320,320,320,320,320,320,320,320,396,320,320,320,320,320,320,320,320,320,99,99,75,76,77,99,401414,404444,404444,404444,404444,404444,404444,404444,404444,404444,404444,404444,404444,404444,404444,404444,404444,404444,404444,404444,404444,404444,404444,404444,404444,404444,404444,404444,404444,404444,404444,
404444,404444,404141,277,277,277,277,397,397,397,397,397,397,397,397,397,397,397,397,397,397,397,397,397,397,397,397,397,397,397,99,99,83,84,85,99,401414,404444,404444,404444,404444,404444,404444,404444,404444,404444,404444,404444,404444,404444,404444,404444,404444,404444,404444,404444,404444,404444,404444,404444,404444,404444,404444,404444,404444,404444,404444,
404444,404444,404141,277,277,277,277,397,397,397,397,397,397,397,397,397,397,397,397,397,397,397,397,397,397,397,397,397,397,397,99,99,440,441,442,99,401414,404444,404444,404444,404444,404444,404444,404444,404444,404444,404444,404444,404444,404444,404444,404444,404444,404444,404444,404444,404444,404444,404444,404444,404444,404444,404444,404444,404444,404444,404444,
404444,404444,404344,402244,402244,402244,402244,402244,402244,402244,402244,402244,402244,402244,402244,402244,402041,397,400214,402244,402244,402244,402244,402244,402244,402244,402244,402244,402244,402041,99,99,99,99,99,99,401414,404444,404444,404444,404444,404444,404444,404444,404444,404444,404444,404444,404444,404444,404444,404444,404444,404444,404444,404444,404444,404444,404444,404444,404444,404444,404444,404444,404444,404444,404444,
404444,404444,404444,404444,404444,404444,404444,404444,404444,404444,404444,404444,404444,404444,404444,404444,404344,402244,403444,404444,404444,404444,404444,404444,404444,404444,404444,404444,404444,404344,402244,402244,402244,402244,402244,402244,403444,404444,404444,404444,404444,404444,404444,404444,404444,404444,404444,404444,404444,404444,404444,404444,404444,404444,404444,404444,404444,404444,404444,404444,404444,404444,404444,404444,404444,404444,404444,
404444,404444,404444,404444,404444,404444,404444,404444,404444,404444,404444,404444,404444,404444,404444,404444,404444,404444,404444,404444,404444,404444,404444,404444,404444,404444,404444,404444,404444,404444,404444,404444,404444,404444,404444,404444,404444,404444,404444,404444,404444,404444,404444,404444,404444,404444,404444,404444,404444,404444,404444,404444,404444,404444,404444,404444,404444,404444,404444,404444,404444,404444,404444,404444,404444,404444,404444,
404444,404444,404444,404444,404444,404444,404444,404444,404444,404444,404444,404444,404444,404444,404444,404444,404444,404444,404444,404444,404444,404444,404444,404444,404444,404444,404444,404444,404444,404444,404444,404444,404444,404444,404444,404444,404444,404444,404444,404444,404444,404444,404444,404444,404444,404444,404444,404444,404444,404444,404444,404444,404444,404444,404444,404444,404444,404444,404444,404444,404444,404444,404444,404444,404444,404444,404444,
404444,404444,404444,404444,404444,404444,404444,404444,404444,404444,404444,404444,404444,404444,404444,404444,404444,404444,404444,404444,404444,404444,404444,404444,404444,404444,404444,404444,404444,404444,404444,404444,404444,404444,404444,404444,404444,404444,404444,404444,404444,404444,404444,404444,404444,404444,404444,404444,404444,404444,404444,404444,404444,404444,404444,404444,404444,404444,404444,404444,404444,404444,404444,404444,404444,404444,404444,
404444,404444,404444,404444,404444,404444,404444,404444,404444,404444,404444,404444,404444,404444,404444,404444,404444,404444,404444,404444,404444,404444,404444,404444,404444,404444,404444,404444,404444,404444,404444,404444,404444,404444,404444,404444,404444,404444,404444,404444,404444,404444,404444,404444,404444,404444,404444,404444,404444,404444,404444,404444,404444,404444,404444,404444,404444,404444,404444,404444,404444,404444,404444,404444,404444,404444,404444,
404444,404444,404444,404444,404444,404444,404444,404444,404444,404444,404444,404444,404444,404444,404444,404444,404444,404444,404444,404444,404444,404444,404444,404444,404444,404444,404444,404444,404444,404444,404444,404444,404444,404444,404444,404444,404444,404444,404444,404444,404444,404444,404444,404444,404444,404444,404444,404444,404444,404444,404444,404444,404444,404444,404444,404444,404444,404444,404444,404444,404444,404444,404444,404444,404444,404444,404444,
[MAPLAYER_1_END]
[MAPLAYER_2_START]
100000,100000,100000,100000,100000,100000,100000,100000,100000,100000,100000,100000,100000,100000,100000,100000,100000,100000,100000,100000,100000,100000,100000,100000,100000,100000,100000,100000,100000,100000,100000,100000,100000,100000,100000,100000,100000,100000,100000,100000,100000,100000,100000,100000,100000,100000,100000,100000,100000,100000,100000,100000,100000,100000,100000,100000,100000,100000,100000,100000,100000,100000,100000,100000,100000,100000,100000,
100000,100000,100000,100000,100000,100000,100000,100000,100000,100000,100000,100000,100000,100000,100000,100000,100000,100000,100000,100000,100000,100000,100000,100000,100000,100000,100000,100000,100000,100000,100000,100000,100000,100000,100000,100000,100000,100000,100000,100000,100000,100000,100000,100000,100000,100000,100000,100000,100000,100000,100000,100000,100000,100000,100000,100000,100000,100000,100000,100000,100000,100000,100000,100000,100000,100000,100000,
100000,100000,100000,100000,100000,100000,100000,100000,100000,100000,100000,100000,100000,100000,100000,100000,100000,100000,100000,100000,100000,100000,100000,100000,100000,100000,100000,100000,100000,100000,100000,100000,100000,100000,100000,100000,100000,100000,100000,100000,100000,100000,100000,100000,100000,100000,100000,100000,100000,100000,100000,100000,100000,100000,100000,100000,100000,100000,100000,100000,100000,100000,100000,100000,100000,100000,100000,
100000,100000,100000,100000,100000,100000,100000,100000,100000,100000,100000,100000,100000,100000,100000,100000,100000,100000,100000,100000,100000,100000,100000,100000,100000,100000,100000,100000,100000,100000,100000,100000,100000,100000,100000,100000,100000,100000,100000,100000,100000,100000,100000,100000,100000,100000,100000,100000,100000,100000,100000,100000,100000,100000,100000,100000,100000,100000,100000,100000,100000,100000,100000,100000,100000,100000,100000,
100000,100000,100000,100000,100000,100000,100000,100000,100000,100000,100000,100000,100000,100000,100000,100000,100000,100000,100000,100000,100000,100000,100000,100000,100000,100000,100000,100000,100000,100000,100000,100000,100000,100000,100000,100000,100000,100000,100000,100000,100000,100000,100000,100000,100000,100000,100000,100000,100000,100000,100000,100000,100000,100000,100000,100000,100000,100000,100000,100000,100000,100000,100000,100000,100000,100000,100000,
100000,100000,100000,100000,100000,100000,100000,100000,100000,100000,100000,100000,100000,100000,100000,100000,100000,100000,100000,100000,100000,100000,100000,100000,100000,100000,100000,100000,100000,100000,100000,100000,100000,100000,100000,100000,100000,100000,100000,100000,100000,100000,100000,100000,100000,100000,100000,100000,100000,100000,100000,100000,100000,100000,100000,100000,100000,100000,100000,100000,100000,100000,100000,100000,100000,100000,100000,
100000,100000,100000,100000,100000,100000,100000,100000,100000,100000,100000,100000,100000,100000,100000,100000,100000,100000,100000,100000,100000,100000,100000,100000,100000,100000,100000,100000,100000,100000,100000,100000,100000,100000,100000,100000,100000,100000,100000,100000,100000,100000,100000,100000,100000,100000,100000,100000,100000,100000,100000,100000,100000,100000,100000,100000,100000,100000,100000,100000,100000,100000,100000,100000,100000,100000,100000,
100000,100000,100000,100000,100000,100000,100000,100000,100000,100000,100000,100000,100000,100000,100000,100000,100000,100000,100000,100000,100000,100000,100000,100000,100000,100000,100000,100000,100000,100000,100000,100000,100000,100000,100000,100000,100000,100000,100000,100000,100000,100000,100000,100000,100000,100000,100000,100000,100000,100000,100000,100000,100000,100000,100000,100000,100000,100000,100000,100000,100000,100000,100000,100000,100000,100000,100000,
100000,100000,100000,100000,100000,100000,100000,100000,100000,100000,100000,100000,100000,100000,100000,100000,100000,100000,100000,100000,100000,100000,100000,100000,100000,100000,100000,100000,100000,100000,100000,100000,100000,100000,100000,100000,100000,100000,100000,100000,100000,100000,100000,100000,100000,100000,100000,100000,100000,100000,100000,100000,100000,100000,100000,100000,100000,100000,100000,100000,100000,100000,100000,100000,100000,100000,100000,
100000,100000,100000,100000,100000,100000,100000,100000,100000,100000,100000,100000,100000,100000,100000,104444,104444,104444,100000,100000,100000,104444,104444,104444,100000,100000,100000,100000,100000,100000,100000,100000,100000,100000,100000,100000,100000,100000,100000,100000,100000,100000,100000,100000,100000,100000,100000,100000,100000,100000,100000,100000,100000,100000,100000,100000,100000,100000,100000,100000,100000,100000,100000,100000,100000,100000,100000,
100000,100000,100000,100000,100000,100000,100000,100000,100000,100000,100000,100000,100000,100000,100000,104444,104444,104443,104422,104434,100000,104444,104444,104444,100000,100000,100000,100000,100000,100000,100000,100000,100000,100000,100000,100000,100000,100000,100000,100000,100000,100000,100000,100000,100000,100000,100000,100000,100000,100000,100000,100000,100000,100000,100000,100000,100000,100000,100000,100000,100000,100000,100000,100000,100000,100000,100000,
100000,100000,100000,100000,100000,100000,100000,100000,100000,100000,100000,100000,100000,100000,104443,104422,104422,104131,634,101414,100000,104444,104444,104444,100000,100000,100000,100000,100000,100000,100000,100000,100000,100000,100000,100000,100000,100000,100000,100000,100000,100000,100000,100000,100000,100000,100000,100000,100000,100000,100000,100000,100000,100000,100000,100000,100000,100000,100000,100000,100000,100000,100000,100000,100000,100000,100000,
100000,100000,100000,100000,100000,100000,100000,100000,100000,100000,100000,100000,100000,100000,104141,530,531,101314,102244,103444,100000,100000,100000,100000,100000,100000,100000,100000,100000,100000,100000,100000,100000,100000,100000,100000,100000,100000,100000,100000,100000,100000,100000,100000,100000,100000,100000,100000,100000,100000,100000,100000,100000,100000,100000,100000,100000,100000,100000,100000,100000,100000,100000,100000,100000,100000,100000,
100000,100000,100000,100000,100000,100000,100000,100000,100000,100000,100000,100000,100000,100000,104141,538,100214,103444,100000,100000,100000,100000,100000,100000,100000,100000,100000,100000,100000,100000,100000,100000,100000,100000,100000,100000,100000,100000,100000,100000,100000,100000,100000,100000,100000,100000,100000,100000,100000,100000,100000,100000,100000,100000,100000,100000,100000,100000,100000,100000,100000,100000,100000,100000,100000,100000,100000,
100000,100000,100000,100000,100000,100000,100000,100000,100000,100000,100000,100000,100000,100000,104344,102244,103444,100000,100000,100000,100000,100000,100000,100000,100000,100000,100000,100000,100000,100000,100000,100000,100000,100000,100000,100000,100000,100000,100000,100000,100000,100000,100000,100000,100000,100000,100000,100000,100000,100000,100000,100000,100000,100000,100000,100000,100000,100000,100000,100000,100000,100000,100000,100000,100000,100000,100000,
100000,100000,100000,100000,100000,100000,100000,100000,100000,100000,100000,100000,100000,100000,100000,100000,100000,100000,100000,100000,100000,100000,100000,100000,100000,100000,100000,100000,100000,100000,100000,100000,100000,100000,100000,100000,100000,100000,100000,100000,100000,100000,100000,100000,100000,100000,100000,100000,100000,100000,100000,100000,100000,100000,100000,100000,100000,100000,100000,100000,100000,100000,100000,100000,100000,100000,100000,
100000,100000,100000,100000,100000,100000,100000,100000,100000,100000,100000,100000,100000,100000,100000,100000,100000,100000,100000,100000,100000,100000,100000,100000,100000,100000,100000,100000,100000,100000,100000,100000,100000,100000,100000,100000,100000,100000,100000,100000,100000,100000,100000,100000,100000,100000,100000,100000,100000,100000,100000,100000,100000,100000,100000,100000,100000,100000,100000,100000,100000,100000,100000,100000,100000,100000,100000,
100000,100000,100000,100000,100000,100000,100000,100000,100000,100000,100000,100000,100000,100000,100000,100000,100000,100000,100000,100000,100000,100000,100000,100000,100000,100000,100000,100000,100000,100000,100000,100000,100000,100000,100000,100000,100000,100000,100000,100000,100000,100000,100000,100000,100000,100000,100000,100000,100000,100000,100000,100000,100000,100000,100000,100000,100000,100000,100000,100000,100000,100000,100000,100000,100000,100000,100000,
100000,100000,100000,100000,100000,100000,100000,100000,100000,100000,100000,100000,100000,100000,100000,100000,100000,100000,100000,100000,100000,100000,100000,100000,100000,100000,100000,100000,100000,100000,100000,100000,100000,100000,100000,100000,100000,100000,100000,100000,100000,100000,100000,100000,100000,100000,100000,100000,100000,100000,100000,100000,100000,100000,100000,100000,100000,100000,100000,100000,100000,100000,100000,100000,100000,100000,100000,
100000,100000,100000,100000,100000,100000,100000,100000,100000,100000,100000,100000,100000,100000,100000,100000,100000,100000,100000,100000,100000,100000,100000,100000,100000,100000,100000,100000,100000,100000,100000,100000,100000,100000,100000,100000,100000,100000,100000,100000,100000,100000,100000,100000,100000,100000,100000,100000,100000,100000,100000,100000,100000,100000,100000,100000,100000,100000,100000,100000,100000,100000,100000,100000,100000,100000,100000,
100000,100000,100000,100000,100000,100000,100000,100000,100000,100000,100000,100000,100000,100000,100000,100000,100000,100000,100000,100000,100000,100000,100000,100000,100000,100000,100000,100000,100000,100000,100000,100000,100000,100000,100000,100000,100000,100000,100000,100000,100000,100000,100000,100000,100000,100000,100000,100000,100000,100000,100000,100000,100000,100000,100000,100000,100000,100000,100000,100000,100000,100000,100000,100000,100000,100000,100000,
100000,100000,100000,100000,100000,100000,100000,100000,100000,100000,100000,100000,100000,100000,100000,100000,100000,100000,100000,100000,100000,100000,100000,100000,100000,100000,100000,100000,100000,100000,100000,100000,100000,100000,100000,100000,100000,100000,100000,100000,100000,100000,100000,100000,100000,100000,100000,100000,100000,100000,100000,100000,100000,100000,100000,100000,100000,100000,100000,100000,100000,100000,100000,100000,100000,100000,100000,
100000,100000,100000,100000,100000,100000,100000,100000,100000,100000,100000,100000,100000,100000,100000,100000,100000,100000,100000,100000,100000,100000,100000,100000,100000,100000,100000,100000,100000,100000,100000,100000,100000,100000,100000,100000,100000,100000,100000,100000,100000,100000,100000,100000,100000,100000,100000,100000,100000,100000,100000,100000,100000,100000,100000,100000,100000,100000,100000,100000,100000,100000,100000,100000,100000,100000,100000,
100000,100000,100000,100000,100000,100000,100000,100000,100000,100000,100000,100000,100000,100000,100000,100000,100000,100000,100000,100000,100000,100000,100000,100000,100000,100000,100000,100000,100000,100000,100000,100000,100000,100000,100000,100000,100000,100000,100000,100000,100000,100000,100000,100000,100000,100000,100000,100000,100000,100000,100000,100000,100000,100000,100000,100000,100000,100000,100000,100000,100000,100000,100000,100000,100000,100000,100000,
100000,100000,100000,100000,100000,100000,100000,100000,100000,100000,100000,100000,100000,100000,100000,100000,100000,100000,100000,100000,100000,100000,100000,100000,100000,100000,100000,100000,100000,100000,100000,100000,100000,100000,100000,100000,100000,100000,100000,100000,100000,100000,100000,100000,100000,100000,100000,100000,100000,100000,100000,100000,100000,100000,100000,100000,100000,100000,100000,100000,100000,100000,100000,100000,100000,100000,100000,
100000,100000,100000,100000,100000,100000,100000,100000,100000,100000,100000,100000,100000,100000,100000,100000,100000,100000,100000,100000,100000,100000,100000,100000,100000,100000,100000,100000,100000,100000,100000,100000,100000,100000,100000,100000,100000,100000,100000,100000,100000,100000,100000,100000,100000,100000,100000,100000,100000,100000,100000,100000,104443,104422,104434,100000,100000,100000,100000,100000,100000,100000,100000,100000,100000,100000,100000,
100000,100000,100000,100000,100000,100000,100000,100000,100000,100000,100000,100000,100000,100000,100000,100000,100000,100000,100000,100000,100000,100000,100000,100000,100000,100000,100000,100000,100000,100000,100000,100000,100000,100000,100000,100000,100000,100000,100000,100000,100000,100000,100000,100000,100000,100000,100000,100000,100000,100000,100000,100000,104141,342,101414,100000,100000,100000,100000,100000,100000,100000,100000,100000,100000,100000,100000,
100000,100000,100000,100000,100000,100000,100000,100000,100000,100000,100000,100000,100000,100000,100000,100000,100000,100000,100000,100000,100000,100000,100000,100000,100000,100000,100000,100000,100000,100000,100000,100000,100000,100000,100000,100000,100000,100000,100000,100000,100000,100000,100000,100000,100000,100000,100000,100000,100000,100000,100000,100000,104141,342,101414,100000,100000,100000,100000,100000,100000,100000,100000,100000,100000,100000,100000,
100000,100000,100000,100000,100000,100000,100000,100000,100000,100000,100000,100000,100000,100000,100000,100000,100000,100000,100000,100000,100000,100000,100000,100000,100000,100000,100000,100000,100000,100000,100000,100000,100000,100000,100000,100000,100000,100000,100000,100000,100000,100000,100000,100000,100000,100000,100000,100000,100000,100000,100000,100000,104344,102244,103444,100000,100000,100000,100000,100000,100000,100000,100000,100000,100000,100000,100000,
100000,100000,100000,100000,100000,100000,100000,100000,100000,100000,100000,100000,100000,100000,100000,100000,100000,100000,100000,100000,100000,100000,100000,100000,100000,100000,100000,100000,100000,100000,100000,100000,100000,100000,100000,100000,100000,100000,100000,100000,100000,100000,100000,100000,100000,100000,100000,100000,100000,100000,100000,100000,100000,100000,100000,100000,100000,100000,100000,100000,100000,100000,100000,100000,100000,100000,100000,
100000,100000,100000,100000,100000,100000,100000,100000,100000,100000,100000,100000,100000,100000,100000,100000,100000,100000,100000,100000,100000,100000,100000,100000,100000,100000,100000,100000,100000,100000,100000,100000,100000,100000,100000,100000,100000,100000,100000,100000,100000,100000,100000,100000,100000,100000,100000,100000,100000,100000,100000,100000,100000,100000,100000,100000,100000,100000,100000,100000,100000,100000,100000,100000,100000,100000,100000,
100000,100000,100000,100000,100000,100000,100000,100000,100000,100000,100000,100000,100000,100000,100000,100000,100000,100000,100000,100000,100000,100000,100000,100000,100000,100000,100000,100000,100000,100000,100000,100000,100000,100000,100000,100000,100000,100000,100000,100000,100000,100000,100000,100000,100000,100000,100000,100000,100000,100000,100000,100000,100000,100000,100000,100000,100000,100000,100000,100000,100000,100000,100000,100000,100000,100000,100000,
100000,100000,100000,100000,100000,100000,100000,100000,100000,100000,100000,100000,100000,100000,100000,100000,100000,100000,100000,100000,100000,100000,100000,100000,100000,100000,100000,100000,100000,100000,100000,100000,100000,100000,100000,100000,100000,100000,100000,100000,100000,100000,100000,100000,100000,100000,100000,100000,100000,100000,100000,100000,100000,100000,100000,100000,100000,100000,100000,100000,100000,100000,100000,100000,100000,100000,100000,
100000,100000,100000,100000,100000,100000,100000,100000,100000,100000,100000,100000,100000,100000,100000,100000,100000,100000,100000,100000,100000,100000,100000,100000,100000,100000,100000,100000,100000,100000,100000,100000,100000,100000,100000,100000,100000,100000,100000,100000,100000,100000,100000,100000,100000,100000,100000,100000,100000,100000,100000,100000,100000,100000,100000,100000,100000,100000,100000,100000,100000,100000,100000,100000,100000,100000,100000,
100000,100000,100000,100000,100000,100000,100000,100000,100000,100000,100000,100000,100000,100000,100000,100000,100000,100000,100000,100000,100000,100000,100000,100000,100000,100000,100000,100000,100000,100000,100000,100000,100000,100000,100000,100000,100000,100000,100000,100000,100000,100000,100000,100000,100000,100000,100000,100000,100000,100000,100000,100000,100000,100000,100000,100000,100000,100000,100000,100000,100000,100000,100000,100000,100000,100000,100000,
100000,100000,100000,100000,100000,100000,100000,100000,100000,100000,100000,100000,100000,100000,100000,100000,100000,100000,100000,100000,100000,100000,100000,100000,100000,100000,100000,100000,100000,100000,100000,100000,100000,100000,100000,100000,100000,100000,100000,100000,100000,100000,100000,100000,100000,100000,100000,100000,100000,100000,100000,100000,100000,100000,100000,100000,100000,100000,100000,100000,100000,100000,100000,100000,100000,100000,100000,
100000,100000,100000,100000,100000,100000,100000,100000,100000,100000,100000,100000,100000,100000,100000,100000,100000,100000,100000,100000,100000,100000,100000,100000,100000,100000,100000,100000,100000,100000,100000,100000,100000,100000,100000,100000,100000,100000,100000,100000,100000,100000,100000,100000,100000,100000,100000,100000,100000,100000,100000,100000,100000,100000,100000,100000,100000,100000,100000,100000,100000,100000,100000,100000,100000,100000,100000,
100000,100000,100000,100000,100000,100000,100000,100000,100000,100000,100000,100000,100000,100000,100000,100000,100000,100000,100000,100000,100000,100000,100000,100000,100000,100000,100000,100000,100000,100000,100000,100000,100000,100000,100000,100000,100000,100000,100000,100000,100000,100000,100000,100000,100000,100000,100000,100000,100000,100000,100000,100000,100000,100000,100000,100000,100000,100000,100000,100000,100000,100000,100000,100000,100000,100000,100000,
100000,100000,100000,100000,100000,100000,100000,100000,100000,100000,100000,100000,100000,100000,100000,100000,100000,100000,100000,100000,100000,100000,100000,100000,100000,100000,100000,100000,100000,100000,100000,100000,100000,100000,100000,100000,100000,100000,100000,100000,100000,100000,100000,100000,100000,100000,100000,100000,100000,100000,100000,100000,100000,100000,100000,100000,100000,100000,100000,100000,100000,100000,100000,100000,100000,100000,100000,
100000,100000,100000,100000,100000,100000,100000,100000,100000,100000,100000,100000,100000,100000,100000,100000,100000,100000,100000,100000,100000,100000,100000,100000,100000,100000,100000,100000,100000,100000,100000,100000,100000,100000,100000,100000,100000,100000,100000,100000,100000,100000,100000,100000,100000,100000,100000,100000,100000,100000,100000,100000,100000,100000,100000,100000,100000,100000,100000,100000,100000,100000,100000,100000,100000,100000,100000,
100000,100000,100000,100000,100000,100000,100000,100000,100000,100000,100000,100000,100000,100000,100000,100000,100000,100000,100000,100000,100000,100000,100000,100000,100000,100000,100000,100000,100000,100000,100000,100000,100000,100000,100000,100000,100000,100000,100000,100000,100000,100000,100000,100000,100000,100000,100000,100000,100000,100000,100000,100000,100000,100000,100000,100000,100000,100000,100000,100000,100000,100000,100000,100000,100000,100000,100000,
100000,100000,100000,100000,100000,100000,100000,100000,100000,100000,100000,100000,100000,100000,100000,100000,100000,100000,100000,100000,100000,100000,100000,100000,100000,100000,100000,100000,100000,100000,100000,100000,100000,100000,100000,100000,100000,100000,100000,100000,100000,100000,100000,100000,100000,100000,100000,100000,100000,100000,100000,100000,100000,100000,100000,100000,100000,100000,100000,100000,100000,100000,100000,100000,100000,100000,100000,
100000,100000,100000,100000,100000,100000,100000,100000,100000,100000,100000,100000,100000,100000,100000,100000,100000,100000,100000,100000,100000,100000,100000,100000,100000,100000,100000,100000,100000,100000,100000,100000,100000,100000,100000,100000,100000,100000,100000,100000,100000,100000,100000,100000,100000,100000,100000,100000,100000,100000,100000,100000,100000,100000,100000,100000,100000,100000,100000,100000,100000,100000,100000,100000,100000,100000,100000,
100000,100000,100000,100000,100000,100000,100000,100000,100000,100000,100000,100000,100000,100000,100000,100000,100000,100000,100000,100000,100000,100000,100000,100000,100000,100000,100000,100000,100000,100000,100000,100000,100000,100000,100000,100000,100000,100000,100000,100000,100000,100000,100000,100000,100000,100000,100000,100000,100000,100000,100000,100000,100000,100000,100000,100000,100000,100000,100000,100000,100000,100000,100000,100000,100000,100000,100000,
100000,100000,100000,100000,100000,100000,100000,100000,100000,100000,100000,100000,100000,100000,100000,100000,100000,100000,100000,100000,100000,100000,100000,100000,100000,100000,100000,100000,100000,100000,100000,100000,100000,100000,100000,100000,100000,100000,100000,100000,100000,100000,100000,100000,100000,100000,100000,100000,100000,100000,100000,100000,100000,100000,100000,100000,100000,100000,100000,100000,100000,100000,100000,100000,100000,100000,100000,
100000,100000,100000,100000,100000,100000,100000,100000,100000,100000,100000,100000,100000,100000,100000,100000,100000,100000,100000,100000,100000,100000,100000,100000,100000,100000,100000,100000,100000,100000,100000,100000,100000,100000,100000,100000,100000,100000,100000,100000,100000,100000,100000,100000,100000,100000,100000,100000,100000,100000,100000,100000,100000,100000,100000,100000,100000,100000,100000,100000,100000,100000,100000,100000,100000,100000,100000,
100000,100000,100000,100000,100000,100000,100000,100000,100000,100000,100000,100000,100000,100000,100000,100000,100000,100000,100000,100000,100000,100000,100000,100000,100000,100000,100000,100000,100000,100000,100000,100000,100000,100000,100000,100000,100000,100000,100000,100000,100000,100000,100000,100000,100000,100000,100000,100000,100000,100000,100000,100000,100000,100000,100000,100000,100000,100000,100000,100000,100000,100000,100000,100000,100000,100000,100000,
100000,100000,100000,100000,100000,104444,104444,104444,100000,100000,100000,100000,100000,100000,100000,100000,100000,100000,100000,100000,100000,100000,100000,100000,100000,100000,100000,100000,100000,100000,100000,100000,100000,100000,100000,100000,100000,100000,100000,100000,100000,100000,100000,100000,100000,100000,100000,100000,100000,100000,100000,100000,100000,100000,100000,100000,100000,100000,100000,100000,100000,100000,100000,100000,100000,100000,100000,
100000,100000,100000,100000,100000,104444,104444,104444,100000,100000,100000,100000,100000,100000,100000,100000,100000,100000,100000,100000,100000,100000,100000,100000,100000,100000,100000,100000,100000,100000,100000,100000,100000,100000,100000,100000,100000,100000,100000,100000,100000,100000,100000,100000,100000,100000,100000,100000,100000,100000,100000,100000,100000,100000,100000,100000,100000,100000,100000,100000,100000,100000,100000,100000,100000,100000,100000,
100000,100000,100000,100000,100000,104444,104443,104422,104434,100000,100000,100000,100000,100000,100000,100000,100000,100000,100000,100000,100000,100000,100000,100000,100000,100000,100000,100000,100000,100000,100000,100000,100000,100000,100000,100000,100000,100000,100000,100000,100000,100000,100000,100000,100000,100000,100000,100000,100000,100000,100000,100000,100000,100000,100000,100000,100000,100000,100000,100000,100000,100000,100000,100000,100000,100000,100000,
100000,100000,100000,100000,100000,100000,104141,447,101414,100000,100000,100000,100000,100000,100000,100000,100000,100000,100000,100000,100000,100000,100000,100000,100000,100000,100000,100000,100000,104443,104422,104422,104422,104422,104434,100000,100000,100000,100000,100000,100000,100000,100000,100000,100000,100000,100000,100000,100000,100000,100000,100000,100000,100000,100000,100000,100000,100000,100000,100000,100000,100000,100000,100000,100000,100000,100000,
100000,100000,100000,100000,100000,100000,104344,102244,103444,100000,100000,100000,100000,100000,100000,100000,100000,100000,100000,100000,100000,100000,100000,100000,100000,100000,100000,100000,100000,104141,469,306,307,308,101402,104422,104434,100000,100000,100000,100000,100000,100000,100000,100000,100000,100000,100000,100000,100000,100000,100000,100000,100000,100000,100000,100000,100000,100000,100000,100000,100000,100000,100000,100000,100000,100000,
100000,100000,100000,100000,100000,100000,100000,100000,100000,100000,100000,100000,100000,100000,100000,100000,100000,100000,100000,100000,100000,100000,100000,100000,100000,100000,100000,100000,100000,104141,557,314,315,316,544,309,101414,100000,100000,100000,100000,100000,100000,100000,100000,100000,100000,100000,100000,100000,100000,100000,100000,100000,100000,100000,100000,100000,100000,100000,100000,100000,100000,100000,100000,100000,100000,
100000,100000,100000,100000,100000,100000,100000,104444,104444,104444,100000,100000,100000,100000,100000,100000,100000,100000,100000,100000,100000,100000,100000,100000,100000,100000,100000,100000,100000,104344,102041,322,323,324,552,317,101414,100000,100000,100000,100000,100000,100000,100000,100000,100000,100000,100000,100000,100000,100000,100000,100000,100000,100000,100000,100000,100000,100000,100000,100000,100000,100000,100000,100000,100000,100000,
100000,100000,100000,100000,100000,100000,104443,104422,104434,104444,100000,104443,104422,104434,100000,100000,100000,100000,100000,100000,100000,100000,100000,100000,100000,100000,100000,100000,100000,100000,104344,102244,102244,102244,102244,102244,103444,100000,100000,100000,100000,100000,100000,100000,100000,100000,100000,100000,100000,100000,100000,100000,100000,100000,100000,100000,100000,100000,100000,100000,100000,100000,100000,100000,100000,100000,100000,
100000,100000,100000,100000,104443,104422,104120,634,101414,104444,100000,104141,529,101414,100000,100000,100000,100000,100000,100000,100000,100000,100000,100000,100000,100000,100000,100000,100000,100000,100000,100000,100000,100000,100000,100000,100000,100000,100000,100000,100000,100000,100000,100000,100000,100000,100000,100000,100000,100000,100000,100000,100000,100000,100000,100000,100000,100000,100000,100000,100000,100000,100000,100000,100000,100000,100000,
100000,100000,100000,100000,104141,507,508,518,101414,104444,100000,104141,537,101414,100000,100000,100000,100000,100000,100000,100000,100000,100000,100000,100000,100000,100000,100000,100000,100000,100000,100000,100000,100000,100000,100000,100000,100000,100000,100000,100000,100000,100000,100000,100000,100000,100000,100000,100000,100000,100000,100000,100000,100000,100000,100000,100000,100000,100000,100000,100000,100000,100000,100000,100000,100000,100000,
100000,100000,100000,100000,104344,102244,102244,102244,103444,100000,100000,104141,529,101414,100000,100000,100000,100000,100000,100000,100000,100000,100000,100000,100000,100000,100000,100000,100000,100000,100000,100000,100000,100000,100000,100000,100000,100000,100000,100000,100000,100000,100000,100000,100000,100000,100000,100000,100000,100000,100000,100000,100000,100000,100000,100000,100000,100000,100000,100000,100000,100000,100000,100000,100000,100000,100000,
100000,100000,100000,100000,100000,100000,100000,100000,100000,100000,100000,104344,102244,103444,100000,100000,100000,100000,100000,100000,100000,100000,100000,100000,100000,100000,100000,100000,100000,100000,100000,100000,100000,100000,100000,100000,100000,100000,100000,100000,100000,100000,100000,100000,100000,100000,100000,100000,100000,100000,100000,100000,100000,100000,100000,100000,100000,100000,100000,100000,100000,100000,100000,100000,100000,100000,100000,
100000,100000,100000,100000,100000,100000,100000,100000,100000,100000,100000,100000,100000,100000,100000,100000,100000,100000,100000,100000,100000,100000,100000,100000,100000,100000,100000,100000,100000,100000,100000,100000,100000,100000,100000,100000,100000,100000,100000,100000,100000,100000,100000,100000,100000,100000,100000,100000,100000,100000,100000,100000,100000,100000,100000,100000,100000,100000,100000,100000,100000,100000,100000,100000,100000,100000,100000,
100000,100000,100000,100000,100000,100000,100000,100000,100000,100000,100000,100000,100000,100000,100000,100000,100000,100000,100000,100000,100000,100000,100000,100000,100000,100000,100000,100000,100000,100000,100000,100000,100000,100000,100000,100000,100000,100000,100000,100000,100000,100000,100000,100000,100000,100000,100000,100000,100000,100000,100000,100000,100000,100000,100000,100000,100000,100000,100000,100000,100000,100000,100000,100000,100000,100000,100000,
100000,100000,100000,100000,100000,100000,100000,100000,100000,100000,100000,100000,100000,100000,100000,100000,100000,100000,100000,100000,100000,100000,100000,100000,100000,100000,100000,100000,100000,100000,100000,100000,100000,100000,100000,100000,100000,100000,100000,100000,100000,100000,100000,100000,100000,100000,100000,100000,100000,100000,100000,100000,100000,100000,100000,100000,100000,100000,100000,100000,100000,100000,100000,100000,100000,100000,100000,
100000,100000,100000,100000,100000,100000,100000,100000,100000,100000,100000,100000,100000,100000,100000,100000,100000,100000,100000,100000,100000,100000,100000,100000,100000,100000,100000,100000,100000,100000,100000,100000,100000,100000,100000,100000,100000,100000,100000,100000,100000,100000,100000,100000,100000,100000,100000,100000,100000,100000,100000,100000,100000,100000,100000,100000,100000,100000,100000,100000,100000,100000,100000,100000,100000,100000,100000,
100000,100000,100000,100000,100000,100000,100000,100000,100000,100000,100000,100000,100000,100000,100000,100000,100000,100000,100000,100000,100000,100000,100000,100000,100000,100000,100000,100000,100000,100000,100000,100000,100000,100000,100000,100000,100000,100000,100000,100000,100000,100000,100000,100000,100000,100000,100000,100000,100000,100000,100000,100000,100000,100000,100000,100000,100000,100000,100000,100000,100000,100000,100000,100000,100000,100000,100000,
100000,100000,100000,100000,100000,100000,100000,100000,100000,100000,100000,100000,100000,100000,100000,100000,100000,100000,100000,100000,100000,100000,100000,100000,100000,100000,100000,100000,100000,100000,100000,100000,100000,100000,100000,100000,100000,100000,100000,100000,100000,100000,100000,100000,100000,100000,100000,100000,100000,100000,100000,100000,100000,100000,100000,100000,100000,100000,100000,100000,100000,100000,100000,100000,100000,100000,100000,
[MAPLAYER_2_END]
[MAPLAYER_3_START]
100000,100000,100000,100000,100000,100000,100000,100000,100000,100000,100000,100000,100000,100000,100000,100000,100000,100000,100000,100000,100000,100000,100000,100000,100000,100000,100000,100000,100000,100000,100000,100000,100000,100000,100000,100000,100000,100000,100000,100000,100000,100000,100000,100000,100000,100000,100000,100000,100000,100000,100000,100000,100000,100000,100000,100000,100000,100000,100000,100000,100000,100000,100000,100000,100000,100000,100000,
100000,100000,100000,100000,100000,100000,100000,100000,100000,100000,100000,100000,100000,100000,100000,100000,100000,100000,100000,100000,100000,100000,100000,100000,100000,100000,100000,100000,100000,100000,100000,100000,100000,100000,100000,100000,100000,100000,100000,100000,100000,100000,100000,100000,100000,100000,100000,100000,100000,100000,100000,100000,100000,100000,100000,100000,100000,100000,100000,100000,100000,100000,100000,100000,100000,100000,100000,
100000,100000,100000,100000,100000,100000,100000,100000,100000,100000,100000,100000,100000,100000,100000,100000,100000,100000,100000,100000,100000,100000,100000,100000,100000,100000,100000,100000,100000,100000,100000,100000,100000,100000,100000,100000,100000,100000,100000,100000,100000,100000,100000,100000,100000,100000,100000,100000,100000,100000,100000,100000,100000,100000,100000,100000,100000,100000,100000,100000,100000,100000,100000,100000,100000,100000,100000,
100000,100000,100000,100000,100000,100000,100000,100000,100000,100000,100000,100000,100000,100000,100000,100000,100000,100000,100000,100000,100000,100000,100000,100000,100000,100000,100000,100000,100000,100000,100000,100000,100000,100000,100000,100000,100000,100000,100000,100000,100000,100000,100000,100000,100000,100000,100000,100000,100000,100000,100000,100000,100000,100000,100000,100000,100000,100000,100000,100000,100000,100000,100000,100000,100000,100000,100000,
100000,100000,100000,100000,100000,100000,100000,100000,100000,100000,100000,100000,100000,100000,100000,100000,100000,100000,100000,100000,100000,100000,100000,100000,100000,100000,100000,100000,100000,100000,100000,100000,100000,100000,100000,100000,100000,100000,100000,100000,100000,100000,100000,100000,100000,100000,100000,100000,100000,100000,100000,100000,100000,100000,100000,100000,100000,100000,100000,100000,100000,100000,100000,100000,100000,100000,100000,
100000,100000,100000,100000,100000,100000,100000,100000,100000,100000,100000,100000,100000,100000,100000,100000,100000,100000,100000,100000,100000,100000,100000,100000,100000,100000,100000,100000,100000,100000,100000,100000,100000,100000,100000,100000,100000,100000,100000,100000,100000,100000,100000,100000,100000,100000,100000,100000,100000,100000,100000,100000,100000,100000,100000,100000,100000,100000,100000,100000,100000,100000,100000,100000,100000,100000,100000,
100000,100000,100000,100000,100000,100000,100000,100000,100000,100000,100000,100000,100000,100000,100000,100000,100000,100000,100000,100000,100000,100000,100000,100000,100000,100000,100000,100000,100000,100000,100000,100000,100000,100000,100000,100000,100000,100000,100000,100000,100000,100000,100000,100000,100000,100000,100000,100000,100000,100000,100000,100000,100000,100000,100000,100000,100000,100000,100000,100000,100000,100000,100000,100000,100000,100000,100000,
100000,100000,100000,100000,100000,100000,100000,100000,100000,100000,100000,100000,100000,100000,100000,100000,100000,100000,100000,100000,100000,100000,100000,100000,100000,100000,100000,100000,100000,100000,100000,100000,100000,100000,100000,100000,100000,100000,100000,100000,100000,100000,100000,100000,100000,100000,100000,100000,100000,100000,100000,100000,100000,100000,100000,100000,100000,100000,100000,100000,100000,100000,100000,100000,100000,100000,100000,
100000,100000,100000,100000,100000,100000,100000,100000,100000,100000,100000,100000,100000,100000,100000,100000,100000,100000,100000,100000,100000,100000,100000,100000,100000,100000,100000,100000,100000,100000,100000,100000,100000,100000,100000,100000,100000,100000,100000,100000,100000,100000,100000,100000,100000,100000,100000,100000,100000,100000,100000,100000,100000,100000,100000,100000,100000,100000,100000,100000,100000,100000,100000,100000,100000,100000,100000,
100000,100000,100000,100000,100000,100000,100000,100000,100000,100000,100000,100000,100000,100000,100000,100000,100000,100000,100000,100000,100000,100000,100000,100000,100000,100000,100000,100000,100000,100000,100000,100000,100000,100000,100000,100000,100000,100000,100000,100000,100000,100000,100000,100000,100000,100000,100000,100000,100000,100000,100000,100000,100000,100000,100000,100000,100000,100000,100000,100000,100000,100000,100000,100000,100000,100000,100000,
100000,100000,100000,100000,100000,100000,100000,100000,100000,100000,100000,100000,100000,100000,100000,100000,100000,100000,100000,100000,100000,100000,100000,100000,100000,100000,100000,100000,100000,100000,100000,100000,100000,100000,100000,100000,100000,100000,100000,100000,100000,100000,100000,100000,100000,100000,100000,100000,100000,100000,100000,100000,100000,100000,100000,100000,100000,100000,100000,100000,100000,100000,100000,100000,100000,100000,100000,
100000,100000,100000,100000,100000,100000,100000,100000,100000,100000,100000,100000,100000,100000,100000,100000,100000,100000,100000,100000,100000,100000,100000,100000,100000,100000,100000,100000,100000,100000,100000,100000,100000,100000,100000,100000,100000,100000,100000,100000,100000,100000,100000,100000,100000,100000,100000,100000,100000,100000,100000,100000,100000,100000,100000,100000,100000,100000,100000,100000,100000,100000,100000,100000,100000,100000,100000,
100000,100000,100000,100000,100000,100000,100000,100000,100000,100000,100000,100000,100000,100000,100000,100000,100000,100000,100000,100000,100000,100000,100000,100000,100000,100000,100000,100000,100000,100000,100000,100000,100000,100000,100000,100000,100000,100000,100000,100000,100000,100000,100000,100000,100000,100000,100000,100000,100000,100000,100000,100000,100000,100000,100000,100000,100000,100000,100000,100000,100000,100000,100000,100000,100000,100000,100000,
100000,100000,100000,100000,100000,100000,100000,100000,100000,100000,100000,100000,100000,100000,100000,100000,100000,100000,100000,100000,100000,100000,100000,100000,100000,100000,100000,100000,100000,100000,100000,100000,100000,100000,100000,100000,100000,100000,100000,100000,100000,100000,100000,100000,100000,100000,100000,100000,100000,100000,100000,100000,100000,100000,100000,100000,100000,100000,100000,100000,100000,100000,100000,100000,100000,100000,100000,
100000,100000,100000,100000,100000,100000,100000,100000,100000,100000,100000,100000,100000,100000,100000,100000,100000,100000,100000,100000,100000,100000,100000,100000,100000,100000,100000,100000,100000,100000,100000,100000,100000,100000,100000,100000,100000,100000,100000,100000,100000,100000,100000,100000,100000,100000,100000,100000,100000,100000,100000,100000,100000,100000,100000,100000,100000,100000,100000,100000,100000,100000,100000,100000,100000,100000,100000,
100000,100000,100000,100000,100000,100000,100000,100000,100000,100000,100000,100000,100000,100000,100000,100000,100000,100000,100000,100000,100000,100000,100000,100000,100000,100000,100000,100000,100000,100000,100000,100000,100000,100000,100000,100000,100000,100000,100000,100000,100000,100000,100000,100000,100000,100000,100000,100000,100000,100000,100000,100000,100000,100000,100000,100000,100000,100000,100000,100000,100000,100000,100000,100000,100000,100000,100000,
100000,100000,100000,100000,100000,100000,100000,100000,100000,100000,100000,100000,100000,100000,100000,100000,100000,100000,100000,100000,100000,100000,100000,100000,100000,100000,100000,100000,100000,100000,100000,100000,100000,100000,100000,100000,100000,100000,100000,100000,100000,100000,100000,100000,100000,100000,100000,100000,100000,100000,100000,100000,100000,100000,100000,100000,100000,100000,100000,100000,100000,100000,100000,100000,100000,100000,100000,
100000,100000,100000,100000,100000,100000,100000,100000,100000,100000,100000,100000,100000,100000,100000,100000,100000,100000,100000,100000,100000,100000,100000,100000,100000,100000,100000,100000,100000,100000,100000,100000,100000,100000,100000,100000,100000,100000,100000,100000,100000,100000,100000,100000,100000,100000,100000,100000,100000,100000,100000,100000,100000,100000,100000,100000,100000,100000,100000,100000,100000,100000,100000,100000,100000,100000,100000,
100000,100000,100000,100000,100000,100000,100000,100000,100000,100000,100000,100000,100000,100000,100000,100000,100000,100000,100000,100000,100000,100000,100000,100000,100000,100000,100000,100000,100000,100000,100000,100000,100000,100000,100000,100000,100000,100000,100000,100000,100000,100000,100000,100000,100000,100000,100000,100000,100000,100000,100000,100000,100000,100000,100000,100000,100000,100000,100000,100000,100000,100000,100000,100000,100000,100000,100000,
100000,100000,100000,100000,100000,100000,100000,100000,100000,100000,100000,100000,100000,100000,100000,100000,100000,100000,100000,100000,100000,100000,100000,100000,100000,100000,100000,100000,100000,100000,100000,100000,100000,100000,100000,100000,100000,100000,100000,100000,100000,100000,100000,100000,100000,100000,100000,100000,100000,100000,100000,100000,100000,100000,100000,100000,100000,100000,100000,100000,100000,100000,100000,100000,100000,100000,100000,
100000,100000,100000,100000,100000,100000,100000,100000,100000,100000,100000,100000,100000,100000,100000,100000,100000,100000,100000,100000,100000,100000,100000,100000,100000,100000,100000,100000,100000,100000,100000,100000,100000,100000,100000,100000,100000,100000,100000,100000,100000,100000,100000,100000,100000,100000,100000,100000,100000,100000,100000,100000,100000,100000,100000,100000,100000,100000,100000,100000,100000,100000,100000,100000,100000,100000,100000,
100000,100000,100000,100000,100000,100000,100000,100000,100000,100000,100000,100000,100000,100000,100000,100000,100000,100000,100000,100000,100000,100000,100000,100000,100000,100000,100000,100000,100000,100000,100000,100000,100000,100000,100000,100000,100000,100000,100000,100000,100000,100000,100000,100000,100000,100000,100000,100000,100000,100000,100000,100000,100000,100000,100000,100000,100000,100000,100000,100000,100000,100000,100000,100000,100000,100000,100000,
100000,100000,100000,100000,100000,100000,100000,100000,100000,100000,100000,100000,100000,100000,100000,100000,100000,100000,100000,100000,100000,100000,100000,100000,100000,100000,100000,100000,100000,100000,100000,100000,100000,100000,100000,100000,100000,100000,100000,100000,100000,100000,100000,100000,100000,100000,100000,100000,100000,100000,100000,100000,100000,100000,100000,100000,100000,100000,100000,100000,100000,100000,100000,100000,100000,100000,100000,
100000,100000,100000,100000,100000,100000,100000,100000,100000,100000,100000,100000,100000,100000,100000,100000,100000,100000,100000,100000,100000,100000,100000,100000,100000,100000,100000,100000,100000,100000,100000,100000,100000,100000,100000,100000,100000,100000,100000,100000,100000,100000,100000,100000,100000,100000,100000,100000,100000,100000,100000,100000,100000,100000,100000,100000,100000,100000,100000,100000,100000,100000,100000,100000,100000,100000,100000,
100000,100000,100000,100000,100000,100000,100000,100000,100000,100000,100000,100000,100000,100000,100000,100000,100000,100000,100000,100000,100000,100000,100000,100000,100000,100000,100000,100000,100000,100000,100000,100000,100000,100000,100000,100000,100000,100000,100000,100000,100000,100000,100000,100000,100000,100000,100000,100000,100000,100000,100000,100000,100000,100000,100000,100000,100000,100000,100000,100000,100000,100000,100000,100000,100000,100000,100000,
100000,100000,100000,100000,100000,100000,100000,100000,100000,100000,100000,100000,100000,100000,100000,100000,100000,100000,100000,100000,100000,100000,100000,100000,100000,100000,100000,100000,100000,100000,100000,100000,100000,100000,100000,100000,100000,100000,100000,100000,100000,100000,100000,100000,100000,100000,100000,100000,100000,100000,100000,100000,104443,104422,104434,100000,100000,100000,100000,100000,100000,100000,100000,100000,100000,100000,100000,
100000,100000,100000,100000,100000,100000,100000,100000,100000,100000,100000,100000,100000,100000,100000,100000,100000,100000,100000,100000,100000,100000,100000,100000,100000,100000,100000,100000,100000,100000,100000,100000,100000,100000,100000,100000,100000,100000,100000,100000,100000,100000,100000,100000,100000,100000,100000,100000,100000,100000,100000,100000,104141,339,101413,104422,104434,100000,100000,100000,100000,100000,100000,100000,100000,100000,100000,
100000,100000,100000,100000,100000,100000,100000,100000,100000,100000,100000,100000,100000,100000,100000,100000,100000,100000,100000,100000,100000,100000,100000,100000,100000,100000,100000,100000,100000,100000,100000,100000,100000,100000,100000,100000,100000,100000,100000,100000,100000,100000,100000,100000,100000,100000,100000,100000,100000,100000,100000,100000,104141,347,101100,290,101414,100000,100000,100000,100000,100000,100000,100000,100000,100000,100000,
100000,100000,100000,100000,100000,100000,100000,100000,100000,100000,100000,100000,100000,100000,100000,100000,100000,100000,100000,100000,100000,100000,100000,100000,100000,100000,100000,100000,100000,100000,100000,100000,100000,100000,100000,100000,100000,100000,100000,100000,100000,100000,100000,100000,100000,100000,100000,100000,100000,100000,100000,100000,104344,102041,452,298,101414,100000,100000,100000,100000,100000,100000,100000,100000,100000,100000,
100000,100000,100000,100000,100000,100000,100000,100000,100000,100000,100000,100000,100000,100000,100000,100000,100000,100000,100000,100000,100000,100000,100000,100000,100000,100000,100000,100000,100000,100000,100000,100000,100000,100000,100000,100000,100000,100000,100000,100000,100000,100000,100000,100000,100000,100000,100000,100000,100000,100000,100000,100000,100000,104344,102244,102244,103444,100000,100000,100000,100000,100000,100000,100000,100000,100000,100000,
100000,100000,100000,100000,100000,100000,100000,100000,100000,100000,100000,100000,100000,100000,100000,100000,100000,100000,100000,100000,100000,100000,100000,100000,100000,100000,100000,100000,100000,100000,100000,100000,100000,100000,100000,100000,100000,100000,100000,100000,100000,100000,100000,100000,100000,100000,100000,100000,100000,100000,100000,100000,104443,104422,104422,104422,104434,100000,100000,100000,100000,100000,100000,100000,100000,100000,100000,
100000,100000,100000,100000,100000,100000,100000,100000,100000,100000,100000,100000,100000,100000,100000,100000,100000,100000,100000,100000,100000,100000,100000,100000,100000,100000,100000,100000,100000,100000,100000,100000,100000,100000,100000,100000,100000,100000,100000,100000,100000,100000,100000,100000,100000,100000,100000,100000,100000,100000,100000,100000,104141,464,468,469,101414,100000,100000,100000,100000,100000,100000,100000,100000,100000,100000,
100000,100000,100000,100000,100000,100000,100000,100000,100000,100000,100000,100000,100000,100000,100000,100000,100000,100000,100000,100000,100000,100000,100000,100000,100000,100000,100000,100000,100000,100000,100000,100000,100000,100000,100000,100000,100000,100000,100000,100000,100000,100000,100000,100000,100000,100000,100000,100000,100000,100000,100000,100000,104344,102244,102244,102244,103444,100000,100000,100000,100000,100000,100000,100000,100000,100000,100000,
100000,100000,100000,100000,100000,100000,100000,100000,100000,100000,100000,100000,100000,100000,100000,100000,100000,100000,100000,100000,100000,100000,100000,100000,100000,100000,100000,100000,100000,100000,100000,100000,100000,100000,100000,100000,100000,100000,100000,100000,100000,100000,100000,100000,100000,100000,100000,100000,100000,100000,100000,100000,100000,100000,100000,100000,100000,100000,100000,100000,100000,100000,100000,100000,100000,100000,100000,
100000,100000,100000,100000,100000,100000,100000,100000,100000,100000,100000,100000,100000,100000,100000,100000,100000,100000,100000,100000,100000,100000,100000,100000,100000,100000,100000,100000,100000,100000,100000,100000,100000,100000,100000,100000,100000,100000,100000,100000,100000,100000,100000,100000,100000,100000,100000,100000,100000,100000,100000,100000,100000,100000,100000,100000,100000,100000,100000,100000,100000,100000,100000,100000,100000,100000,100000,
100000,100000,100000,100000,100000,100000,100000,100000,100000,100000,100000,100000,100000,100000,100000,100000,100000,100000,100000,100000,100000,100000,100000,100000,100000,100000,100000,100000,100000,100000,100000,100000,100000,100000,100000,100000,100000,100000,100000,100000,100000,100000,100000,100000,100000,100000,100000,100000,100000,100000,100000,100000,100000,100000,100000,100000,100000,100000,100000,100000,100000,100000,100000,100000,100000,100000,100000,
100000,100000,100000,100000,100000,100000,100000,100000,100000,100000,100000,100000,100000,100000,100000,100000,100000,100000,100000,100000,100000,100000,100000,100000,100000,100000,100000,100000,100000,100000,100000,100000,100000,100000,100000,100000,100000,100000,100000,100000,100000,100000,100000,100000,100000,100000,100000,100000,100000,100000,100000,100000,100000,100000,100000,100000,100000,100000,100000,100000,100000,100000,100000,100000,100000,100000,100000,
100000,100000,100000,100000,100000,100000,100000,100000,100000,100000,100000,100000,100000,100000,100000,100000,100000,100000,100000,100000,100000,100000,100000,100000,100000,100000,100000,100000,100000,100000,100000,100000,100000,100000,100000,100000,100000,100000,100000,100000,100000,100000,100000,100000,100000,100000,100000,100000,100000,100000,100000,100000,100000,100000,100000,100000,100000,100000,100000,100000,100000,100000,100000,100000,100000,100000,100000,
100000,100000,100000,100000,100000,100000,100000,100000,100000,100000,100000,100000,100000,100000,100000,104444,104444,104444,104444,104444,104444,100000,100000,100000,100000,100000,100000,100000,100000,100000,100000,100000,100000,100000,100000,100000,100000,100000,100000,100000,100000,100000,100000,100000,100000,100000,100000,100000,100000,100000,100000,100000,100000,100000,100000,100000,100000,100000,100000,100000,100000,100000,100000,100000,100000,100000,100000,
100000,100000,100000,100000,100000,100000,100000,100000,100000,100000,100000,100000,100000,104444,104444,104444,104444,104444,104444,104444,104444,100000,100000,100000,100000,100000,100000,100000,100000,100000,100000,100000,100000,100000,100000,100000,100000,100000,100000,100000,100000,100000,100000,100000,100000,100000,100000,100000,100000,100000,100000,100000,100000,100000,100000,100000,100000,100000,100000,100000,100000,100000,100000,100000,100000,100000,100000,
100000,100000,100000,100000,100000,100000,100000,100000,100000,100000,100000,104444,104444,104444,104444,104444,104444,104444,104444,104444,104444,104444,100000,100000,100000,100000,100000,100000,100000,100000,100000,100000,100000,100000,100000,100000,100000,100000,100000,100000,100000,100000,100000,100000,100000,100000,100000,100000,100000,100000,100000,100000,100000,100000,100000,100000,100000,100000,100000,100000,100000,100000,100000,100000,100000,100000,100000,
100000,100000,100000,100000,100000,100000,100000,100000,100000,100000,100000,104444,104444,104444,104444,104444,104444,104444,104444,104444,104444,104444,100000,100000,100000,100000,100000,100000,100000,100000,100000,100000,100000,100000,100000,100000,100000,100000,100000,100000,100000,100000,100000,100000,100000,100000,100000,100000,100000,100000,100000,100000,100000,100000,100000,100000,100000,100000,100000,100000,100000,100000,100000,100000,100000,100000,100000,
100000,100000,100000,100000,100000,100000,100000,100000,100000,100000,100000,104444,104444,104444,104444,104444,104444,104444,104444,104444,104444,104444,100000,100000,100000,100000,100000,100000,100000,100000,100000,100000,100000,100000,100000,100000,100000,100000,100000,100000,100000,100000,100000,100000,100000,100000,100000,100000,100000,100000,100000,100000,100000,100000,100000,100000,100000,100000,100000,100000,100000,100000,100000,100000,100000,100000,100000,
100000,100000,100000,100000,100000,100000,100000,100000,100000,100000,100000,104444,104444,104444,104444,104444,104444,104444,104444,104444,104444,104444,100000,100000,100000,100000,100000,100000,100000,100000,100000,100000,100000,100000,100000,100000,100000,100000,100000,100000,100000,100000,100000,100000,100000,100000,100000,100000,100000,100000,100000,100000,100000,100000,100000,100000,100000,100000,100000,100000,100000,100000,100000,100000,100000,100000,100000,
100000,100000,100000,100000,100000,100000,100000,100000,100000,100000,100000,104444,104444,104444,104444,104444,104444,104444,100000,100000,100000,100000,100000,100000,100000,100000,100000,100000,100000,100000,100000,100000,100000,100000,100000,100000,100000,100000,100000,100000,100000,100000,100000,100000,100000,100000,100000,100000,100000,100000,100000,100000,100000,100000,100000,100000,100000,100000,100000,100000,100000,100000,100000,100000,100000,100000,100000,
100000,100000,100000,100000,100000,100000,100000,100000,100000,100000,100000,100000,104443,104422,104434,100000,100000,100000,100000,100000,100000,100000,100000,100000,100000,100000,100000,100000,100000,100000,100000,100000,100000,100000,100000,100000,100000,100000,100000,100000,100000,100000,100000,100000,100000,100000,100000,100000,100000,100000,100000,100000,100000,100000,100000,100000,100000,100000,100000,100000,100000,100000,100000,100000,100000,100000,100000,
100000,100000,100000,100000,100000,100000,100000,100000,100000,100000,100000,100000,104141,1808,101414,100000,100000,100000,100000,100000,100000,100000,100000,100000,100000,100000,100000,100000,100000,100000,100000,100000,100000,100000,100000,100000,100000,100000,100000,100000,100000,100000,100000,100000,100000,100000,100000,100000,100000,100000,100000,100000,100000,100000,100000,100000,100000,100000,100000,100000,100000,100000,100000,100000,100000,100000,100000,
100000,100000,100000,100000,104443,104422,104433,104422,104434,100000,100000,100000,104344,102244,103444,100000,100000,100000,100000,100000,100000,100000,100000,100000,100000,100000,100000,100000,100000,100000,100000,100000,100000,100000,100000,100000,100000,100000,100000,100000,100000,100000,100000,100000,100000,100000,100000,100000,100000,100000,100000,100000,100000,100000,100000,100000,100000,100000,100000,100000,100000,100000,100000,100000,100000,100000,100000,
100000,100000,100000,100000,104141,38,101111,453,101402,104422,104422,104422,104422,104434,100000,100000,100000,100000,100000,100000,100000,100000,100000,100000,100000,100000,100000,100000,100000,100000,100000,100000,100000,100000,100000,100000,100000,100000,100000,100000,100000,100000,100000,100000,100000,100000,100000,100000,100000,100000,100000,100000,100000,100000,100000,100000,100000,100000,100000,100000,100000,100000,100000,100000,100000,100000,100000,
100000,100000,100000,100000,104344,102244,103141,446,438,75,76,76,77,101414,100000,100000,100000,100000,100000,100000,100000,100000,100000,100000,100000,100000,100000,100000,100000,100000,100000,100000,100000,100000,100000,100000,100000,100000,100000,100000,100000,100000,100000,100000,100000,100000,100000,100000,100000,100000,100000,100000,100000,100000,100000,100000,100000,100000,100000,100000,100000,100000,100000,100000,100000,100000,100000,
100000,100000,100000,100000,100000,100000,104141,446,438,83,84,84,85,101414,100000,100000,100000,100000,100000,100000,100000,100000,100000,100000,100000,100000,100000,100000,100000,100000,100000,100000,100000,100000,100000,100000,100000,100000,100000,100000,100000,100000,100000,100000,100000,100000,100000,100000,100000,100000,100000,100000,100000,100000,100000,100000,100000,100000,100000,100000,100000,100000,100000,100000,100000,100000,100000,
100000,100000,100000,100000,100000,100000,104141,446,438,440,441,441,442,101414,100000,100000,100000,100000,100000,100000,100000,100000,100000,100000,100000,100000,100000,100000,100000,100000,100000,100000,100000,100000,100000,100000,100000,100000,100000,100000,100000,100000,100000,100000,100000,100000,100000,100000,100000,100000,100000,100000,100000,100000,100000,100000,100000,100000,100000,100000,100000,100000,100000,100000,100000,100000,100000,
100000,100000,100000,100000,100000,100000,104344,102244,102244,102244,102244,102244,102244,103444,100000,100000,100000,100000,100000,100000,100000,100000,100000,100000,100000,100000,100000,100000,100000,100000,100000,100000,100000,100000,100000,100000,100000,100000,100000,100000,100000,100000,100000,100000,100000,100000,100000,100000,100000,100000,100000,100000,100000,100000,100000,100000,100000,100000,100000,100000,100000,100000,100000,100000,100000,100000,100000,
100000,100000,100000,100000,100000,100000,100000,104444,104444,104444,104444,100000,100000,100000,100000,100000,100000,100000,100000,100000,100000,100000,100000,100000,100000,100000,100000,100000,100000,100000,100000,100000,100000,100000,100000,100000,100000,100000,100000,100000,100000,100000,100000,100000,100000,100000,100000,100000,100000,100000,100000,100000,100000,100000,100000,100000,100000,100000,100000,100000,100000,100000,100000,100000,100000,100000,100000,
100000,100000,100000,100000,100000,100000,100000,104444,104444,104444,104444,100000,100000,100000,100000,100000,100000,100000,100000,100000,100000,100000,100000,100000,100000,100000,100000,100000,100000,100000,100000,100000,100000,100000,100000,100000,100000,100000,100000,100000,100000,100000,100000,100000,100000,100000,100000,100000,100000,100000,100000,100000,100000,100000,100000,100000,100000,100000,100000,100000,100000,100000,100000,100000,100000,100000,100000,
100000,100000,100000,100000,100000,100000,100000,104444,104444,104444,104444,100000,100000,100000,100000,100000,100000,100000,100000,100000,100000,100000,100000,100000,100000,100000,100000,100000,100000,100000,100000,100000,100000,100000,100000,100000,100000,100000,100000,100000,100000,100000,100000,100000,100000,100000,100000,100000,100000,100000,100000,100000,100000,100000,100000,100000,100000,100000,100000,100000,100000,100000,100000,100000,100000,100000,100000,
100000,100000,100000,100000,100000,100000,100000,104444,104444,104444,104444,100000,100000,100000,100000,100000,100000,100000,100000,100000,100000,100000,100000,100000,100000,100000,100000,100000,100000,100000,100000,100000,100000,100000,100000,100000,100000,100000,100000,100000,100000,100000,100000,100000,100000,100000,100000,100000,100000,100000,100000,100000,100000,100000,100000,100000,100000,100000,100000,100000,100000,100000,100000,100000,100000,100000,100000,
100000,100000,100000,100000,100000,100000,100000,100000,100000,100000,100000,100000,100000,100000,100000,100000,100000,100000,100000,100000,100000,100000,100000,100000,100000,100000,100000,100000,100000,100000,100000,100000,100000,100000,100000,100000,100000,100000,100000,100000,100000,100000,100000,100000,100000,100000,100000,100000,100000,100000,100000,100000,100000,100000,100000,100000,100000,100000,100000,100000,100000,100000,100000,100000,100000,100000,100000,
100000,100000,100000,100000,100000,100000,100000,100000,100000,100000,100000,100000,100000,100000,100000,100000,100000,100000,100000,100000,100000,100000,100000,100000,100000,100000,100000,100000,100000,100000,100000,100000,100000,100000,100000,100000,100000,100000,100000,100000,100000,100000,100000,100000,100000,100000,100000,100000,100000,100000,100000,100000,100000,100000,100000,100000,100000,100000,100000,100000,100000,100000,100000,100000,100000,100000,100000,
100000,100000,100000,100000,100000,100000,100000,100000,100000,100000,100000,100000,100000,100000,100000,100000,100000,100000,100000,100000,100000,100000,100000,100000,100000,100000,100000,100000,100000,100000,100000,100000,100000,100000,100000,100000,100000,100000,100000,100000,100000,100000,100000,100000,100000,100000,100000,100000,100000,100000,100000,100000,100000,100000,100000,100000,100000,100000,100000,100000,100000,100000,100000,100000,100000,100000,100000,
100000,100000,100000,100000,100000,100000,100000,100000,100000,100000,100000,100000,100000,100000,100000,100000,100000,100000,100000,100000,100000,100000,100000,100000,100000,100000,100000,100000,100000,100000,100000,100000,100000,100000,100000,100000,100000,100000,100000,100000,100000,100000,100000,100000,100000,100000,100000,100000,100000,100000,100000,100000,100000,100000,100000,100000,100000,100000,100000,100000,100000,100000,100000,100000,100000,100000,100000,
100000,100000,100000,100000,100000,100000,100000,100000,100000,100000,100000,100000,100000,100000,100000,100000,100000,100000,100000,100000,100000,100000,100000,100000,100000,100000,100000,100000,100000,100000,100000,100000,100000,100000,100000,100000,100000,100000,100000,100000,100000,100000,100000,100000,100000,100000,100000,100000,100000,100000,100000,100000,100000,100000,100000,100000,100000,100000,100000,100000,100000,100000,100000,100000,100000,100000,100000,
100000,100000,100000,100000,100000,100000,100000,100000,100000,100000,100000,100000,100000,100000,100000,100000,100000,100000,100000,100000,100000,100000,100000,100000,100000,100000,100000,100000,100000,100000,100000,100000,100000,100000,100000,100000,100000,100000,100000,100000,100000,100000,100000,100000,100000,100000,100000,100000,100000,100000,100000,100000,100000,100000,100000,100000,100000,100000,100000,100000,100000,100000,100000,100000,100000,100000,100000,
100000,100000,100000,100000,100000,100000,100000,100000,100000,100000,100000,100000,100000,100000,100000,100000,100000,100000,100000,100000,100000,100000,100000,100000,100000,100000,100000,100000,100000,100000,100000,100000,100000,100000,100000,100000,100000,100000,100000,100000,100000,100000,100000,100000,100000,100000,100000,100000,100000,100000,100000,100000,100000,100000,100000,100000,100000,100000,100000,100000,100000,100000,100000,100000,100000,100000,100000,
100000,100000,100000,100000,100000,100000,100000,100000,100000,100000,100000,100000,100000,100000,100000,100000,100000,100000,100000,100000,100000,100000,100000,100000,100000,100000,100000,100000,100000,100000,100000,100000,100000,100000,100000,100000,100000,100000,100000,100000,100000,100000,100000,100000,100000,100000,100000,100000,100000,100000,100000,100000,100000,100000,100000,100000,100000,100000,100000,100000,100000,100000,100000,100000,100000,100000,100000,
[MAPLAYER_3_END]
[--MAP_END--]
----------
[EVENTDATA_TEXT_OUTPUT]
EVENT_NUM=39
-----
EVENT_ID=0
EVENT_NAME=
EVENT_X=18
EVENT_Y=10
EVENT_PAGE=2
OPTION_DATA_NUM=0
EVENT_PAGE_NUM=2
EVENT_PAGE=0
EVENT_TILE_ID=-1
GRAPHIC_FILENAME=
EVENT_DIRECTION=2
EVENT_PATTERN=1
EVENT_OPACITY=255
EVENT_BLENDTYPE=0
EVENT_TRIGGER_TYPE=0
EVENT_CONDITION_0_USE=32
EVENT_CONDITION_TARGET_0=1000000
EVENT_CONDITION_VALUE_0=0
EVENT_CONDITION_1_USE=32
EVENT_CONDITION_TARGET_1=1000000
EVENT_CONDITION_VALUE_1=0
EVENT_CONDITION_2_USE=32
EVENT_CONDITION_TARGET_2=1000000
EVENT_CONDITION_VALUE_2=0
EVENT_CONDITION_3_USE=32
EVENT_CONDITION_TARGET_3=1000000
EVENT_CONDITION_VALUE_3=0
ANIME_SPEED=3
MOVE_SPEED=3
MOVE_FREQUENCY=3
MOVE_TYPE=0
CHARA_OPTION_FLAG=35
ROUTE_OPTION_FLAG=2
ROUTE_COMMAND_NUM=0
OPTION_VAL_NUM=3
OPTION_VAL_0=0
OPTION_VAL_1=0
OPTION_VAL_2=0
COMMAND_NUM=1
--
WoditorEvCOMMAND_START
[0][0,0]<0>()()
WoditorEvCOMMAND_END
--
[COMMAND_TEXT_START]
■
[COMMAND_TEXT_END]
EVENT_PAGE=1
EVENT_TILE_ID=-1
GRAPHIC_FILENAME=
EVENT_DIRECTION=2
EVENT_PATTERN=1
EVENT_OPACITY=255
EVENT_BLENDTYPE=0
EVENT_TRIGGER_TYPE=0
EVENT_CONDITION_0_USE=33
EVENT_CONDITION_TARGET_0=2000052
EVENT_CONDITION_VALUE_0=1
EVENT_CONDITION_1_USE=32
EVENT_CONDITION_TARGET_1=1000000
EVENT_CONDITION_VALUE_1=0
EVENT_CONDITION_2_USE=32
EVENT_CONDITION_TARGET_2=1000000
EVENT_CONDITION_VALUE_2=0
EVENT_CONDITION_3_USE=32
EVENT_CONDITION_TARGET_3=1000000
EVENT_CONDITION_VALUE_3=0
ANIME_SPEED=3
MOVE_SPEED=3
MOVE_FREQUENCY=3
MOVE_TYPE=0
CHARA_OPTION_FLAG=35
ROUTE_OPTION_FLAG=2
ROUTE_COMMAND_NUM=0
OPTION_VAL_NUM=3
OPTION_VAL_0=0
OPTION_VAL_1=0
OPTION_VAL_2=0
COMMAND_NUM=4
--
WoditorEvCOMMAND_START
[201][1,0]<0>(1)()(2,[40])
[201][1,0]<0>(19)()(2,[40])
[201][1,0]<0>(-2)()(2,[40])
[0][0,0]<0>()()
WoditorEvCOMMAND_END
--
[COMMAND_TEXT_START]
■動作指定：[ｽｷｯﾌﾟ]  Ev1 / 主人公より上ON
■動作指定：[ｽｷｯﾌﾟ]  Ev19 / 主人公より上ON
■動作指定：[ｽｷｯﾌﾟ]  主人公 / 主人公より上ON
■
[COMMAND_TEXT_END]
-----
EVENT_ID=1
EVENT_NAME=doasita
EVENT_X=19
EVENT_Y=11
EVENT_PAGE=3
OPTION_DATA_NUM=0
EVENT_PAGE_NUM=3
EVENT_PAGE=0
EVENT_TILE_ID=-1
GRAPHIC_FILENAME=
EVENT_DIRECTION=2
EVENT_PATTERN=1
EVENT_OPACITY=255
EVENT_BLENDTYPE=0
EVENT_TRIGGER_TYPE=0
EVENT_CONDITION_0_USE=32
EVENT_CONDITION_TARGET_0=1000000
EVENT_CONDITION_VALUE_0=0
EVENT_CONDITION_1_USE=32
EVENT_CONDITION_TARGET_1=1000000
EVENT_CONDITION_VALUE_1=0
EVENT_CONDITION_2_USE=32
EVENT_CONDITION_TARGET_2=1000000
EVENT_CONDITION_VALUE_2=0
EVENT_CONDITION_3_USE=32
EVENT_CONDITION_TARGET_3=1000000
EVENT_CONDITION_VALUE_3=0
ANIME_SPEED=3
MOVE_SPEED=3
MOVE_FREQUENCY=3
MOVE_TYPE=0
CHARA_OPTION_FLAG=35
ROUTE_OPTION_FLAG=2
ROUTE_COMMAND_NUM=0
OPTION_VAL_NUM=3
OPTION_VAL_0=0
OPTION_VAL_1=0
OPTION_VAL_2=0
COMMAND_NUM=16
--
WoditorEvCOMMAND_START
[300][4,1]<0>(0,2,0,-1)("スクリーンカットコモン")
[130][5,0]<0>(-1,18,14,1,32)()
[201][1,0]<0>(-2)()(2,[8])
[101][0,1]<0>()("@2<\n> まだ夏休みの宿題をやってないのが<\n> バレたら怖いな。")
[180][1,0]<0>(30)()
[101][0,1]<0>()("@2<\n> そうだ！\.\.\.\.寝よう。")
[210][2,0]<0>(500286,0)()
[180][1,0]<0>(180)()
[201][1,0]<0>(-2)()(2,[11])
[130][5,0]<0>(-1,18,14,1,0)()
[210][2,0]<0>(500287,0)()
[101][0,1]<0>()("@2<\n> もうこんなに時間が立ってる。\.\.\.\.<\n> 流石にママに顔を見せてこなきゃ。")
[300][4,1]<0>(0,2,1,-1)("スクリーンカットコモン")
[140][7,1]<0>(33554432,300,0,0,0,100,0)("")
[121][4,0]<0>(2000052,1,0,0)()
[0][0,0]<0>()()
WoditorEvCOMMAND_END
--
[COMMAND_TEXT_START]
■イベントの挿入[名]： ["スクリーンカットコモン"] <コモンEv 841>  / 0:表示 / -1
■場所移動：主人公 ▲マップID1[のび] X:18 Y:14  [ﾄﾗﾝｼﾞｼｮﾝ + 暗転有り]
■動作指定：[ｽｷｯﾌﾟ]  主人公 / 下向
■文章:@2\n まだ夏休みの宿題をやってないのが\n バレたら怖いな。
■ウェイト：30 フレーム
■文章:@2\n そうだ！\.\.\.\.寝よう。
■イベントの挿入： コモン286：[ 暗転前 ]
■ウェイト：180 フレーム
■動作指定：[ｽｷｯﾌﾟ]  主人公 / 上向
■場所移動：主人公 ▲マップID1[のび] X:18 Y:14  [ﾄﾗﾝｼﾞｼｮﾝなし]
■イベントの挿入： コモン287：[ 暗転後 ]
■文章:@2\n もうこんなに時間が立ってる。\.\.\.\.\n 流石にママに顔を見せてこなきゃ。
■イベントの挿入[名]： ["スクリーンカットコモン"] <コモンEv 841>  / 1:消去 / -1
■サウンド：BGM ﾌｧｲﾙ[] 音 0％ 周 100％ ﾙ 0ms 再生 / 処理時間:300ﾌﾚｰﾑ
■変数操作: V52[最初フラグ] = 1 + 0 
■
[COMMAND_TEXT_END]
EVENT_PAGE=1
EVENT_TILE_ID=-1
GRAPHIC_FILENAME=
EVENT_DIRECTION=2
EVENT_PATTERN=1
EVENT_OPACITY=255
EVENT_BLENDTYPE=0
EVENT_TRIGGER_TYPE=2
EVENT_CONDITION_0_USE=33
EVENT_CONDITION_TARGET_0=2000096
EVENT_CONDITION_VALUE_0=1
EVENT_CONDITION_1_USE=32
EVENT_CONDITION_TARGET_1=1000000
EVENT_CONDITION_VALUE_1=0
EVENT_CONDITION_2_USE=32
EVENT_CONDITION_TARGET_2=1000000
EVENT_CONDITION_VALUE_2=0
EVENT_CONDITION_3_USE=32
EVENT_CONDITION_TARGET_3=1000000
EVENT_CONDITION_VALUE_3=0
ANIME_SPEED=3
MOVE_SPEED=3
MOVE_FREQUENCY=3
MOVE_TYPE=0
CHARA_OPTION_FLAG=35
ROUTE_OPTION_FLAG=2
ROUTE_COMMAND_NUM=0
OPTION_VAL_NUM=3
OPTION_VAL_0=0
OPTION_VAL_1=0
OPTION_VAL_2=0
COMMAND_NUM=2
--
WoditorEvCOMMAND_START
[121][4,0]<0>(2000052,1,0,0)()
[0][0,0]<0>()()
WoditorEvCOMMAND_END
--
[COMMAND_TEXT_START]
■変数操作: V52[最初フラグ] = 1 + 0 
■
[COMMAND_TEXT_END]
EVENT_PAGE=2
EVENT_TILE_ID=-1
GRAPHIC_FILENAME=
EVENT_DIRECTION=2
EVENT_PATTERN=1
EVENT_OPACITY=255
EVENT_BLENDTYPE=0
EVENT_TRIGGER_TYPE=4
EVENT_CONDITION_0_USE=33
EVENT_CONDITION_TARGET_0=2000052
EVENT_CONDITION_VALUE_0=1
EVENT_CONDITION_1_USE=32
EVENT_CONDITION_TARGET_1=2000096
EVENT_CONDITION_VALUE_1=1
EVENT_CONDITION_2_USE=32
EVENT_CONDITION_TARGET_2=1000000
EVENT_CONDITION_VALUE_2=0
EVENT_CONDITION_3_USE=32
EVENT_CONDITION_TARGET_3=1000000
EVENT_CONDITION_VALUE_3=0
ANIME_SPEED=3
MOVE_SPEED=3
MOVE_FREQUENCY=3
MOVE_TYPE=0
CHARA_OPTION_FLAG=35
ROUTE_OPTION_FLAG=2
ROUTE_COMMAND_NUM=0
OPTION_VAL_NUM=3
OPTION_VAL_0=0
OPTION_VAL_1=0
OPTION_VAL_2=0
COMMAND_NUM=14
--
WoditorEvCOMMAND_START
[121][4,0]<0>(2000052,1,0,0)()
[121][4,0]<0>(2000058,0,0,0)()
[130][5,0]<0>(-1,19,47,1,32)()
[111][7,0]<0>(2,2000003,0,2,2000003,1,2)()
[401][1,0]<0>(1)()
[151][2,0]<1>(4934475,6)()
[0][0,0]<1>()()
[401][1,0]<0>(2)()
[151][2,0]<1>(1973790,6)()
[0][0,0]<1>()()
[499][0,0]<0>()()
[201][1,0]<0>(-2)()(2,[10])
[121][4,0]<0>(2000045,0,0,0)()
[0][0,0]<0>()()
WoditorEvCOMMAND_END
--
[COMMAND_TEXT_START]
■変数操作: V52[最初フラグ] = 1 + 0 
■変数操作: V58[ママ動かない] = 0 + 0 
■場所移動：主人公 ▲マップID1[のび] X:19 Y:47  [ﾄﾗﾝｼﾞｼｮﾝ + 暗転有り]
■条件分岐(数値):  【1】 V3[野比家電気]  が   0 と同じ  【2】 V3[野比家電気]  が   1 と同じ 
-◇分岐： 【1】  [ V3[野比家電気]  が  0 と同じ  ]の場合↓
 |■色調変更： R75 G75 B75 / 6ﾌﾚｰﾑ
 |■
-◇分岐： 【2】  [ V3[野比家電気]  が  1 と同じ  ]の場合↓
 |■色調変更： R30 G30 B30 / 6ﾌﾚｰﾑ
 |■
◇分岐終了◇
■動作指定：[ｽｷｯﾌﾟ]  主人公 / 右向
■変数操作: V45[nobibea] = 0 + 0 
■
[COMMAND_TEXT_END]
-----
EVENT_ID=2
EVENT_NAME=
EVENT_X=18
EVENT_Y=47
EVENT_PAGE=1
OPTION_DATA_NUM=0
EVENT_PAGE_NUM=1
EVENT_PAGE=0
EVENT_TILE_ID=-1
GRAPHIC_FILENAME=
EVENT_DIRECTION=2
EVENT_PATTERN=1
EVENT_OPACITY=255
EVENT_BLENDTYPE=0
EVENT_TRIGGER_TYPE=4
EVENT_CONDITION_0_USE=32
EVENT_CONDITION_TARGET_0=1000000
EVENT_CONDITION_VALUE_0=0
EVENT_CONDITION_1_USE=32
EVENT_CONDITION_TARGET_1=1000000
EVENT_CONDITION_VALUE_1=0
EVENT_CONDITION_2_USE=32
EVENT_CONDITION_TARGET_2=1000000
EVENT_CONDITION_VALUE_2=0
EVENT_CONDITION_3_USE=32
EVENT_CONDITION_TARGET_3=1000000
EVENT_CONDITION_VALUE_3=0
ANIME_SPEED=3
MOVE_SPEED=3
MOVE_FREQUENCY=3
MOVE_TYPE=0
CHARA_OPTION_FLAG=35
ROUTE_OPTION_FLAG=2
ROUTE_COMMAND_NUM=0
OPTION_VAL_NUM=3
OPTION_VAL_0=0
OPTION_VAL_1=0
OPTION_VAL_2=0
COMMAND_NUM=12
--
WoditorEvCOMMAND_START
[121][4,0]<0>(2000058,1,0,0)()
[130][5,0]<0>(-1,19,12,1,32)()
[111][7,0]<0>(2,2000002,0,2,2000002,1,2)()
[401][1,0]<0>(1)()
[151][2,0]<1>(6579300,0)()
[0][0,0]<1>()()
[401][1,0]<0>(2)()
[151][2,0]<1>(1973790,0)()
[0][0,0]<1>()()
[499][0,0]<0>()()
[201][1,0]<0>(-2)()(2,[8])
[0][0,0]<0>()()
WoditorEvCOMMAND_END
--
[COMMAND_TEXT_START]
■変数操作: V58[ママ動かない] = 1 + 0 
■場所移動：主人公 ▲マップID1[のび] X:19 Y:12  [ﾄﾗﾝｼﾞｼｮﾝ + 暗転有り]
■条件分岐(数値):  【1】 V2[野比部屋電気]  が   0 と同じ  【2】 V2[野比部屋電気]  が   1 と同じ 
-◇分岐： 【1】  [ V2[野比部屋電気]  が  0 と同じ  ]の場合↓
 |■色調変更： R100 G100 B100 / 0ﾌﾚｰﾑ
 |■
-◇分岐： 【2】  [ V2[野比部屋電気]  が  1 と同じ  ]の場合↓
 |■色調変更： R30 G30 B30 / 0ﾌﾚｰﾑ
 |■
◇分岐終了◇
■動作指定：[ｽｷｯﾌﾟ]  主人公 / 下向
■
[COMMAND_TEXT_END]
-----
EVENT_ID=3
EVENT_NAME=
EVENT_X=17
EVENT_Y=58
EVENT_PAGE=1
OPTION_DATA_NUM=0
EVENT_PAGE_NUM=1
EVENT_PAGE=0
EVENT_TILE_ID=-1
GRAPHIC_FILENAME=
EVENT_DIRECTION=2
EVENT_PATTERN=1
EVENT_OPACITY=255
EVENT_BLENDTYPE=0
EVENT_TRIGGER_TYPE=4
EVENT_CONDITION_0_USE=32
EVENT_CONDITION_TARGET_0=1000000
EVENT_CONDITION_VALUE_0=0
EVENT_CONDITION_1_USE=32
EVENT_CONDITION_TARGET_1=1000000
EVENT_CONDITION_VALUE_1=0
EVENT_CONDITION_2_USE=32
EVENT_CONDITION_TARGET_2=1000000
EVENT_CONDITION_VALUE_2=0
EVENT_CONDITION_3_USE=32
EVENT_CONDITION_TARGET_3=1000000
EVENT_CONDITION_VALUE_3=0
ANIME_SPEED=3
MOVE_SPEED=3
MOVE_FREQUENCY=3
MOVE_TYPE=0
CHARA_OPTION_FLAG=35
ROUTE_OPTION_FLAG=2
ROUTE_COMMAND_NUM=0
OPTION_VAL_NUM=3
OPTION_VAL_0=0
OPTION_VAL_1=0
OPTION_VAL_2=0
COMMAND_NUM=3
--
WoditorEvCOMMAND_START
[121][4,0]<0>(2000058,1,0,0)()
[130][5,0]<0>(-1,53,28,1,32)()
[0][0,0]<0>()()
WoditorEvCOMMAND_END
--
[COMMAND_TEXT_START]
■変数操作: V58[ママ動かない] = 1 + 0 
■場所移動：主人公 ▲マップID1[のび] X:53 Y:28  [ﾄﾗﾝｼﾞｼｮﾝ + 暗転有り]
■
[COMMAND_TEXT_END]
-----
EVENT_ID=4
EVENT_NAME=CharaChip/[ウ]オブジェクト102.png
EVENT_X=53
EVENT_Y=27
EVENT_PAGE=1
OPTION_DATA_NUM=0
EVENT_PAGE_NUM=1
EVENT_PAGE=0
EVENT_TILE_ID=-1
GRAPHIC_FILENAME=
EVENT_DIRECTION=2
EVENT_PATTERN=1
EVENT_OPACITY=255
EVENT_BLENDTYPE=0
EVENT_TRIGGER_TYPE=4
EVENT_CONDITION_0_USE=32
EVENT_CONDITION_TARGET_0=1000000
EVENT_CONDITION_VALUE_0=0
EVENT_CONDITION_1_USE=32
EVENT_CONDITION_TARGET_1=1000000
EVENT_CONDITION_VALUE_1=0
EVENT_CONDITION_2_USE=32
EVENT_CONDITION_TARGET_2=1000000
EVENT_CONDITION_VALUE_2=0
EVENT_CONDITION_3_USE=32
EVENT_CONDITION_TARGET_3=1000000
EVENT_CONDITION_VALUE_3=0
ANIME_SPEED=3
MOVE_SPEED=3
MOVE_FREQUENCY=3
MOVE_TYPE=0
CHARA_OPTION_FLAG=32
ROUTE_OPTION_FLAG=2
ROUTE_COMMAND_NUM=0
OPTION_VAL_NUM=3
OPTION_VAL_0=0
OPTION_VAL_1=0
OPTION_VAL_2=0
COMMAND_NUM=3
--
WoditorEvCOMMAND_START
[121][4,0]<0>(2000058,0,0,0)()
[130][5,0]<0>(-1,17,57,1,32)()
[0][0,0]<0>()()
WoditorEvCOMMAND_END
--
[COMMAND_TEXT_START]
■変数操作: V58[ママ動かない] = 0 + 0 
■場所移動：主人公 ▲マップID1[のび] X:17 Y:57  [ﾄﾗﾝｼﾞｼｮﾝ + 暗転有り]
■
[COMMAND_TEXT_END]
-----
EVENT_ID=5
EVENT_NAME=
EVENT_X=29
EVENT_Y=56
EVENT_PAGE=2
OPTION_DATA_NUM=0
EVENT_PAGE_NUM=2
EVENT_PAGE=0
EVENT_TILE_ID=-1
GRAPHIC_FILENAME=
EVENT_DIRECTION=2
EVENT_PATTERN=1
EVENT_OPACITY=255
EVENT_BLENDTYPE=0
EVENT_TRIGGER_TYPE=3
EVENT_CONDITION_0_USE=32
EVENT_CONDITION_TARGET_0=1000000
EVENT_CONDITION_VALUE_0=0
EVENT_CONDITION_1_USE=32
EVENT_CONDITION_TARGET_1=1000000
EVENT_CONDITION_VALUE_1=0
EVENT_CONDITION_2_USE=32
EVENT_CONDITION_TARGET_2=1000000
EVENT_CONDITION_VALUE_2=0
EVENT_CONDITION_3_USE=32
EVENT_CONDITION_TARGET_3=1000000
EVENT_CONDITION_VALUE_3=0
ANIME_SPEED=3
MOVE_SPEED=3
MOVE_FREQUENCY=3
MOVE_TYPE=0
CHARA_OPTION_FLAG=35
ROUTE_OPTION_FLAG=2
ROUTE_COMMAND_NUM=0
OPTION_VAL_NUM=3
OPTION_VAL_0=0
OPTION_VAL_1=0
OPTION_VAL_2=2
COMMAND_NUM=7
--
WoditorEvCOMMAND_START
[103][0,1]<0>()(" ")
[121][4,0]<0>(2000035,0,0,0)()
[201][1,0]<0>(-2)()(6,[61,31,56],[11])
[300][2,1]<0>(0,0)("のびママ最初")
[121][4,0]<0>(1100000,1,0,0)()
[121][4,0]<0>(2000036,1,0,0)()
[0][0,0]<0>()()
WoditorEvCOMMAND_END
--
[COMMAND_TEXT_START]
▼  
■変数操作: V35[喰う] = 0 + 0 
■動作指定：[ｳｪｲﾄ][ｽｷｯﾌﾟ]  主人公 /  X:31,Y:56 まで自動移動 [大負荷] / 上向
■イベントの挿入[名]： ["のびママ最初"] <コモンEv 842> 
■変数操作: このEvのSelf0 = 1 + 0 
■変数操作: V36[ママ回収] = 1 + 0 
■
[COMMAND_TEXT_END]
EVENT_PAGE=1
EVENT_TILE_ID=-1
GRAPHIC_FILENAME=
EVENT_DIRECTION=2
EVENT_PATTERN=1
EVENT_OPACITY=255
EVENT_BLENDTYPE=0
EVENT_TRIGGER_TYPE=2
EVENT_CONDITION_0_USE=33
EVENT_CONDITION_TARGET_0=1000000
EVENT_CONDITION_VALUE_0=1
EVENT_CONDITION_1_USE=32
EVENT_CONDITION_TARGET_1=1000000
EVENT_CONDITION_VALUE_1=0
EVENT_CONDITION_2_USE=32
EVENT_CONDITION_TARGET_2=1000000
EVENT_CONDITION_VALUE_2=0
EVENT_CONDITION_3_USE=32
EVENT_CONDITION_TARGET_3=1000000
EVENT_CONDITION_VALUE_3=0
ANIME_SPEED=3
MOVE_SPEED=3
MOVE_FREQUENCY=3
MOVE_TYPE=0
CHARA_OPTION_FLAG=35
ROUTE_OPTION_FLAG=2
ROUTE_COMMAND_NUM=0
OPTION_VAL_NUM=3
OPTION_VAL_0=0
OPTION_VAL_1=0
OPTION_VAL_2=0
COMMAND_NUM=2
--
WoditorEvCOMMAND_START
[201][1,0]<0>(-1)()(2,[38],[29,6],[3],[3],[3])
[0][0,0]<0>()()
WoditorEvCOMMAND_END
--
[COMMAND_TEXT_START]
■動作指定：[ｽｷｯﾌﾟ]  このイベント / すり抜けON / 移動速度を設定 => 6 / 上 / 上 / 上
■
[COMMAND_TEXT_END]
-----
EVENT_ID=6
EVENT_NAME=
EVENT_X=13
EVENT_Y=47
EVENT_PAGE=1
OPTION_DATA_NUM=0
EVENT_PAGE_NUM=1
EVENT_PAGE=0
EVENT_TILE_ID=-1
GRAPHIC_FILENAME=
EVENT_DIRECTION=2
EVENT_PATTERN=1
EVENT_OPACITY=255
EVENT_BLENDTYPE=0
EVENT_TRIGGER_TYPE=0
EVENT_CONDITION_0_USE=32
EVENT_CONDITION_TARGET_0=1000000
EVENT_CONDITION_VALUE_0=0
EVENT_CONDITION_1_USE=32
EVENT_CONDITION_TARGET_1=1000000
EVENT_CONDITION_VALUE_1=0
EVENT_CONDITION_2_USE=32
EVENT_CONDITION_TARGET_2=1000000
EVENT_CONDITION_VALUE_2=0
EVENT_CONDITION_3_USE=32
EVENT_CONDITION_TARGET_3=1000000
EVENT_CONDITION_VALUE_3=0
ANIME_SPEED=3
MOVE_SPEED=3
MOVE_FREQUENCY=3
MOVE_TYPE=0
CHARA_OPTION_FLAG=35
ROUTE_OPTION_FLAG=2
ROUTE_COMMAND_NUM=0
OPTION_VAL_NUM=3
OPTION_VAL_0=0
OPTION_VAL_1=0
OPTION_VAL_2=0
COMMAND_NUM=3
--
WoditorEvCOMMAND_START
[210][2,0]<0>(500354,0)()
[210][2,0]<0>(500417,0)()
[0][0,0]<0>()()
WoditorEvCOMMAND_END
--
[COMMAND_TEXT_START]
■イベントの挿入： コモン354：[ プレイタイム分 ]
■イベントの挿入： コモン417：[ プレイ時間表示 ]
■
[COMMAND_TEXT_END]
-----
EVENT_ID=7
EVENT_NAME=
EVENT_X=15
EVENT_Y=13
EVENT_PAGE=2
OPTION_DATA_NUM=0
EVENT_PAGE_NUM=2
EVENT_PAGE=0
EVENT_TILE_ID=-1
GRAPHIC_FILENAME=
EVENT_DIRECTION=2
EVENT_PATTERN=1
EVENT_OPACITY=255
EVENT_BLENDTYPE=0
EVENT_TRIGGER_TYPE=0
EVENT_CONDITION_0_USE=81
EVENT_CONDITION_TARGET_0=2000037
EVENT_CONDITION_VALUE_0=30
EVENT_CONDITION_1_USE=32
EVENT_CONDITION_TARGET_1=1000000
EVENT_CONDITION_VALUE_1=0
EVENT_CONDITION_2_USE=32
EVENT_CONDITION_TARGET_2=1000000
EVENT_CONDITION_VALUE_2=0
EVENT_CONDITION_3_USE=32
EVENT_CONDITION_TARGET_3=1000000
EVENT_CONDITION_VALUE_3=0
ANIME_SPEED=3
MOVE_SPEED=3
MOVE_FREQUENCY=3
MOVE_TYPE=0
CHARA_OPTION_FLAG=35
ROUTE_OPTION_FLAG=2
ROUTE_COMMAND_NUM=0
OPTION_VAL_NUM=3
OPTION_VAL_0=0
OPTION_VAL_1=0
OPTION_VAL_2=0
COMMAND_NUM=2
--
WoditorEvCOMMAND_START
[121][4,0]<0>(2000037,1,0,256)()
[0][0,0]<0>()()
WoditorEvCOMMAND_END
--
[COMMAND_TEXT_START]
■変数操作: V37[調べる] += 1 + 0 
■
[COMMAND_TEXT_END]
EVENT_PAGE=1
EVENT_TILE_ID=-1
GRAPHIC_FILENAME=
EVENT_DIRECTION=2
EVENT_PATTERN=1
EVENT_OPACITY=255
EVENT_BLENDTYPE=0
EVENT_TRIGGER_TYPE=0
EVENT_CONDITION_0_USE=33
EVENT_CONDITION_TARGET_0=2000037
EVENT_CONDITION_VALUE_0=30
EVENT_CONDITION_1_USE=32
EVENT_CONDITION_TARGET_1=1000000
EVENT_CONDITION_VALUE_1=0
EVENT_CONDITION_2_USE=32
EVENT_CONDITION_TARGET_2=1000000
EVENT_CONDITION_VALUE_2=0
EVENT_CONDITION_3_USE=32
EVENT_CONDITION_TARGET_3=1000000
EVENT_CONDITION_VALUE_3=0
ANIME_SPEED=3
MOVE_SPEED=3
MOVE_FREQUENCY=3
MOVE_TYPE=0
CHARA_OPTION_FLAG=35
ROUTE_OPTION_FLAG=2
ROUTE_COMMAND_NUM=0
OPTION_VAL_NUM=3
OPTION_VAL_0=0
OPTION_VAL_1=0
OPTION_VAL_2=0
COMMAND_NUM=5
--
WoditorEvCOMMAND_START
[210][5,0]<0>(500002,3,33,1,0)()
[140][7,0]<0>(1312,0,0,0,0,0,0)()
[101][0,1]<0>()("\udb[4:33:0]を手に入れた")
[121][4,0]<0>(2000037,1,0,256)()
[0][0,0]<0>()()
WoditorEvCOMMAND_END
--
[COMMAND_TEXT_START]
■イベントの挿入： コモン2：[ ○防具増減 ] / 33:∞バンダナ / 1 / 0:なし
■サウンド：SE5「キーアイテム」(0 ﾁｬﾝﾈﾙ) 再生 / 遅延：0ﾌﾚｰﾑ
■文章:\udb[4:33:0]を手に入れた
■変数操作: V37[調べる] += 1 + 0 
■
[COMMAND_TEXT_END]
-----
EVENT_ID=8
EVENT_NAME=OPイベント
EVENT_X=2
EVENT_Y=2
EVENT_PAGE=2
OPTION_DATA_NUM=0
EVENT_PAGE_NUM=2
EVENT_PAGE=0
EVENT_TILE_ID=-1
GRAPHIC_FILENAME=CharaChip/[ウ]ちょい役セット201.png
EVENT_DIRECTION=8
EVENT_PATTERN=1
EVENT_OPACITY=255
EVENT_BLENDTYPE=0
EVENT_TRIGGER_TYPE=1
EVENT_CONDITION_0_USE=32
EVENT_CONDITION_TARGET_0=1000000
EVENT_CONDITION_VALUE_0=0
EVENT_CONDITION_1_USE=32
EVENT_CONDITION_TARGET_1=1000000
EVENT_CONDITION_VALUE_1=0
EVENT_CONDITION_2_USE=32
EVENT_CONDITION_TARGET_2=1000000
EVENT_CONDITION_VALUE_2=0
EVENT_CONDITION_3_USE=32
EVENT_CONDITION_TARGET_3=1000000
EVENT_CONDITION_VALUE_3=0
ANIME_SPEED=3
MOVE_SPEED=3
MOVE_FREQUENCY=3
MOVE_TYPE=0
CHARA_OPTION_FLAG=56
ROUTE_OPTION_FLAG=2
ROUTE_COMMAND_NUM=0
OPTION_VAL_NUM=3
OPTION_VAL_0=0
OPTION_VAL_1=0
OPTION_VAL_2=0
COMMAND_NUM=135
--
WoditorEvCOMMAND_START
[201][1,0]<0>(-2)()(0,[31,1])
[201][1,0]<0>(9)()(2,[31,1])
[201][1,0]<0>(10)()(2,[31,1])
[201][1,0]<0>(11)()(2,[31,1])
[201][1,0]<0>(12)()(2,[31,1])
[201][1,0]<0>(13)()(2,[31,1])
[201][1,0]<0>(28)()(2,[31,1])
[180][1,0]<0>(60)()
[151][2,0]<0>(29935816,20)()
[179][1,0]<0>(0)()
[121][4,0]<1>(2000117,1,0,0)()
[0][0,0]<1>()()
[498][0,0]<0>()()
[180][1,0]<0>(10)()
[121][4,0]<0>(2000039,1,0,0)()
[201][1,0]<0>(10)()(2,[45,0])
[180][1,0]<0>(10)()
[140][7,1]<0>(33554464,0,0,0,100,100,0)("nobihazaSE/どこでもドア.ogg")
[140][8,0]<0>(512,0,0,0,0,0,0,0)()
[180][1,0]<0>(45)()
[201][1,0]<0>(9)()(2,[31,1])
[201][1,0]<0>(10)()(2,[31,1])
[201][1,0]<0>(11)()(2,[31,1])
[201][1,0]<0>(12)()(2,[31,1])
[201][1,0]<0>(13)()(2,[31,1])
[201][1,0]<0>(28)()(2,[31,1])
[140][6,1]<0>(33554464,0,0,0,100,100)("nobihazaSE/開ける1.ogg")
[201][1,0]<0>(10)()(2,[45,255],[40],[29,2],[0],[1],[10])
[180][1,0]<0>(20)()
[140][6,1]<0>(33554464,0,0,0,100,100)("nobihazaSE/開ける1.ogg")
[201][1,0]<0>(12)()(2,[40],[29,2],[0],[0],[1],[10])
[180][1,0]<0>(20)()
[140][6,1]<0>(33554464,0,0,0,100,100)("nobihazaSE/開ける1.ogg")
[201][1,0]<0>(9)()(2,[40],[29,2],[0],[2],[9])
[180][1,0]<0>(20)()
[140][6,1]<0>(33554464,0,0,0,100,100)("nobihazaSE/開ける1.ogg")
[201][1,0]<0>(13)()(2,[40],[29,2],[0],[0],[2],[9])
[180][1,0]<0>(20)()
[140][6,1]<0>(33554464,0,0,0,100,100)("nobihazaSE/開ける1.ogg")
[201][1,0]<0>(11)()(2,[40],[29,2],[0])
[201][1,0]<0>(11)()(2,[40])
[180][1,0]<0>(1)()
[121][4,0]<0>(9000001,240,0,0)()
[121][4,0]<0>(9000002,513,0,0)()
[180][1,0]<0>(1)()
[101][0,1]<0>()("@6<\n> うわぁ～すっげー楽しかったぜ！！")
[180][1,0]<0>(1)()
[101][0,1]<0>()("@5<\n> あ～やっとママに会えるよ。")
[180][1,0]<0>(1)()
[101][0,1]<0>()("@4<\n> いざ家族の顔を何日も見ないとなると<\n> こいしい思いをするものね。")
[180][1,0]<0>(1)()
[111][4,0]<0>(17,2000096,1,2)()
[401][1,0]<0>(1)()
[101][0,1]<1>()("@2<\n> でも楽しかったよ。<\n> ありがとう\.\.\.\.ドラえもん。")
[180][1,0]<1>(1)()
[101][0,1]<1>()("@23<\n> おやすいごようだよ。")
[180][1,0]<1>(1)()
[101][0,1]<1>()("@23<\n> じゃあ僕は久しぶりにミーちゃんに<\n> 会いにいってくるよ。")
[0][0,0]<1>()()
[420][1,0]<0>(0)()
[180][1,0]<1>(1)()
[101][0,1]<1>()("@21<\n> でも楽しかったよ。<\n> ありがとう\.\.\.\.ドラえもん。")
[180][1,0]<1>(1)()
[101][0,1]<1>()("@25<\n> おやすいごようだよ。")
[180][1,0]<1>(1)()
[101][0,1]<1>()("@7<\n> じゃあ僕は久しぶりにミーちゃんに<\n> 会いにいってくるよ。")
[0][0,0]<1>()()
[499][0,0]<0>()()
[180][1,0]<0>(1)()
[111][4,0]<0>(1,2000096,0,2)()
[401][1,0]<0>(1)()
[201][1,0]<1>(11)()(6,[29,2],[11],[47,20])
[140][6,1]<1>(33554464,0,0,0,100,100)("nobihazaSE/開ける2.ogg")
[121][4,0]<1>(2000060,1,0,0)()
[180][1,0]<1>(30)()
[0][0,0]<1>()()
[499][0,0]<0>()()
[201][1,0]<0>(11)()(6,[38],[29,2],[31,1],[60,16,13],[38],[21,-1,0])
[179][1,0]<0>(0)()
[201][1,0]<1>(11)()(6,[38],[29,2],[8],[0],[0],[1],[1],[3],[3],[3],[3],[9],[38],[21,-1,0])
[0][0,0]<1>()()
[498][0,0]<0>()()
[140][6,1]<0>(33554464,0,0,0,100,100)("nobihazaSE/開ける2.ogg")
[121][4,0]<0>(2000040,1,0,0)()
[101][0,1]<0>()("@6<\n> そんじゃあ俺達も帰るからな。")
[111][4,0]<0>(1,2000096,0,2)()
[401][1,0]<0>(1)()
[201][1,0]<1>(10)()(6,[29,2],[31,1],[60,19,12],[11])
[140][6,1]<1>(33554464,0,0,0,100,100)("nobihazaSE/開ける1.ogg")
[121][4,0]<1>(2000049,1,0,0)()
[180][1,0]<1>(20)()
[201][1,0]<1>(12)()(6,[38],[29,2],[31,1],[60,19,12],[11])
[140][6,1]<1>(33554464,0,0,0,100,100)("nobihazaSE/開ける1.ogg")
[121][4,0]<1>(2000050,1,0,0)()
[0][0,0]<1>()()
[499][0,0]<0>()()
[101][0,1]<0>()("@4<\n> じゃあね、のび太さん。")
[111][4,0]<0>(1,2000096,0,2)()
[401][1,0]<0>(1)()
[180][1,0]<1>(10)()
[201][1,0]<1>(9)()(4,[38],[29,2],[31,1],[60,19,12],[11])
[140][6,1]<1>(33554464,0,0,0,100,100)("nobihazaSE/開ける1.ogg")
[121][4,0]<1>(2000051,1,0,0)()
[0][0,0]<1>()()
[499][0,0]<0>()()
[101][0,1]<0>()("@2<\n> うん、\.\.バイバイ。")
[210][2,0]<0>(500286,0)()
[121][4,0]<0>(2000060,1,0,0)()
[121][4,0]<0>(2000049,1,0,0)()
[121][4,0]<0>(2000050,1,0,0)()
[121][4,0]<0>(2000051,1,0,0)()
[201][1,0]<0>(-2)()(0,[45,255])
[121][4,0]<0>(2000038,1,0,0)()
[180][1,0]<0>(10)()
[210][2,0]<0>(500287,0)()
[140][4,0]<0>(16776960,120,0,0)()
[101][0,1]<0>()("@2<\n> 僕もママに顔を見せてこなきゃ。")
[121][4,0]<0>(2000041,1,0,1)()
[121][4,0]<0>(2000111,1,0,0)()
[210][2,0]<0>(500411,0)()
[180][1,0]<0>(5)()
[210][2,0]<0>(500227,0)()
[111][4,0]<0>(1,2000096,0,2)()
[401][1,0]<0>(1)()
[140][8,0]<1>(768,0,0,0,0,0,0,0)()
[0][0,0]<1>()()
[499][0,0]<0>()()
[111][4,0]<0>(1,2000096,1,2)()
[401][1,0]<0>(1)()
[121][4,0]<1>(2000052,1,0,0)()
[140][4,0]<1>(16776960,600,0,0)()
[0][0,0]<1>()()
[499][0,0]<0>()()
[180][1,0]<0>(1)()
[0][0,0]<0>()()
WoditorEvCOMMAND_END
--
[COMMAND_TEXT_START]
■動作指定：主人公 / アニメ頻度を設定 => 1
■動作指定：[ｽｷｯﾌﾟ]  Ev9 / アニメ頻度を設定 => 1
■動作指定：[ｽｷｯﾌﾟ]  Ev10 / アニメ頻度を設定 => 1
■動作指定：[ｽｷｯﾌﾟ]  Ev11 / アニメ頻度を設定 => 1
■動作指定：[ｽｷｯﾌﾟ]  Ev12 / アニメ頻度を設定 => 1
■動作指定：[ｽｷｯﾌﾟ]  Ev13 / アニメ頻度を設定 => 1
■動作指定：[ｽｷｯﾌﾟ]  Ev28 / アニメ頻度を設定 => 1
■ウェイト：60 フレーム
■色調変更：(フラッシュ) R200 G200 B200 / 20ﾌﾚｰﾑ
■回数付きループ [ 0 ]回
 |■変数操作: V117[ラスタスクロール] = 1 + 0 
 |■
◇ループここまで◇◇
■ウェイト：10 フレーム
■変数操作: V39[doa] = 1 + 0 
■動作指定：[ｽｷｯﾌﾟ]  Ev10 / 不透明度設定 0
■ウェイト：10 フレーム
■サウンド：SE ﾌｧｲﾙ[nobihazaSE/どこでもドア.ogg] 音 100％ 周 100％ (0 ﾁｬﾝﾈﾙ) 再生 / 遅延：0ﾌﾚｰﾑ
■サウンド：BGM2「ドラえもん」再生 / 処理時間:0ﾌﾚｰﾑ
■ウェイト：45 フレーム
■動作指定：[ｽｷｯﾌﾟ]  Ev9 / アニメ頻度を設定 => 1
■動作指定：[ｽｷｯﾌﾟ]  Ev10 / アニメ頻度を設定 => 1
■動作指定：[ｽｷｯﾌﾟ]  Ev11 / アニメ頻度を設定 => 1
■動作指定：[ｽｷｯﾌﾟ]  Ev12 / アニメ頻度を設定 => 1
■動作指定：[ｽｷｯﾌﾟ]  Ev13 / アニメ頻度を設定 => 1
■動作指定：[ｽｷｯﾌﾟ]  Ev28 / アニメ頻度を設定 => 1
■サウンド：SE ﾌｧｲﾙ[nobihazaSE/開ける1.ogg] 音 100％ 周 100％ (0 ﾁｬﾝﾈﾙ) 再生 / 遅延：0ﾌﾚｰﾑ
■動作指定：[ｽｷｯﾌﾟ]  Ev10 / 不透明度設定 255 / 主人公より上ON / 移動速度を設定 => 2 / 下 / 左 / 右向
■ウェイト：20 フレーム
■サウンド：SE ﾌｧｲﾙ[nobihazaSE/開ける1.ogg] 音 100％ 周 100％ (0 ﾁｬﾝﾈﾙ) 再生 / 遅延：0ﾌﾚｰﾑ
■動作指定：[ｽｷｯﾌﾟ]  Ev12 / 主人公より上ON / 移動速度を設定 => 2 / 下 / 下 / 左 / 右向
■ウェイト：20 フレーム
■サウンド：SE ﾌｧｲﾙ[nobihazaSE/開ける1.ogg] 音 100％ 周 100％ (0 ﾁｬﾝﾈﾙ) 再生 / 遅延：0ﾌﾚｰﾑ
■動作指定：[ｽｷｯﾌﾟ]  Ev9 / 主人公より上ON / 移動速度を設定 => 2 / 下 / 右 / 左向
■ウェイト：20 フレーム
■サウンド：SE ﾌｧｲﾙ[nobihazaSE/開ける1.ogg] 音 100％ 周 100％ (0 ﾁｬﾝﾈﾙ) 再生 / 遅延：0ﾌﾚｰﾑ
■動作指定：[ｽｷｯﾌﾟ]  Ev13 / 主人公より上ON / 移動速度を設定 => 2 / 下 / 下 / 右 / 左向
■ウェイト：20 フレーム
■サウンド：SE ﾌｧｲﾙ[nobihazaSE/開ける1.ogg] 音 100％ 周 100％ (0 ﾁｬﾝﾈﾙ) 再生 / 遅延：0ﾌﾚｰﾑ
■動作指定：[ｽｷｯﾌﾟ]  Ev11 / 主人公より上ON / 移動速度を設定 => 2 / 下
■動作指定：[ｽｷｯﾌﾟ]  Ev11 / 主人公より上ON
■ウェイト：1 フレーム
■変数操作: Sys1:ﾒｯｾｰｼﾞｳｨﾝﾄﾞｳ X座標 = 240 + 0 
■変数操作: Sys2:ﾒｯｾｰｼﾞｳｨﾝﾄﾞｳ Y座標 = 513 + 0 
■ウェイト：1 フレーム
■文章:@6\n うわぁ～すっげー楽しかったぜ！！
■ウェイト：1 フレーム
■文章:@5\n あ～やっとママに会えるよ。
■ウェイト：1 フレーム
■文章:@4\n いざ家族の顔を何日も見ないとなると\n こいしい思いをするものね。
■ウェイト：1 フレーム
■条件分岐(数値):  【1】 V96[Original]  が   1 と同じ 
-◇分岐： 【1】  [ V96[Original]  が  1 と同じ  ]の場合↓
 |■文章:@2\n でも楽しかったよ。\n ありがとう\.\.\.\.ドラえもん。
 |■ウェイト：1 フレーム
 |■文章:@23\n おやすいごようだよ。
 |■ウェイト：1 フレーム
 |■文章:@23\n じゃあ僕は久しぶりにミーちゃんに\n 会いにいってくるよ。
 |■
-◇上記以外
 |■ウェイト：1 フレーム
 |■文章:@21\n でも楽しかったよ。\n ありがとう\.\.\.\.ドラえもん。
 |■ウェイト：1 フレーム
 |■文章:@25\n おやすいごようだよ。
 |■ウェイト：1 フレーム
 |■文章:@7\n じゃあ僕は久しぶりにミーちゃんに\n 会いにいってくるよ。
 |■
◇分岐終了◇
■ウェイト：1 フレーム
■条件分岐(数値):  【1】 V96[Original]  が   0 と同じ 
-◇分岐： 【1】  [ V96[Original]  が  0 と同じ  ]の場合↓
 |■動作指定：[ｳｪｲﾄ][ｽｷｯﾌﾟ]  Ev11 / 移動速度を設定 => 2 / 上向 / ウェイト 20フレーム
 |■サウンド：SE ﾌｧｲﾙ[nobihazaSE/開ける2.ogg] 音 100％ 周 100％ (0 ﾁｬﾝﾈﾙ) 再生 / 遅延：0ﾌﾚｰﾑ
 |■変数操作: V60[ドア取る] = 1 + 0 
 |■ウェイト：30 フレーム
 |■
◇分岐終了◇
■動作指定：[ｳｪｲﾄ][ｽｷｯﾌﾟ]  Ev11 / すり抜けON / 移動速度を設定 => 2 / アニメ頻度を設定 => 1 /  X:16,Y:13 まで自動移動･短 [スマート] / すり抜けON / ジャンプ - 右:[-1] 下:[0]
■回数付きループ [ 0 ]回
 |■動作指定：[ｳｪｲﾄ][ｽｷｯﾌﾟ]  Ev11 / すり抜けON / 移動速度を設定 => 2 / 下向 / 下 / 下 / 左 / 左 / 上 / 上 / 上 / 上 / 左向 / すり抜けON / ジャンプ - 右:[-1] 下:[0]
 |■
◇ループここまで◇◇
■サウンド：SE ﾌｧｲﾙ[nobihazaSE/開ける2.ogg] 音 100％ 周 100％ (0 ﾁｬﾝﾈﾙ) 再生 / 遅延：0ﾌﾚｰﾑ
■変数操作: V40[dara] = 1 + 0 
■文章:@6\n そんじゃあ俺達も帰るからな。
■条件分岐(数値):  【1】 V96[Original]  が   0 と同じ 
-◇分岐： 【1】  [ V96[Original]  が  0 と同じ  ]の場合↓
 |■動作指定：[ｳｪｲﾄ][ｽｷｯﾌﾟ]  Ev10 / 移動速度を設定 => 2 / アニメ頻度を設定 => 1 /  X:19,Y:12 まで自動移動･短 [スマート] / 上向
 |■サウンド：SE ﾌｧｲﾙ[nobihazaSE/開ける1.ogg] 音 100％ 周 100％ (0 ﾁｬﾝﾈﾙ) 再生 / 遅延：0ﾌﾚｰﾑ
 |■変数操作: V49[ジャイ] = 1 + 0 
 |■ウェイト：20 フレーム
 |■動作指定：[ｳｪｲﾄ][ｽｷｯﾌﾟ]  Ev12 / すり抜けON / 移動速度を設定 => 2 / アニメ頻度を設定 => 1 /  X:19,Y:12 まで自動移動･短 [スマート] / 上向
 |■サウンド：SE ﾌｧｲﾙ[nobihazaSE/開ける1.ogg] 音 100％ 周 100％ (0 ﾁｬﾝﾈﾙ) 再生 / 遅延：0ﾌﾚｰﾑ
 |■変数操作: V50[スネ] = 1 + 0 
 |■
◇分岐終了◇
■文章:@4\n じゃあね、のび太さん。
■条件分岐(数値):  【1】 V96[Original]  が   0 と同じ 
-◇分岐： 【1】  [ V96[Original]  が  0 と同じ  ]の場合↓
 |■ウェイト：10 フレーム
 |■動作指定：[ｳｪｲﾄ] Ev9 / すり抜けON / 移動速度を設定 => 2 / アニメ頻度を設定 => 1 /  X:19,Y:12 まで自動移動･短 [スマート] / 上向
 |■サウンド：SE ﾌｧｲﾙ[nobihazaSE/開ける1.ogg] 音 100％ 周 100％ (0 ﾁｬﾝﾈﾙ) 再生 / 遅延：0ﾌﾚｰﾑ
 |■変数操作: V51[静] = 1 + 0 
 |■
◇分岐終了◇
■文章:@2\n うん、\.\.バイバイ。
■イベントの挿入： コモン286：[ 暗転前 ]
■変数操作: V60[ドア取る] = 1 + 0 
■変数操作: V49[ジャイ] = 1 + 0 
■変数操作: V50[スネ] = 1 + 0 
■変数操作: V51[静] = 1 + 0 
■動作指定：主人公 / 不透明度設定 255
■変数操作: V38[スタート] = 1 + 0 
■ウェイト：10 フレーム
■イベントの挿入： コモン287：[ 暗転後 ]
■サウンド：BGM 停止  / 処理時間:120ﾌﾚｰﾑ
■文章:@2\n 僕もママに顔を見せてこなきゃ。
■変数操作: [リ] V41[いなくなった] = 1 + 0 
■変数操作: V111[スタート(タイム用)] = 1 + 0 
■イベントの挿入： コモン411：[  ]
■ウェイト：5 フレーム
■イベントの挿入： コモン227：[ 初期アイテム ]
■条件分岐(数値):  【1】 V96[Original]  が   0 と同じ 
-◇分岐： 【1】  [ V96[Original]  が  0 と同じ  ]の場合↓
 |■サウンド：BGM3「マザー」再生 / 処理時間:0ﾌﾚｰﾑ
 |■
◇分岐終了◇
■条件分岐(数値):  【1】 V96[Original]  が   1 と同じ 
-◇分岐： 【1】  [ V96[Original]  が  1 と同じ  ]の場合↓
 |■変数操作: V52[最初フラグ] = 1 + 0 
 |■サウンド：BGM 停止  / 処理時間:600ﾌﾚｰﾑ
 |■
◇分岐終了◇
■ウェイト：1 フレーム
■
[COMMAND_TEXT_END]
EVENT_PAGE=1
EVENT_TILE_ID=-1
GRAPHIC_FILENAME=
EVENT_DIRECTION=2
EVENT_PATTERN=1
EVENT_OPACITY=255
EVENT_BLENDTYPE=0
EVENT_TRIGGER_TYPE=0
EVENT_CONDITION_0_USE=33
EVENT_CONDITION_TARGET_0=2000041
EVENT_CONDITION_VALUE_0=1
EVENT_CONDITION_1_USE=32
EVENT_CONDITION_TARGET_1=1000000
EVENT_CONDITION_VALUE_1=0
EVENT_CONDITION_2_USE=32
EVENT_CONDITION_TARGET_2=1000000
EVENT_CONDITION_VALUE_2=0
EVENT_CONDITION_3_USE=32
EVENT_CONDITION_TARGET_3=1000000
EVENT_CONDITION_VALUE_3=0
ANIME_SPEED=3
MOVE_SPEED=3
MOVE_FREQUENCY=3
MOVE_TYPE=0
CHARA_OPTION_FLAG=35
ROUTE_OPTION_FLAG=2
ROUTE_COMMAND_NUM=0
OPTION_VAL_NUM=3
OPTION_VAL_0=0
OPTION_VAL_1=0
OPTION_VAL_2=0
COMMAND_NUM=1
--
WoditorEvCOMMAND_START
[0][0,0]<0>()()
WoditorEvCOMMAND_END
--
[COMMAND_TEXT_START]
■
[COMMAND_TEXT_END]
-----
EVENT_ID=9
EVENT_NAME=静か
EVENT_X=18
EVENT_Y=14
EVENT_PAGE=3
OPTION_DATA_NUM=0
EVENT_PAGE_NUM=3
EVENT_PAGE=0
EVENT_TILE_ID=-1
GRAPHIC_FILENAME=
EVENT_DIRECTION=2
EVENT_PATTERN=1
EVENT_OPACITY=255
EVENT_BLENDTYPE=0
EVENT_TRIGGER_TYPE=0
EVENT_CONDITION_0_USE=32
EVENT_CONDITION_TARGET_0=1000000
EVENT_CONDITION_VALUE_0=0
EVENT_CONDITION_1_USE=32
EVENT_CONDITION_TARGET_1=1000000
EVENT_CONDITION_VALUE_1=0
EVENT_CONDITION_2_USE=32
EVENT_CONDITION_TARGET_2=1000000
EVENT_CONDITION_VALUE_2=0
EVENT_CONDITION_3_USE=32
EVENT_CONDITION_TARGET_3=1000000
EVENT_CONDITION_VALUE_3=0
ANIME_SPEED=3
MOVE_SPEED=3
MOVE_FREQUENCY=3
MOVE_TYPE=0
CHARA_OPTION_FLAG=35
ROUTE_OPTION_FLAG=2
ROUTE_COMMAND_NUM=0
OPTION_VAL_NUM=3
OPTION_VAL_0=0
OPTION_VAL_1=0
OPTION_VAL_2=0
COMMAND_NUM=1
--
WoditorEvCOMMAND_START
[0][0,0]<0>()()
WoditorEvCOMMAND_END
--
[COMMAND_TEXT_START]
■
[COMMAND_TEXT_END]
EVENT_PAGE=1
EVENT_TILE_ID=-1
GRAPHIC_FILENAME=CharaChip/[ウ]しずか.png
EVENT_DIRECTION=2
EVENT_PATTERN=1
EVENT_OPACITY=255
EVENT_BLENDTYPE=0
EVENT_TRIGGER_TYPE=0
EVENT_CONDITION_0_USE=33
EVENT_CONDITION_TARGET_0=2000039
EVENT_CONDITION_VALUE_0=1
EVENT_CONDITION_1_USE=32
EVENT_CONDITION_TARGET_1=1000000
EVENT_CONDITION_VALUE_1=0
EVENT_CONDITION_2_USE=32
EVENT_CONDITION_TARGET_2=1000000
EVENT_CONDITION_VALUE_2=0
EVENT_CONDITION_3_USE=32
EVENT_CONDITION_TARGET_3=1000000
EVENT_CONDITION_VALUE_3=0
ANIME_SPEED=3
MOVE_SPEED=3
MOVE_FREQUENCY=3
MOVE_TYPE=0
CHARA_OPTION_FLAG=34
ROUTE_OPTION_FLAG=2
ROUTE_COMMAND_NUM=0
OPTION_VAL_NUM=3
OPTION_VAL_0=0
OPTION_VAL_1=0
OPTION_VAL_2=0
COMMAND_NUM=1
--
WoditorEvCOMMAND_START
[0][0,0]<0>()()
WoditorEvCOMMAND_END
--
[COMMAND_TEXT_START]
■
[COMMAND_TEXT_END]
EVENT_PAGE=2
EVENT_TILE_ID=-1
GRAPHIC_FILENAME=
EVENT_DIRECTION=2
EVENT_PATTERN=1
EVENT_OPACITY=255
EVENT_BLENDTYPE=0
EVENT_TRIGGER_TYPE=0
EVENT_CONDITION_0_USE=33
EVENT_CONDITION_TARGET_0=2000051
EVENT_CONDITION_VALUE_0=1
EVENT_CONDITION_1_USE=32
EVENT_CONDITION_TARGET_1=1000000
EVENT_CONDITION_VALUE_1=0
EVENT_CONDITION_2_USE=32
EVENT_CONDITION_TARGET_2=1000000
EVENT_CONDITION_VALUE_2=0
EVENT_CONDITION_3_USE=32
EVENT_CONDITION_TARGET_3=1000000
EVENT_CONDITION_VALUE_3=0
ANIME_SPEED=3
MOVE_SPEED=3
MOVE_FREQUENCY=3
MOVE_TYPE=0
CHARA_OPTION_FLAG=35
ROUTE_OPTION_FLAG=2
ROUTE_COMMAND_NUM=0
OPTION_VAL_NUM=3
OPTION_VAL_0=0
OPTION_VAL_1=0
OPTION_VAL_2=0
COMMAND_NUM=1
--
WoditorEvCOMMAND_START
[0][0,0]<0>()()
WoditorEvCOMMAND_END
--
[COMMAND_TEXT_START]
■
[COMMAND_TEXT_END]
-----
EVENT_ID=10
EVENT_NAME=ジャイアン
EVENT_X=18
EVENT_Y=14
EVENT_PAGE=3
OPTION_DATA_NUM=0
EVENT_PAGE_NUM=3
EVENT_PAGE=0
EVENT_TILE_ID=-1
GRAPHIC_FILENAME=
EVENT_DIRECTION=2
EVENT_PATTERN=1
EVENT_OPACITY=255
EVENT_BLENDTYPE=0
EVENT_TRIGGER_TYPE=0
EVENT_CONDITION_0_USE=32
EVENT_CONDITION_TARGET_0=1000000
EVENT_CONDITION_VALUE_0=0
EVENT_CONDITION_1_USE=32
EVENT_CONDITION_TARGET_1=1000000
EVENT_CONDITION_VALUE_1=0
EVENT_CONDITION_2_USE=32
EVENT_CONDITION_TARGET_2=1000000
EVENT_CONDITION_VALUE_2=0
EVENT_CONDITION_3_USE=32
EVENT_CONDITION_TARGET_3=1000000
EVENT_CONDITION_VALUE_3=0
ANIME_SPEED=3
MOVE_SPEED=3
MOVE_FREQUENCY=3
MOVE_TYPE=0
CHARA_OPTION_FLAG=35
ROUTE_OPTION_FLAG=2
ROUTE_COMMAND_NUM=0
OPTION_VAL_NUM=3
OPTION_VAL_0=0
OPTION_VAL_1=0
OPTION_VAL_2=0
COMMAND_NUM=1
--
WoditorEvCOMMAND_START
[0][0,0]<0>()()
WoditorEvCOMMAND_END
--
[COMMAND_TEXT_START]
■
[COMMAND_TEXT_END]
EVENT_PAGE=1
EVENT_TILE_ID=-1
GRAPHIC_FILENAME=CharaChip/[ウ]ジャイアンセット00.png
EVENT_DIRECTION=2
EVENT_PATTERN=1
EVENT_OPACITY=255
EVENT_BLENDTYPE=0
EVENT_TRIGGER_TYPE=0
EVENT_CONDITION_0_USE=33
EVENT_CONDITION_TARGET_0=2000039
EVENT_CONDITION_VALUE_0=1
EVENT_CONDITION_1_USE=32
EVENT_CONDITION_TARGET_1=1000000
EVENT_CONDITION_VALUE_1=0
EVENT_CONDITION_2_USE=32
EVENT_CONDITION_TARGET_2=1000000
EVENT_CONDITION_VALUE_2=0
EVENT_CONDITION_3_USE=32
EVENT_CONDITION_TARGET_3=1000000
EVENT_CONDITION_VALUE_3=0
ANIME_SPEED=3
MOVE_SPEED=3
MOVE_FREQUENCY=3
MOVE_TYPE=0
CHARA_OPTION_FLAG=34
ROUTE_OPTION_FLAG=2
ROUTE_COMMAND_NUM=0
OPTION_VAL_NUM=3
OPTION_VAL_0=0
OPTION_VAL_1=0
OPTION_VAL_2=0
COMMAND_NUM=1
--
WoditorEvCOMMAND_START
[0][0,0]<0>()()
WoditorEvCOMMAND_END
--
[COMMAND_TEXT_START]
■
[COMMAND_TEXT_END]
EVENT_PAGE=2
EVENT_TILE_ID=-1
GRAPHIC_FILENAME=
EVENT_DIRECTION=2
EVENT_PATTERN=1
EVENT_OPACITY=255
EVENT_BLENDTYPE=0
EVENT_TRIGGER_TYPE=0
EVENT_CONDITION_0_USE=33
EVENT_CONDITION_TARGET_0=2000049
EVENT_CONDITION_VALUE_0=1
EVENT_CONDITION_1_USE=32
EVENT_CONDITION_TARGET_1=1000000
EVENT_CONDITION_VALUE_1=0
EVENT_CONDITION_2_USE=32
EVENT_CONDITION_TARGET_2=1000000
EVENT_CONDITION_VALUE_2=0
EVENT_CONDITION_3_USE=32
EVENT_CONDITION_TARGET_3=1000000
EVENT_CONDITION_VALUE_3=0
ANIME_SPEED=3
MOVE_SPEED=3
MOVE_FREQUENCY=3
MOVE_TYPE=0
CHARA_OPTION_FLAG=35
ROUTE_OPTION_FLAG=2
ROUTE_COMMAND_NUM=0
OPTION_VAL_NUM=3
OPTION_VAL_0=0
OPTION_VAL_1=0
OPTION_VAL_2=0
COMMAND_NUM=1
--
WoditorEvCOMMAND_START
[0][0,0]<0>()()
WoditorEvCOMMAND_END
--
[COMMAND_TEXT_START]
■
[COMMAND_TEXT_END]
-----
EVENT_ID=11
EVENT_NAME=ドラえもん
EVENT_X=18
EVENT_Y=14
EVENT_PAGE=3
OPTION_DATA_NUM=0
EVENT_PAGE_NUM=3
EVENT_PAGE=0
EVENT_TILE_ID=-1
GRAPHIC_FILENAME=
EVENT_DIRECTION=2
EVENT_PATTERN=1
EVENT_OPACITY=255
EVENT_BLENDTYPE=0
EVENT_TRIGGER_TYPE=0
EVENT_CONDITION_0_USE=32
EVENT_CONDITION_TARGET_0=1000000
EVENT_CONDITION_VALUE_0=0
EVENT_CONDITION_1_USE=32
EVENT_CONDITION_TARGET_1=1000000
EVENT_CONDITION_VALUE_1=0
EVENT_CONDITION_2_USE=32
EVENT_CONDITION_TARGET_2=1000000
EVENT_CONDITION_VALUE_2=0
EVENT_CONDITION_3_USE=32
EVENT_CONDITION_TARGET_3=1000000
EVENT_CONDITION_VALUE_3=0
ANIME_SPEED=3
MOVE_SPEED=3
MOVE_FREQUENCY=3
MOVE_TYPE=0
CHARA_OPTION_FLAG=35
ROUTE_OPTION_FLAG=2
ROUTE_COMMAND_NUM=0
OPTION_VAL_NUM=3
OPTION_VAL_0=0
OPTION_VAL_1=0
OPTION_VAL_2=0
COMMAND_NUM=1
--
WoditorEvCOMMAND_START
[0][0,0]<0>()()
WoditorEvCOMMAND_END
--
[COMMAND_TEXT_START]
■
[COMMAND_TEXT_END]
EVENT_PAGE=1
EVENT_TILE_ID=-1
GRAPHIC_FILENAME=CharaChip/[ウ]ドラえもんセット普通00.png
EVENT_DIRECTION=2
EVENT_PATTERN=1
EVENT_OPACITY=255
EVENT_BLENDTYPE=0
EVENT_TRIGGER_TYPE=0
EVENT_CONDITION_0_USE=33
EVENT_CONDITION_TARGET_0=2000039
EVENT_CONDITION_VALUE_0=1
EVENT_CONDITION_1_USE=32
EVENT_CONDITION_TARGET_1=1000000
EVENT_CONDITION_VALUE_1=0
EVENT_CONDITION_2_USE=32
EVENT_CONDITION_TARGET_2=1000000
EVENT_CONDITION_VALUE_2=0
EVENT_CONDITION_3_USE=32
EVENT_CONDITION_TARGET_3=1000000
EVENT_CONDITION_VALUE_3=0
ANIME_SPEED=3
MOVE_SPEED=3
MOVE_FREQUENCY=3
MOVE_TYPE=0
CHARA_OPTION_FLAG=34
ROUTE_OPTION_FLAG=2
ROUTE_COMMAND_NUM=0
OPTION_VAL_NUM=3
OPTION_VAL_0=0
OPTION_VAL_1=0
OPTION_VAL_2=0
COMMAND_NUM=1
--
WoditorEvCOMMAND_START
[0][0,0]<0>()()
WoditorEvCOMMAND_END
--
[COMMAND_TEXT_START]
■
[COMMAND_TEXT_END]
EVENT_PAGE=2
EVENT_TILE_ID=-1
GRAPHIC_FILENAME=
EVENT_DIRECTION=2
EVENT_PATTERN=1
EVENT_OPACITY=255
EVENT_BLENDTYPE=0
EVENT_TRIGGER_TYPE=0
EVENT_CONDITION_0_USE=33
EVENT_CONDITION_TARGET_0=2000040
EVENT_CONDITION_VALUE_0=1
EVENT_CONDITION_1_USE=32
EVENT_CONDITION_TARGET_1=1000000
EVENT_CONDITION_VALUE_1=0
EVENT_CONDITION_2_USE=32
EVENT_CONDITION_TARGET_2=1000000
EVENT_CONDITION_VALUE_2=0
EVENT_CONDITION_3_USE=32
EVENT_CONDITION_TARGET_3=1000000
EVENT_CONDITION_VALUE_3=0
ANIME_SPEED=3
MOVE_SPEED=3
MOVE_FREQUENCY=3
MOVE_TYPE=0
CHARA_OPTION_FLAG=35
ROUTE_OPTION_FLAG=2
ROUTE_COMMAND_NUM=0
OPTION_VAL_NUM=3
OPTION_VAL_0=0
OPTION_VAL_1=0
OPTION_VAL_2=0
COMMAND_NUM=1
--
WoditorEvCOMMAND_START
[0][0,0]<0>()()
WoditorEvCOMMAND_END
--
[COMMAND_TEXT_START]
■
[COMMAND_TEXT_END]
-----
EVENT_ID=12
EVENT_NAME=スネ夫
EVENT_X=18
EVENT_Y=14
EVENT_PAGE=3
OPTION_DATA_NUM=0
EVENT_PAGE_NUM=3
EVENT_PAGE=0
EVENT_TILE_ID=-1
GRAPHIC_FILENAME=
EVENT_DIRECTION=2
EVENT_PATTERN=1
EVENT_OPACITY=255
EVENT_BLENDTYPE=0
EVENT_TRIGGER_TYPE=0
EVENT_CONDITION_0_USE=32
EVENT_CONDITION_TARGET_0=1000000
EVENT_CONDITION_VALUE_0=0
EVENT_CONDITION_1_USE=32
EVENT_CONDITION_TARGET_1=1000000
EVENT_CONDITION_VALUE_1=0
EVENT_CONDITION_2_USE=32
EVENT_CONDITION_TARGET_2=1000000
EVENT_CONDITION_VALUE_2=0
EVENT_CONDITION_3_USE=32
EVENT_CONDITION_TARGET_3=1000000
EVENT_CONDITION_VALUE_3=0
ANIME_SPEED=3
MOVE_SPEED=3
MOVE_FREQUENCY=3
MOVE_TYPE=0
CHARA_OPTION_FLAG=35
ROUTE_OPTION_FLAG=2
ROUTE_COMMAND_NUM=0
OPTION_VAL_NUM=3
OPTION_VAL_0=0
OPTION_VAL_1=0
OPTION_VAL_2=0
COMMAND_NUM=1
--
WoditorEvCOMMAND_START
[0][0,0]<0>()()
WoditorEvCOMMAND_END
--
[COMMAND_TEXT_START]
■
[COMMAND_TEXT_END]
EVENT_PAGE=1
EVENT_TILE_ID=-1
GRAPHIC_FILENAME=CharaChip/[ウ]スネ夫セット00.png
EVENT_DIRECTION=2
EVENT_PATTERN=1
EVENT_OPACITY=255
EVENT_BLENDTYPE=0
EVENT_TRIGGER_TYPE=0
EVENT_CONDITION_0_USE=33
EVENT_CONDITION_TARGET_0=2000039
EVENT_CONDITION_VALUE_0=1
EVENT_CONDITION_1_USE=32
EVENT_CONDITION_TARGET_1=1000000
EVENT_CONDITION_VALUE_1=0
EVENT_CONDITION_2_USE=32
EVENT_CONDITION_TARGET_2=1000000
EVENT_CONDITION_VALUE_2=0
EVENT_CONDITION_3_USE=32
EVENT_CONDITION_TARGET_3=1000000
EVENT_CONDITION_VALUE_3=0
ANIME_SPEED=3
MOVE_SPEED=3
MOVE_FREQUENCY=3
MOVE_TYPE=0
CHARA_OPTION_FLAG=34
ROUTE_OPTION_FLAG=2
ROUTE_COMMAND_NUM=0
OPTION_VAL_NUM=3
OPTION_VAL_0=0
OPTION_VAL_1=0
OPTION_VAL_2=0
COMMAND_NUM=1
--
WoditorEvCOMMAND_START
[0][0,0]<0>()()
WoditorEvCOMMAND_END
--
[COMMAND_TEXT_START]
■
[COMMAND_TEXT_END]
EVENT_PAGE=2
EVENT_TILE_ID=-1
GRAPHIC_FILENAME=
EVENT_DIRECTION=2
EVENT_PATTERN=1
EVENT_OPACITY=255
EVENT_BLENDTYPE=0
EVENT_TRIGGER_TYPE=0
EVENT_CONDITION_0_USE=33
EVENT_CONDITION_TARGET_0=2000050
EVENT_CONDITION_VALUE_0=1
EVENT_CONDITION_1_USE=32
EVENT_CONDITION_TARGET_1=1000000
EVENT_CONDITION_VALUE_1=0
EVENT_CONDITION_2_USE=32
EVENT_CONDITION_TARGET_2=1000000
EVENT_CONDITION_VALUE_2=0
EVENT_CONDITION_3_USE=32
EVENT_CONDITION_TARGET_3=1000000
EVENT_CONDITION_VALUE_3=0
ANIME_SPEED=3
MOVE_SPEED=3
MOVE_FREQUENCY=3
MOVE_TYPE=0
CHARA_OPTION_FLAG=35
ROUTE_OPTION_FLAG=2
ROUTE_COMMAND_NUM=0
OPTION_VAL_NUM=3
OPTION_VAL_0=0
OPTION_VAL_1=0
OPTION_VAL_2=0
COMMAND_NUM=1
--
WoditorEvCOMMAND_START
[0][0,0]<0>()()
WoditorEvCOMMAND_END
--
[COMMAND_TEXT_START]
■
[COMMAND_TEXT_END]
-----
EVENT_ID=13
EVENT_NAME=のび太
EVENT_X=18
EVENT_Y=14
EVENT_PAGE=3
OPTION_DATA_NUM=0
EVENT_PAGE_NUM=3
EVENT_PAGE=0
EVENT_TILE_ID=-1
GRAPHIC_FILENAME=
EVENT_DIRECTION=2
EVENT_PATTERN=1
EVENT_OPACITY=255
EVENT_BLENDTYPE=0
EVENT_TRIGGER_TYPE=0
EVENT_CONDITION_0_USE=32
EVENT_CONDITION_TARGET_0=2000039
EVENT_CONDITION_VALUE_0=0
EVENT_CONDITION_1_USE=32
EVENT_CONDITION_TARGET_1=1000000
EVENT_CONDITION_VALUE_1=0
EVENT_CONDITION_2_USE=32
EVENT_CONDITION_TARGET_2=1000000
EVENT_CONDITION_VALUE_2=0
EVENT_CONDITION_3_USE=32
EVENT_CONDITION_TARGET_3=1000000
EVENT_CONDITION_VALUE_3=0
ANIME_SPEED=3
MOVE_SPEED=3
MOVE_FREQUENCY=3
MOVE_TYPE=0
CHARA_OPTION_FLAG=35
ROUTE_OPTION_FLAG=2
ROUTE_COMMAND_NUM=0
OPTION_VAL_NUM=3
OPTION_VAL_0=0
OPTION_VAL_1=0
OPTION_VAL_2=0
COMMAND_NUM=1
--
WoditorEvCOMMAND_START
[0][0,0]<0>()()
WoditorEvCOMMAND_END
--
[COMMAND_TEXT_START]
■
[COMMAND_TEXT_END]
EVENT_PAGE=1
EVENT_TILE_ID=-1
GRAPHIC_FILENAME=CharaChip/[ウ]のび太セットA00.png
EVENT_DIRECTION=2
EVENT_PATTERN=1
EVENT_OPACITY=255
EVENT_BLENDTYPE=0
EVENT_TRIGGER_TYPE=0
EVENT_CONDITION_0_USE=33
EVENT_CONDITION_TARGET_0=2000039
EVENT_CONDITION_VALUE_0=1
EVENT_CONDITION_1_USE=32
EVENT_CONDITION_TARGET_1=1000000
EVENT_CONDITION_VALUE_1=0
EVENT_CONDITION_2_USE=32
EVENT_CONDITION_TARGET_2=1000000
EVENT_CONDITION_VALUE_2=0
EVENT_CONDITION_3_USE=32
EVENT_CONDITION_TARGET_3=1000000
EVENT_CONDITION_VALUE_3=0
ANIME_SPEED=3
MOVE_SPEED=3
MOVE_FREQUENCY=3
MOVE_TYPE=0
CHARA_OPTION_FLAG=34
ROUTE_OPTION_FLAG=2
ROUTE_COMMAND_NUM=0
OPTION_VAL_NUM=3
OPTION_VAL_0=0
OPTION_VAL_1=0
OPTION_VAL_2=0
COMMAND_NUM=1
--
WoditorEvCOMMAND_START
[0][0,0]<0>()()
WoditorEvCOMMAND_END
--
[COMMAND_TEXT_START]
■
[COMMAND_TEXT_END]
EVENT_PAGE=2
EVENT_TILE_ID=-1
GRAPHIC_FILENAME=
EVENT_DIRECTION=2
EVENT_PATTERN=1
EVENT_OPACITY=255
EVENT_BLENDTYPE=0
EVENT_TRIGGER_TYPE=0
EVENT_CONDITION_0_USE=33
EVENT_CONDITION_TARGET_0=2000038
EVENT_CONDITION_VALUE_0=1
EVENT_CONDITION_1_USE=32
EVENT_CONDITION_TARGET_1=1000000
EVENT_CONDITION_VALUE_1=0
EVENT_CONDITION_2_USE=32
EVENT_CONDITION_TARGET_2=1000000
EVENT_CONDITION_VALUE_2=0
EVENT_CONDITION_3_USE=32
EVENT_CONDITION_TARGET_3=1000000
EVENT_CONDITION_VALUE_3=0
ANIME_SPEED=3
MOVE_SPEED=3
MOVE_FREQUENCY=3
MOVE_TYPE=0
CHARA_OPTION_FLAG=35
ROUTE_OPTION_FLAG=2
ROUTE_COMMAND_NUM=0
OPTION_VAL_NUM=3
OPTION_VAL_0=0
OPTION_VAL_1=0
OPTION_VAL_2=0
COMMAND_NUM=1
--
WoditorEvCOMMAND_START
[0][0,0]<0>()()
WoditorEvCOMMAND_END
--
[COMMAND_TEXT_START]
■
[COMMAND_TEXT_END]
-----
EVENT_ID=14
EVENT_NAME=ドア
EVENT_X=18
EVENT_Y=14
EVENT_PAGE=3
OPTION_DATA_NUM=0
EVENT_PAGE_NUM=3
EVENT_PAGE=0
EVENT_TILE_ID=-1
GRAPHIC_FILENAME=
EVENT_DIRECTION=2
EVENT_PATTERN=1
EVENT_OPACITY=255
EVENT_BLENDTYPE=0
EVENT_TRIGGER_TYPE=0
EVENT_CONDITION_0_USE=32
EVENT_CONDITION_TARGET_0=1000000
EVENT_CONDITION_VALUE_0=0
EVENT_CONDITION_1_USE=32
EVENT_CONDITION_TARGET_1=1000000
EVENT_CONDITION_VALUE_1=0
EVENT_CONDITION_2_USE=32
EVENT_CONDITION_TARGET_2=1000000
EVENT_CONDITION_VALUE_2=0
EVENT_CONDITION_3_USE=32
EVENT_CONDITION_TARGET_3=1000000
EVENT_CONDITION_VALUE_3=0
ANIME_SPEED=3
MOVE_SPEED=3
MOVE_FREQUENCY=3
MOVE_TYPE=0
CHARA_OPTION_FLAG=35
ROUTE_OPTION_FLAG=2
ROUTE_COMMAND_NUM=0
OPTION_VAL_NUM=3
OPTION_VAL_0=0
OPTION_VAL_1=0
OPTION_VAL_2=0
COMMAND_NUM=1
--
WoditorEvCOMMAND_START
[0][0,0]<0>()()
WoditorEvCOMMAND_END
--
[COMMAND_TEXT_START]
■
[COMMAND_TEXT_END]
EVENT_PAGE=1
EVENT_TILE_ID=-1
GRAPHIC_FILENAME=CharaChip/[ウ]どこでもドア05.png
EVENT_DIRECTION=2
EVENT_PATTERN=1
EVENT_OPACITY=255
EVENT_BLENDTYPE=0
EVENT_TRIGGER_TYPE=0
EVENT_CONDITION_0_USE=33
EVENT_CONDITION_TARGET_0=2000039
EVENT_CONDITION_VALUE_0=1
EVENT_CONDITION_1_USE=32
EVENT_CONDITION_TARGET_1=1000000
EVENT_CONDITION_VALUE_1=0
EVENT_CONDITION_2_USE=32
EVENT_CONDITION_TARGET_2=1000000
EVENT_CONDITION_VALUE_2=0
EVENT_CONDITION_3_USE=32
EVENT_CONDITION_TARGET_3=1000000
EVENT_CONDITION_VALUE_3=0
ANIME_SPEED=3
MOVE_SPEED=3
MOVE_FREQUENCY=3
MOVE_TYPE=0
CHARA_OPTION_FLAG=56
ROUTE_OPTION_FLAG=2
ROUTE_COMMAND_NUM=0
OPTION_VAL_NUM=3
OPTION_VAL_0=0
OPTION_VAL_1=0
OPTION_VAL_2=0
COMMAND_NUM=1
--
WoditorEvCOMMAND_START
[0][0,0]<0>()()
WoditorEvCOMMAND_END
--
[COMMAND_TEXT_START]
■
[COMMAND_TEXT_END]
EVENT_PAGE=2
EVENT_TILE_ID=-1
GRAPHIC_FILENAME=
EVENT_DIRECTION=2
EVENT_PATTERN=1
EVENT_OPACITY=255
EVENT_BLENDTYPE=0
EVENT_TRIGGER_TYPE=0
EVENT_CONDITION_0_USE=33
EVENT_CONDITION_TARGET_0=2000060
EVENT_CONDITION_VALUE_0=1
EVENT_CONDITION_1_USE=32
EVENT_CONDITION_TARGET_1=1000000
EVENT_CONDITION_VALUE_1=0
EVENT_CONDITION_2_USE=32
EVENT_CONDITION_TARGET_2=1000000
EVENT_CONDITION_VALUE_2=0
EVENT_CONDITION_3_USE=32
EVENT_CONDITION_TARGET_3=1000000
EVENT_CONDITION_VALUE_3=0
ANIME_SPEED=3
MOVE_SPEED=3
MOVE_FREQUENCY=3
MOVE_TYPE=0
CHARA_OPTION_FLAG=35
ROUTE_OPTION_FLAG=2
ROUTE_COMMAND_NUM=0
OPTION_VAL_NUM=3
OPTION_VAL_0=0
OPTION_VAL_1=0
OPTION_VAL_2=0
COMMAND_NUM=1
--
WoditorEvCOMMAND_START
[0][0,0]<0>()()
WoditorEvCOMMAND_END
--
[COMMAND_TEXT_START]
■
[COMMAND_TEXT_END]
-----
EVENT_ID=15
EVENT_NAME=
EVENT_X=54
EVENT_Y=28
EVENT_PAGE=2
OPTION_DATA_NUM=0
EVENT_PAGE_NUM=2
EVENT_PAGE=0
EVENT_TILE_ID=-1
GRAPHIC_FILENAME=
EVENT_DIRECTION=2
EVENT_PATTERN=1
EVENT_OPACITY=255
EVENT_BLENDTYPE=0
EVENT_TRIGGER_TYPE=0
EVENT_CONDITION_0_USE=32
EVENT_CONDITION_TARGET_0=2000014
EVENT_CONDITION_VALUE_0=0
EVENT_CONDITION_1_USE=32
EVENT_CONDITION_TARGET_1=1000000
EVENT_CONDITION_VALUE_1=0
EVENT_CONDITION_2_USE=32
EVENT_CONDITION_TARGET_2=1000000
EVENT_CONDITION_VALUE_2=0
EVENT_CONDITION_3_USE=32
EVENT_CONDITION_TARGET_3=1000000
EVENT_CONDITION_VALUE_3=0
ANIME_SPEED=3
MOVE_SPEED=3
MOVE_FREQUENCY=3
MOVE_TYPE=0
CHARA_OPTION_FLAG=35
ROUTE_OPTION_FLAG=2
ROUTE_COMMAND_NUM=0
OPTION_VAL_NUM=3
OPTION_VAL_0=0
OPTION_VAL_1=0
OPTION_VAL_2=0
COMMAND_NUM=12
--
WoditorEvCOMMAND_START
[140][7,0]<0>(800,0,0,0,0,0,0)()
[101][0,1]<0>()("ハンドガンの弾を手に入れた")
[111][4,0]<0>(17,2000032,1,2)()
[401][1,0]<0>(1)()
[210][5,0]<1>(500000,3,47,2,0)()
[0][0,0]<1>()()
[420][1,0]<0>(0)()
[210][5,0]<1>(500000,3,47,1,0)()
[0][0,0]<1>()()
[499][0,0]<0>()()
[121][4,0]<0>(2000053,1,0,0)()
[0][0,0]<0>()()
WoditorEvCOMMAND_END
--
[COMMAND_TEXT_START]
■サウンド：SE3「アイテムゲット_old」(0 ﾁｬﾝﾈﾙ) 再生 / 遅延：0ﾌﾚｰﾑ
■文章:ハンドガンの弾を手に入れた
■条件分岐(数値):  【1】 V32[イージーモード]  が   1 と同じ 
-◇分岐： 【1】  [ V32[イージーモード]  が  1 と同じ  ]の場合↓
 |■イベントの挿入： コモン0：[ ○アイテム増減 ] / 47:ハンドガンの弾 / 2 / 0:なし
 |■
-◇上記以外
 |■イベントの挿入： コモン0：[ ○アイテム増減 ] / 47:ハンドガンの弾 / 1 / 0:なし
 |■
◇分岐終了◇
■変数操作: V53[ハンドガンのたま] = 1 + 0 
■
[COMMAND_TEXT_END]
EVENT_PAGE=1
EVENT_TILE_ID=-1
GRAPHIC_FILENAME=
EVENT_DIRECTION=2
EVENT_PATTERN=1
EVENT_OPACITY=255
EVENT_BLENDTYPE=0
EVENT_TRIGGER_TYPE=0
EVENT_CONDITION_0_USE=33
EVENT_CONDITION_TARGET_0=2000053
EVENT_CONDITION_VALUE_0=1
EVENT_CONDITION_1_USE=32
EVENT_CONDITION_TARGET_1=1000000
EVENT_CONDITION_VALUE_1=0
EVENT_CONDITION_2_USE=32
EVENT_CONDITION_TARGET_2=1000000
EVENT_CONDITION_VALUE_2=0
EVENT_CONDITION_3_USE=32
EVENT_CONDITION_TARGET_3=1000000
EVENT_CONDITION_VALUE_3=0
ANIME_SPEED=3
MOVE_SPEED=3
MOVE_FREQUENCY=3
MOVE_TYPE=0
CHARA_OPTION_FLAG=35
ROUTE_OPTION_FLAG=2
ROUTE_COMMAND_NUM=0
OPTION_VAL_NUM=3
OPTION_VAL_0=0
OPTION_VAL_1=0
OPTION_VAL_2=0
COMMAND_NUM=1
--
WoditorEvCOMMAND_START
[0][0,0]<0>()()
WoditorEvCOMMAND_END
--
[COMMAND_TEXT_START]
■
[COMMAND_TEXT_END]
-----
EVENT_ID=16
EVENT_NAME=アイテム
EVENT_X=13
EVENT_Y=46
EVENT_PAGE=1
OPTION_DATA_NUM=0
EVENT_PAGE_NUM=1
EVENT_PAGE=0
EVENT_TILE_ID=-1
GRAPHIC_FILENAME=CharaChip/[ウ]救急箱05.png
EVENT_DIRECTION=2
EVENT_PATTERN=1
EVENT_OPACITY=255
EVENT_BLENDTYPE=0
EVENT_TRIGGER_TYPE=0
EVENT_CONDITION_0_USE=32
EVENT_CONDITION_TARGET_0=2000014
EVENT_CONDITION_VALUE_0=0
EVENT_CONDITION_1_USE=32
EVENT_CONDITION_TARGET_1=1000000
EVENT_CONDITION_VALUE_1=0
EVENT_CONDITION_2_USE=32
EVENT_CONDITION_TARGET_2=1000000
EVENT_CONDITION_VALUE_2=0
EVENT_CONDITION_3_USE=32
EVENT_CONDITION_TARGET_3=1000000
EVENT_CONDITION_VALUE_3=0
ANIME_SPEED=0
MOVE_SPEED=3
MOVE_FREQUENCY=0
MOVE_TYPE=1
CHARA_OPTION_FLAG=40
ROUTE_OPTION_FLAG=5
ROUTE_COMMAND_NUM=8
[ROUTE_COMMAND_0]8
ROUTE_COMMAND_CODE=11
VAL_NUM=0
STR=
[ROUTE_COMMAND_1]8
ROUTE_COMMAND_CODE=47
VAL_NUM=1
VAL_0=6
STR=
[ROUTE_COMMAND_2]8
ROUTE_COMMAND_CODE=9
VAL_NUM=0
STR=
[ROUTE_COMMAND_3]8
ROUTE_COMMAND_CODE=47
VAL_NUM=1
VAL_0=6
STR=
[ROUTE_COMMAND_4]8
ROUTE_COMMAND_CODE=8
VAL_NUM=0
STR=
[ROUTE_COMMAND_5]8
ROUTE_COMMAND_CODE=47
VAL_NUM=1
VAL_0=6
STR=
[ROUTE_COMMAND_6]8
ROUTE_COMMAND_CODE=10
VAL_NUM=0
STR=
[ROUTE_COMMAND_7]8
ROUTE_COMMAND_CODE=47
VAL_NUM=1
VAL_0=6
STR=
OPTION_VAL_NUM=3
OPTION_VAL_0=1
OPTION_VAL_1=0
OPTION_VAL_2=0
COMMAND_NUM=1
--
WoditorEvCOMMAND_START
[0][0,0]<0>()()
WoditorEvCOMMAND_END
--
[COMMAND_TEXT_START]
■
[COMMAND_TEXT_END]
-----
EVENT_ID=17
EVENT_NAME=死体1
EVENT_X=31
EVENT_Y=54
EVENT_PAGE=2
OPTION_DATA_NUM=0
EVENT_PAGE_NUM=2
EVENT_PAGE=0
EVENT_TILE_ID=-1
GRAPHIC_FILENAME=
EVENT_DIRECTION=2
EVENT_PATTERN=1
EVENT_OPACITY=255
EVENT_BLENDTYPE=0
EVENT_TRIGGER_TYPE=0
EVENT_CONDITION_0_USE=32
EVENT_CONDITION_TARGET_0=1000000
EVENT_CONDITION_VALUE_0=0
EVENT_CONDITION_1_USE=32
EVENT_CONDITION_TARGET_1=1000000
EVENT_CONDITION_VALUE_1=0
EVENT_CONDITION_2_USE=32
EVENT_CONDITION_TARGET_2=1000000
EVENT_CONDITION_VALUE_2=0
EVENT_CONDITION_3_USE=32
EVENT_CONDITION_TARGET_3=1000000
EVENT_CONDITION_VALUE_3=0
ANIME_SPEED=3
MOVE_SPEED=3
MOVE_FREQUENCY=3
MOVE_TYPE=0
CHARA_OPTION_FLAG=32
ROUTE_OPTION_FLAG=2
ROUTE_COMMAND_NUM=0
OPTION_VAL_NUM=3
OPTION_VAL_0=0
OPTION_VAL_1=0
OPTION_VAL_2=0
COMMAND_NUM=1
--
WoditorEvCOMMAND_START
[0][0,0]<0>()()
WoditorEvCOMMAND_END
--
[COMMAND_TEXT_START]
■
[COMMAND_TEXT_END]
EVENT_PAGE=1
EVENT_TILE_ID=-1
GRAPHIC_FILENAME=CharaChip/[ウ]のびママゾンビ05.png
EVENT_DIRECTION=2
EVENT_PATTERN=1
EVENT_OPACITY=255
EVENT_BLENDTYPE=0
EVENT_TRIGGER_TYPE=0
EVENT_CONDITION_0_USE=33
EVENT_CONDITION_TARGET_0=2000036
EVENT_CONDITION_VALUE_0=1
EVENT_CONDITION_1_USE=32
EVENT_CONDITION_TARGET_1=1000000
EVENT_CONDITION_VALUE_1=0
EVENT_CONDITION_2_USE=32
EVENT_CONDITION_TARGET_2=1000000
EVENT_CONDITION_VALUE_2=0
EVENT_CONDITION_3_USE=32
EVENT_CONDITION_TARGET_3=1000000
EVENT_CONDITION_VALUE_3=0
ANIME_SPEED=3
MOVE_SPEED=3
MOVE_FREQUENCY=3
MOVE_TYPE=0
CHARA_OPTION_FLAG=32
ROUTE_OPTION_FLAG=2
ROUTE_COMMAND_NUM=0
OPTION_VAL_NUM=3
OPTION_VAL_0=0
OPTION_VAL_1=0
OPTION_VAL_2=0
COMMAND_NUM=1
--
WoditorEvCOMMAND_START
[0][0,0]<0>()()
WoditorEvCOMMAND_END
--
[COMMAND_TEXT_START]
■
[COMMAND_TEXT_END]
-----
EVENT_ID=18
EVENT_NAME=死体2
EVENT_X=30
EVENT_Y=54
EVENT_PAGE=2
OPTION_DATA_NUM=0
EVENT_PAGE_NUM=2
EVENT_PAGE=0
EVENT_TILE_ID=-1
GRAPHIC_FILENAME=
EVENT_DIRECTION=2
EVENT_PATTERN=1
EVENT_OPACITY=255
EVENT_BLENDTYPE=0
EVENT_TRIGGER_TYPE=0
EVENT_CONDITION_0_USE=32
EVENT_CONDITION_TARGET_0=1000000
EVENT_CONDITION_VALUE_0=0
EVENT_CONDITION_1_USE=32
EVENT_CONDITION_TARGET_1=1000000
EVENT_CONDITION_VALUE_1=0
EVENT_CONDITION_2_USE=32
EVENT_CONDITION_TARGET_2=1000000
EVENT_CONDITION_VALUE_2=0
EVENT_CONDITION_3_USE=32
EVENT_CONDITION_TARGET_3=1000000
EVENT_CONDITION_VALUE_3=0
ANIME_SPEED=3
MOVE_SPEED=3
MOVE_FREQUENCY=3
MOVE_TYPE=0
CHARA_OPTION_FLAG=32
ROUTE_OPTION_FLAG=2
ROUTE_COMMAND_NUM=0
OPTION_VAL_NUM=3
OPTION_VAL_0=0
OPTION_VAL_1=0
OPTION_VAL_2=0
COMMAND_NUM=1
--
WoditorEvCOMMAND_START
[0][0,0]<0>()()
WoditorEvCOMMAND_END
--
[COMMAND_TEXT_START]
■
[COMMAND_TEXT_END]
EVENT_PAGE=1
EVENT_TILE_ID=-1
GRAPHIC_FILENAME=CharaChip/[ウ]のびママゾンビ05.png
EVENT_DIRECTION=6
EVENT_PATTERN=1
EVENT_OPACITY=255
EVENT_BLENDTYPE=0
EVENT_TRIGGER_TYPE=0
EVENT_CONDITION_0_USE=33
EVENT_CONDITION_TARGET_0=2000036
EVENT_CONDITION_VALUE_0=1
EVENT_CONDITION_1_USE=32
EVENT_CONDITION_TARGET_1=1000000
EVENT_CONDITION_VALUE_1=0
EVENT_CONDITION_2_USE=32
EVENT_CONDITION_TARGET_2=1000000
EVENT_CONDITION_VALUE_2=0
EVENT_CONDITION_3_USE=32
EVENT_CONDITION_TARGET_3=1000000
EVENT_CONDITION_VALUE_3=0
ANIME_SPEED=3
MOVE_SPEED=3
MOVE_FREQUENCY=3
MOVE_TYPE=0
CHARA_OPTION_FLAG=32
ROUTE_OPTION_FLAG=2
ROUTE_COMMAND_NUM=0
OPTION_VAL_NUM=3
OPTION_VAL_0=0
OPTION_VAL_1=0
OPTION_VAL_2=0
COMMAND_NUM=1
--
WoditorEvCOMMAND_START
[0][0,0]<0>()()
WoditorEvCOMMAND_END
--
[COMMAND_TEXT_START]
■
[COMMAND_TEXT_END]
-----
EVENT_ID=19
EVENT_NAME=
EVENT_X=11
EVENT_Y=47
EVENT_PAGE=2
OPTION_DATA_NUM=0
EVENT_PAGE_NUM=2
EVENT_PAGE=0
EVENT_TILE_ID=-1
GRAPHIC_FILENAME=
EVENT_DIRECTION=2
EVENT_PATTERN=1
EVENT_OPACITY=255
EVENT_BLENDTYPE=0
EVENT_TRIGGER_TYPE=0
EVENT_CONDITION_0_USE=33
EVENT_CONDITION_TARGET_0=2000046
EVENT_CONDITION_VALUE_0=0
EVENT_CONDITION_1_USE=32
EVENT_CONDITION_TARGET_1=1000000
EVENT_CONDITION_VALUE_1=0
EVENT_CONDITION_2_USE=32
EVENT_CONDITION_TARGET_2=1000000
EVENT_CONDITION_VALUE_2=0
EVENT_CONDITION_3_USE=32
EVENT_CONDITION_TARGET_3=1000000
EVENT_CONDITION_VALUE_3=0
ANIME_SPEED=3
MOVE_SPEED=3
MOVE_FREQUENCY=3
MOVE_TYPE=0
CHARA_OPTION_FLAG=163
ROUTE_OPTION_FLAG=2
ROUTE_COMMAND_NUM=0
OPTION_VAL_NUM=3
OPTION_VAL_0=0
OPTION_VAL_1=3
OPTION_VAL_2=0
COMMAND_NUM=46
--
WoditorEvCOMMAND_START
[111][4,0]<0>(1,2000105,1,2)()
[401][1,0]<0>(1)()
[150][11,1]<1>(0,1,30,1,1,1,255,0,0,100,0)("SystemFile/スクリーンカット.png")
[201][1,0]<1>(-2)()(2,[11])
[130][5,0]<1>(-1,21,96,1,33)()
[121][4,0]<1>(2000025,1,0,0)()
[101][0,1]<1>()("@2<\n>鍵がかかってる...\.\.どうしようか。")
[102][1,1]<1>(17)("突っ込む")
[401][1,0]<1>(2)()
[101][0,1]<2>()("@2<\n>そうだ突っ込もう!!")
[201][1,0]<2>(-2)()(4,[36],[38],[29,1],[21,0,1],[20])
[180][1,0]<2>(50)()
[201][1,0]<2>(-2)()(4,[29,4],[38],[37],[21,0,0],[47,5],[38],[3],[3],[21,0,-1],[29,3],[45,0])
[140][7,1]<2>(33554464,0,0,0,90,170,0)("SystemFile/[SE]Damage.ogg")
[140][7,1]<2>(33554464,0,0,0,100,200,0)("nobihazaSE/カラス音2.ogg")
[140][7,1]<2>(33554464,0,0,0,50,80,0)("nobihazaSE/カラス音2.ogg")
[180][1,0]<2>(90)()
[151][2,0]<2>(6574160,0)()
[130][6,0]<2>(-1,17,2,2,32,0)()
[180][1,0]<2>(90)()
[140][7,1]<2>(33554464,0,0,0,90,170,0)("SystemFile/[SE]Damage.ogg")
[140][7,1]<2>(33554464,0,0,0,100,200,0)("nobihazaSE/カラス音2.ogg")
[140][7,1]<2>(33554464,0,0,0,50,80,0)("nobihazaSE/カラス音2.ogg")
[201][1,0]<2>(-2)()(4,[38],[9],[45,255],[21,-1,0])
[180][1,0]<2>(30)()
[280][2,0]<2>(97,24)()
[140][6,1]<2>(33554464,0,0,0,50,100)("nobihazaSE/悲鳴.ogg")
[180][1,0]<2>(60)()
[201][1,0]<2>(-2)()(4,[11],[47,60],[8],[47,20],[11],[47,60],[10],[31,5],[21,0,0],[31,3])
[180][1,0]<2>(30)()
[281][3,0]<2>(288,14,0)()
[180][1,0]<2>(60)()
[281][3,0]<2>(288,-14,0)()
[180][1,0]<2>(30)()
[201][1,0]<2>(-2)()(2,[8])
[180][1,0]<2>(30)()
[201][1,0]<2>(-2)()(4,[31,1],[0],[0],[0],[0],[2],[2],[2],[2],[2],[2],[2],[2],[2],[0],[0],[0],[0],[0],[47,20],[47,10],[9],[47,20],[47,10],[10],[47,20],[39])
[101][0,1]<2>()("@3<\n> \>何だこれは･･･！\.\.\<<\n> 一体何が起こってるんだ！？\.\.\.\.\.\^")
[150][3,0]<2>(2,1,30)()
[121][4,0]<2>(2000046,1,0,0)()
[0][0,0]<2>()()
[499][0,0]<1>()()
[121][4,0]<1>(2000025,0,0,0)()
[0][0,0]<1>()()
[499][0,0]<0>()()
[0][0,0]<0>()()
WoditorEvCOMMAND_END
--
[COMMAND_TEXT_START]
■条件分岐(数値):  【1】 V105[エイプリルフール]  が   1 と同じ 
-◇分岐： 【1】  [ V105[エイプリルフール]  が  1 と同じ  ]の場合↓
 |■ﾋﾟｸﾁｬ表示：1 [左上]ﾌｧｲﾙ｢SystemFile/スクリーンカット.png｣ X:0 Y:0 / 30(0)ﾌﾚｰﾑ  / ﾊﾟﾀｰﾝ 1 / 透 255 / 通常  / 角 0 / 拡 100％ / ｶﾗｰ R[100] G[100] B[100]
 |■動作指定：[ｽｷｯﾌﾟ]  主人公 / 上向
 |■場所移動：主人公 ▲マップID1[のび] X:21 Y:96 [精密] [ﾄﾗﾝｼﾞｼｮﾝ + 暗転有り]
 |■変数操作: V25[ダッシュ禁止] = 1 + 0 
 |■文章:@2\n鍵がかかってる...\.\.どうしようか。
 |■文章選択肢:/ 【1】突っ込む 
 |-◇選択肢：【1】 突っ込む                                     の場合↓
 | |■文章:@2\nそうだ突っ込もう!!
 | |■動作指定：[ｳｪｲﾄ] 主人公 / 向き固定ON / すり抜けON / 移動速度を設定 => 1 / ジャンプ - 右:[0] 下:[1] / 一歩後退
 | |■ウェイト：50 フレーム
 | |■動作指定：[ｳｪｲﾄ] 主人公 / 移動速度を設定 => 4 / すり抜けON / 向き固定OFF / ジャンプ - 右:[0] 下:[0] / ウェイト 5フレーム / すり抜けON / 上 / 上 / ジャンプ - 右:[0] 下:[-1] / 移動速度を設定 => 3 / 不透明度設定 0
 | |■サウンド：SE ﾌｧｲﾙ[SystemFile/[SE]Damage.ogg] 音 90％ 周 170％ (0 ﾁｬﾝﾈﾙ) 再生 / 遅延：0ﾌﾚｰﾑ
 | |■サウンド：SE ﾌｧｲﾙ[nobihazaSE/カラス音2.ogg] 音 100％ 周 200％ (0 ﾁｬﾝﾈﾙ) 再生 / 遅延：0ﾌﾚｰﾑ
 | |■サウンド：SE ﾌｧｲﾙ[nobihazaSE/カラス音2.ogg] 音 50％ 周 80％ (0 ﾁｬﾝﾈﾙ) 再生 / 遅延：0ﾌﾚｰﾑ
 | |■ウェイト：90 フレーム
 | |■色調変更： R80 G80 B100 / 0ﾌﾚｰﾑ
 | |■場所移動：主人公 ▲マップID2[街] X:17 Y:2  [ﾄﾗﾝｼﾞｼｮﾝ + 暗転有り]
 | |■ウェイト：90 フレーム
 | |■サウンド：SE ﾌｧｲﾙ[SystemFile/[SE]Damage.ogg] 音 90％ 周 170％ (0 ﾁｬﾝﾈﾙ) 再生 / 遅延：0ﾌﾚｰﾑ
 | |■サウンド：SE ﾌｧｲﾙ[nobihazaSE/カラス音2.ogg] 音 100％ 周 200％ (0 ﾁｬﾝﾈﾙ) 再生 / 遅延：0ﾌﾚｰﾑ
 | |■サウンド：SE ﾌｧｲﾙ[nobihazaSE/カラス音2.ogg] 音 50％ 周 80％ (0 ﾁｬﾝﾈﾙ) 再生 / 遅延：0ﾌﾚｰﾑ
 | |■動作指定：[ｳｪｲﾄ] 主人公 / すり抜けON / 左向 / 不透明度設定 255 / ジャンプ - 右:[-1] 下:[0]
 | |■ウェイト：30 フレーム
 | |■マップエフェクト：[シェイク] 強さ2 速度7 縦揺れ [24]ﾌﾚｰﾑ
 | |■サウンド：SE ﾌｧｲﾙ[nobihazaSE/悲鳴.ogg] 音 50％ 周 100％ (0 ﾁｬﾝﾈﾙ) 再生 / 遅延：0ﾌﾚｰﾑ
 | |■ウェイト：60 フレーム
 | |■動作指定：[ｳｪｲﾄ] 主人公 / 上向 / ウェイト 60フレーム / 下向 / ウェイト 20フレーム / 上向 / ウェイト 60フレーム / 右向 / アニメ頻度を設定 => 5 / ジャンプ - 右:[0] 下:[0] / アニメ頻度を設定 => 3
 | |■ウェイト：30 フレーム
 | |■画面スクロール：画面移動 1/2倍速 右方向:14 下方向:0 [ｳｪｲﾄ]
 | |■ウェイト：60 フレーム
 | |■画面スクロール：画面移動 1/2倍速 右方向:-14 下方向:0 [ｳｪｲﾄ]
 | |■ウェイト：30 フレーム
 | |■動作指定：[ｽｷｯﾌﾟ]  主人公 / 下向
 | |■ウェイト：30 フレーム
 | |■動作指定：[ｳｪｲﾄ] 主人公 / アニメ頻度を設定 => 1 / 下 / 下 / 下 / 下 / 右 / 右 / 右 / 右 / 右 / 右 / 右 / 右 / 右 / 下 / 下 / 下 / 下 / 下 / ウェイト 20フレーム / ウェイト 10フレーム / 左向 / ウェイト 20フレーム / ウェイト 10フレーム / 右向 / ウェイト 20フレーム / すり抜けOFF
 | |■文章:@3\n \>何だこれは･･･！\.\.\<\n 一体何が起こってるんだ！？\.\.\.\.\.\^
 | |■ﾋﾟｸﾁｬ消去：1  / 30(0)ﾌﾚｰﾑ
 | |■変数操作: V46[何が起こってる！] = 1 + 0 
 | |■
 |◇分岐終了◇
 |■変数操作: V25[ダッシュ禁止] = 0 + 0 
 |■
◇分岐終了◇
■
[COMMAND_TEXT_END]
EVENT_PAGE=1
EVENT_TILE_ID=-1
GRAPHIC_FILENAME=
EVENT_DIRECTION=2
EVENT_PATTERN=1
EVENT_OPACITY=255
EVENT_BLENDTYPE=0
EVENT_TRIGGER_TYPE=0
EVENT_CONDITION_0_USE=33
EVENT_CONDITION_TARGET_0=2000046
EVENT_CONDITION_VALUE_0=1
EVENT_CONDITION_1_USE=32
EVENT_CONDITION_TARGET_1=1000000
EVENT_CONDITION_VALUE_1=0
EVENT_CONDITION_2_USE=32
EVENT_CONDITION_TARGET_2=1000000
EVENT_CONDITION_VALUE_2=0
EVENT_CONDITION_3_USE=32
EVENT_CONDITION_TARGET_3=1000000
EVENT_CONDITION_VALUE_3=0
ANIME_SPEED=3
MOVE_SPEED=3
MOVE_FREQUENCY=3
MOVE_TYPE=0
CHARA_OPTION_FLAG=35
ROUTE_OPTION_FLAG=2
ROUTE_COMMAND_NUM=0
OPTION_VAL_NUM=3
OPTION_VAL_0=0
OPTION_VAL_1=0
OPTION_VAL_2=0
COMMAND_NUM=1
--
WoditorEvCOMMAND_START
[0][0,0]<0>()()
WoditorEvCOMMAND_END
--
[COMMAND_TEXT_START]
■
[COMMAND_TEXT_END]
-----
EVENT_ID=20
EVENT_NAME=
EVENT_X=21
EVENT_Y=10
EVENT_PAGE=1
OPTION_DATA_NUM=0
EVENT_PAGE_NUM=1
EVENT_PAGE=0
EVENT_TILE_ID=-1
GRAPHIC_FILENAME=
EVENT_DIRECTION=2
EVENT_PATTERN=1
EVENT_OPACITY=255
EVENT_BLENDTYPE=0
EVENT_TRIGGER_TYPE=0
EVENT_CONDITION_0_USE=32
EVENT_CONDITION_TARGET_0=2000036
EVENT_CONDITION_VALUE_0=1
EVENT_CONDITION_1_USE=32
EVENT_CONDITION_TARGET_1=2000045
EVENT_CONDITION_VALUE_1=1
EVENT_CONDITION_2_USE=32
EVENT_CONDITION_TARGET_2=1000000
EVENT_CONDITION_VALUE_2=0
EVENT_CONDITION_3_USE=32
EVENT_CONDITION_TARGET_3=1000000
EVENT_CONDITION_VALUE_3=0
ANIME_SPEED=3
MOVE_SPEED=3
MOVE_FREQUENCY=3
MOVE_TYPE=0
CHARA_OPTION_FLAG=35
ROUTE_OPTION_FLAG=2
ROUTE_COMMAND_NUM=0
OPTION_VAL_NUM=3
OPTION_VAL_0=0
OPTION_VAL_1=0
OPTION_VAL_2=0
COMMAND_NUM=44
--
WoditorEvCOMMAND_START
[201][1,0]<0>(1)()(2,[40])
[201][1,0]<0>(19)()(2,[40])
[210][4,0]<0>(500005,2,1,0)()
[180][1,0]<0>(20)()
[210][2,0]<0>(500287,0)()
[140][7,1]<0>(33554432,0,0,0,100,100,0)("nobihazaBGM/迷走.mid")
[180][1,0]<0>(30)()
[150][11,1]<0>(0,1,0,1,1,1,255,0,0,100,0)("SystemFile/スクリーンカット.png")
[140][6,1]<0>(33554464,0,0,0,100,100)("nobihazaSE/開ける1.ogg")
[201][1,0]<0>(28)()(6,[38],[40],[0],[0],[0],[0],[11])
[101][0,1]<0>()("@3<\n>のび太<\n> もうここまでくれば襲ってこないだろう<\n> ")
[281][3,0]<0>(0,0,4)()
[180][1,0]<0>(60)()
[140][7,1]<0>(33554432,0,0,0,100,100,0)("nobihazaBGM/無音.mp3")
[140][6,1]<0>(33554464,0,0,0,100,100)("nobihazaSE/開ける1.ogg")
[201][1,0]<0>(21)()(6,[38],[40],[0],[1],[1],[1],[8])
[180][1,0]<0>(20)()
[140][6,1]<0>(33554464,0,0,0,100,100)("nobihazaSE/開ける1.ogg")
[201][1,0]<0>(22)()(6,[38],[40],[0],[1],[1],[8])
[180][1,0]<0>(20)()
[140][6,1]<0>(33554464,0,0,0,100,100)("nobihazaSE/開ける1.ogg")
[201][1,0]<0>(27)()(6,[38],[40],[0],[1],[8])
[180][1,0]<0>(20)()
[140][6,1]<0>(33554464,0,0,0,100,100)("nobihazaSE/開ける1.ogg")
[201][1,0]<0>(24)()(6,[38],[40],[0],[2],[2],[2],[8])
[180][1,0]<0>(20)()
[140][6,1]<0>(33554464,0,0,0,100,100)("nobihazaSE/開ける1.ogg")
[201][1,0]<0>(25)()(6,[38],[40],[0],[2],[2],[8])
[180][1,0]<0>(20)()
[140][6,1]<0>(33554464,0,0,0,100,100)("nobihazaSE/開ける1.ogg")
[201][1,0]<0>(26)()(6,[38],[38],[40],[0],[2],[8])
[180][1,0]<0>(20)()
[140][6,1]<0>(33554464,0,0,0,100,100)("nobihazaSE/開ける1.ogg")
[201][1,0]<0>(23)()(6,[38],[40],[0])
[180][1,0]<0>(60)()
[140][7,1]<0>(33554432,200,0,0,100,100,0)("")
[151][2,0]<0>(0,200)()
[180][1,0]<0>(200)()
[210][2,0]<0>(500332,0)()
[180][1,0]<0>(100)()
[150][18,1]<0>(0,1,200,1,1,1,255,0,0,100,0,0,33554432,0,0,200,50,30)("SystemFile/YOUDIED.png")
[180][1,0]<0>(250)()
[174][0,0]<0>()()
[0][0,0]<0>()()
WoditorEvCOMMAND_END
--
[COMMAND_TEXT_START]
■動作指定：[ｽｷｯﾌﾟ]  Ev1 / 主人公より上ON
■動作指定：[ｽｷｯﾌﾟ]  Ev19 / 主人公より上ON
■イベントの挿入： コモン5：[ ○メンバーの増減 ] / 1:仲間から外す / 0:のび太
■ウェイト：20 フレーム
■イベントの挿入： コモン287：[ 暗転後 ]
■サウンド：BGM ﾌｧｲﾙ[nobihazaBGM/迷走.mid] 音 100％ 周 100％ ﾙ 0ms 再生 / 処理時間:0ﾌﾚｰﾑ
■ウェイト：30 フレーム
■ﾋﾟｸﾁｬ表示：1 [左上]ﾌｧｲﾙ｢SystemFile/スクリーンカット.png｣ X:0 Y:0 / 0(0)ﾌﾚｰﾑ  / ﾊﾟﾀｰﾝ 1 / 透 255 / 通常  / 角 0 / 拡 100％ / ｶﾗｰ R[100] G[100] B[100]
■サウンド：SE ﾌｧｲﾙ[nobihazaSE/開ける1.ogg] 音 100％ 周 100％ (0 ﾁｬﾝﾈﾙ) 再生 / 遅延：0ﾌﾚｰﾑ
■動作指定：[ｳｪｲﾄ][ｽｷｯﾌﾟ]  Ev28 / すり抜けON / 主人公より上ON / 下 / 下 / 下 / 下 / 上向
■文章:@3\nのび太\n もうここまでくれば襲ってこないだろう\n 
■画面スクロール：画面移動 1/8倍速 右方向:0 下方向:4
■ウェイト：60 フレーム
■サウンド：BGM ﾌｧｲﾙ[nobihazaBGM/無音.mp3] 音 100％ 周 100％ ﾙ 0ms 再生 / 処理時間:0ﾌﾚｰﾑ
■サウンド：SE ﾌｧｲﾙ[nobihazaSE/開ける1.ogg] 音 100％ 周 100％ (0 ﾁｬﾝﾈﾙ) 再生 / 遅延：0ﾌﾚｰﾑ
■動作指定：[ｳｪｲﾄ][ｽｷｯﾌﾟ]  Ev21 / すり抜けON / 主人公より上ON / 下 / 左 / 左 / 左 / 下向
■ウェイト：20 フレーム
■サウンド：SE ﾌｧｲﾙ[nobihazaSE/開ける1.ogg] 音 100％ 周 100％ (0 ﾁｬﾝﾈﾙ) 再生 / 遅延：0ﾌﾚｰﾑ
■動作指定：[ｳｪｲﾄ][ｽｷｯﾌﾟ]  Ev22 / すり抜けON / 主人公より上ON / 下 / 左 / 左 / 下向
■ウェイト：20 フレーム
■サウンド：SE ﾌｧｲﾙ[nobihazaSE/開ける1.ogg] 音 100％ 周 100％ (0 ﾁｬﾝﾈﾙ) 再生 / 遅延：0ﾌﾚｰﾑ
■動作指定：[ｳｪｲﾄ][ｽｷｯﾌﾟ]  Ev27 / すり抜けON / 主人公より上ON / 下 / 左 / 下向
■ウェイト：20 フレーム
■サウンド：SE ﾌｧｲﾙ[nobihazaSE/開ける1.ogg] 音 100％ 周 100％ (0 ﾁｬﾝﾈﾙ) 再生 / 遅延：0ﾌﾚｰﾑ
■動作指定：[ｳｪｲﾄ][ｽｷｯﾌﾟ]  Ev24 / すり抜けON / 主人公より上ON / 下 / 右 / 右 / 右 / 下向
■ウェイト：20 フレーム
■サウンド：SE ﾌｧｲﾙ[nobihazaSE/開ける1.ogg] 音 100％ 周 100％ (0 ﾁｬﾝﾈﾙ) 再生 / 遅延：0ﾌﾚｰﾑ
■動作指定：[ｳｪｲﾄ][ｽｷｯﾌﾟ]  Ev25 / すり抜けON / 主人公より上ON / 下 / 右 / 右 / 下向
■ウェイト：20 フレーム
■サウンド：SE ﾌｧｲﾙ[nobihazaSE/開ける1.ogg] 音 100％ 周 100％ (0 ﾁｬﾝﾈﾙ) 再生 / 遅延：0ﾌﾚｰﾑ
■動作指定：[ｳｪｲﾄ][ｽｷｯﾌﾟ]  Ev26 / すり抜けON / すり抜けON / 主人公より上ON / 下 / 右 / 下向
■ウェイト：20 フレーム
■サウンド：SE ﾌｧｲﾙ[nobihazaSE/開ける1.ogg] 音 100％ 周 100％ (0 ﾁｬﾝﾈﾙ) 再生 / 遅延：0ﾌﾚｰﾑ
■動作指定：[ｳｪｲﾄ][ｽｷｯﾌﾟ]  Ev23 / すり抜けON / 主人公より上ON / 下
■ウェイト：60 フレーム
■サウンド：BGM ﾌｧｲﾙ[] 音 100％ 周 100％ ﾙ 0ms 再生 / 処理時間:200ﾌﾚｰﾑ
■色調変更： R0 G0 B0 / 200ﾌﾚｰﾑ
■ウェイト：200 フレーム
■イベントの挿入： コモン332：[ sibou ]
■ウェイト：100 フレーム
■ﾋﾟｸﾁｬ表示：1 [左上]ﾌｧｲﾙ｢SystemFile/YOUDIED.png｣ X:0 Y:0 / 200(0)ﾌﾚｰﾑ  / ﾊﾟﾀｰﾝ 1 / 透 255 / 通常  / 角 0 / 拡 100％ / ｶﾗｰ R[200] G[50] B[30]
■ウェイト：250 フレーム
■タイトル画面へ戻る
■
[COMMAND_TEXT_END]
-----
EVENT_ID=21
EVENT_NAME=
EVENT_X=49
EVENT_Y=28
EVENT_PAGE=1
OPTION_DATA_NUM=0
EVENT_PAGE_NUM=1
EVENT_PAGE=0
EVENT_TILE_ID=-1
GRAPHIC_FILENAME=
EVENT_DIRECTION=2
EVENT_PATTERN=1
EVENT_OPACITY=255
EVENT_BLENDTYPE=0
EVENT_TRIGGER_TYPE=0
EVENT_CONDITION_0_USE=32
EVENT_CONDITION_TARGET_0=1000000
EVENT_CONDITION_VALUE_0=0
EVENT_CONDITION_1_USE=32
EVENT_CONDITION_TARGET_1=1000000
EVENT_CONDITION_VALUE_1=0
EVENT_CONDITION_2_USE=32
EVENT_CONDITION_TARGET_2=1000000
EVENT_CONDITION_VALUE_2=0
EVENT_CONDITION_3_USE=32
EVENT_CONDITION_TARGET_3=1000000
EVENT_CONDITION_VALUE_3=0
ANIME_SPEED=3
MOVE_SPEED=3
MOVE_FREQUENCY=3
MOVE_TYPE=0
CHARA_OPTION_FLAG=35
ROUTE_OPTION_FLAG=2
ROUTE_COMMAND_NUM=0
OPTION_VAL_NUM=3
OPTION_VAL_0=0
OPTION_VAL_1=0
OPTION_VAL_2=0
COMMAND_NUM=2
--
WoditorEvCOMMAND_START
[101][0,1]<0>()("トイレだ")
[0][0,0]<0>()()
WoditorEvCOMMAND_END
--
[COMMAND_TEXT_START]
■文章:トイレだ
■
[COMMAND_TEXT_END]
-----
EVENT_ID=22
EVENT_NAME=
EVENT_X=55
EVENT_Y=28
EVENT_PAGE=1
OPTION_DATA_NUM=0
EVENT_PAGE_NUM=1
EVENT_PAGE=0
EVENT_TILE_ID=-1
GRAPHIC_FILENAME=
EVENT_DIRECTION=2
EVENT_PATTERN=1
EVENT_OPACITY=255
EVENT_BLENDTYPE=0
EVENT_TRIGGER_TYPE=0
EVENT_CONDITION_0_USE=32
EVENT_CONDITION_TARGET_0=1000000
EVENT_CONDITION_VALUE_0=0
EVENT_CONDITION_1_USE=32
EVENT_CONDITION_TARGET_1=1000000
EVENT_CONDITION_VALUE_1=0
EVENT_CONDITION_2_USE=32
EVENT_CONDITION_TARGET_2=1000000
EVENT_CONDITION_VALUE_2=0
EVENT_CONDITION_3_USE=32
EVENT_CONDITION_TARGET_3=1000000
EVENT_CONDITION_VALUE_3=0
ANIME_SPEED=3
MOVE_SPEED=3
MOVE_FREQUENCY=3
MOVE_TYPE=0
CHARA_OPTION_FLAG=35
ROUTE_OPTION_FLAG=2
ROUTE_COMMAND_NUM=0
OPTION_VAL_NUM=3
OPTION_VAL_0=0
OPTION_VAL_1=0
OPTION_VAL_2=0
COMMAND_NUM=2
--
WoditorEvCOMMAND_START
[101][0,1]<0>()("洗濯機だ")
[0][0,0]<0>()()
WoditorEvCOMMAND_END
--
[COMMAND_TEXT_START]
■文章:洗濯機だ
■
[COMMAND_TEXT_END]
-----
EVENT_ID=23
EVENT_NAME=
EVENT_X=51
EVENT_Y=28
EVENT_PAGE=1
OPTION_DATA_NUM=0
EVENT_PAGE_NUM=1
EVENT_PAGE=0
EVENT_TILE_ID=-1
GRAPHIC_FILENAME=
EVENT_DIRECTION=2
EVENT_PATTERN=1
EVENT_OPACITY=255
EVENT_BLENDTYPE=0
EVENT_TRIGGER_TYPE=0
EVENT_CONDITION_0_USE=32
EVENT_CONDITION_TARGET_0=1000000
EVENT_CONDITION_VALUE_0=0
EVENT_CONDITION_1_USE=32
EVENT_CONDITION_TARGET_1=1000000
EVENT_CONDITION_VALUE_1=0
EVENT_CONDITION_2_USE=32
EVENT_CONDITION_TARGET_2=1000000
EVENT_CONDITION_VALUE_2=0
EVENT_CONDITION_3_USE=32
EVENT_CONDITION_TARGET_3=1000000
EVENT_CONDITION_VALUE_3=0
ANIME_SPEED=3
MOVE_SPEED=3
MOVE_FREQUENCY=3
MOVE_TYPE=0
CHARA_OPTION_FLAG=35
ROUTE_OPTION_FLAG=2
ROUTE_COMMAND_NUM=0
OPTION_VAL_NUM=3
OPTION_VAL_0=0
OPTION_VAL_1=0
OPTION_VAL_2=0
COMMAND_NUM=2
--
WoditorEvCOMMAND_START
[101][0,1]<0>()("洗面台だ")
[0][0,0]<0>()()
WoditorEvCOMMAND_END
--
[COMMAND_TEXT_START]
■文章:洗面台だ
■
[COMMAND_TEXT_END]
-----
EVENT_ID=24
EVENT_NAME=
EVENT_X=54
EVENT_Y=31
EVENT_PAGE=1
OPTION_DATA_NUM=0
EVENT_PAGE_NUM=1
EVENT_PAGE=0
EVENT_TILE_ID=-1
GRAPHIC_FILENAME=
EVENT_DIRECTION=2
EVENT_PATTERN=1
EVENT_OPACITY=255
EVENT_BLENDTYPE=0
EVENT_TRIGGER_TYPE=0
EVENT_CONDITION_0_USE=32
EVENT_CONDITION_TARGET_0=1000000
EVENT_CONDITION_VALUE_0=0
EVENT_CONDITION_1_USE=32
EVENT_CONDITION_TARGET_1=1000000
EVENT_CONDITION_VALUE_1=0
EVENT_CONDITION_2_USE=32
EVENT_CONDITION_TARGET_2=1000000
EVENT_CONDITION_VALUE_2=0
EVENT_CONDITION_3_USE=32
EVENT_CONDITION_TARGET_3=1000000
EVENT_CONDITION_VALUE_3=0
ANIME_SPEED=3
MOVE_SPEED=3
MOVE_FREQUENCY=3
MOVE_TYPE=0
CHARA_OPTION_FLAG=35
ROUTE_OPTION_FLAG=2
ROUTE_COMMAND_NUM=0
OPTION_VAL_NUM=3
OPTION_VAL_0=0
OPTION_VAL_1=2
OPTION_VAL_2=0
COMMAND_NUM=2
--
WoditorEvCOMMAND_START
[101][0,1]<0>()("探してみたが使えそうなものは<\n>なかった。")
[0][0,0]<0>()()
WoditorEvCOMMAND_END
--
[COMMAND_TEXT_START]
■文章:探してみたが使えそうなものは\nなかった。
■
[COMMAND_TEXT_END]
-----
EVENT_ID=25
EVENT_NAME=
EVENT_X=56
EVENT_Y=30
EVENT_PAGE=1
OPTION_DATA_NUM=0
EVENT_PAGE_NUM=1
EVENT_PAGE=0
EVENT_TILE_ID=-1
GRAPHIC_FILENAME=
EVENT_DIRECTION=2
EVENT_PATTERN=1
EVENT_OPACITY=255
EVENT_BLENDTYPE=0
EVENT_TRIGGER_TYPE=0
EVENT_CONDITION_0_USE=32
EVENT_CONDITION_TARGET_0=1000000
EVENT_CONDITION_VALUE_0=0
EVENT_CONDITION_1_USE=32
EVENT_CONDITION_TARGET_1=1000000
EVENT_CONDITION_VALUE_1=0
EVENT_CONDITION_2_USE=32
EVENT_CONDITION_TARGET_2=1000000
EVENT_CONDITION_VALUE_2=0
EVENT_CONDITION_3_USE=32
EVENT_CONDITION_TARGET_3=1000000
EVENT_CONDITION_VALUE_3=0
ANIME_SPEED=3
MOVE_SPEED=3
MOVE_FREQUENCY=3
MOVE_TYPE=0
CHARA_OPTION_FLAG=35
ROUTE_OPTION_FLAG=2
ROUTE_COMMAND_NUM=0
OPTION_VAL_NUM=3
OPTION_VAL_0=0
OPTION_VAL_1=0
OPTION_VAL_2=0
COMMAND_NUM=3
--
WoditorEvCOMMAND_START
[140][6,1]<0>(33554464,0,0,0,100,100)("nobihazaSE/カギ.ogg")
[101][0,1]<0>()("ガギがかかってる")
[0][0,0]<0>()()
WoditorEvCOMMAND_END
--
[COMMAND_TEXT_START]
■サウンド：SE ﾌｧｲﾙ[nobihazaSE/カギ.ogg] 音 100％ 周 100％ (0 ﾁｬﾝﾈﾙ) 再生 / 遅延：0ﾌﾚｰﾑ
■文章:ガギがかかってる
■
[COMMAND_TEXT_END]
-----
EVENT_ID=26
EVENT_NAME=
EVENT_X=18
EVENT_Y=11
EVENT_PAGE=2
OPTION_DATA_NUM=0
EVENT_PAGE_NUM=2
EVENT_PAGE=0
EVENT_TILE_ID=-1
GRAPHIC_FILENAME=
EVENT_DIRECTION=2
EVENT_PATTERN=1
EVENT_OPACITY=255
EVENT_BLENDTYPE=0
EVENT_TRIGGER_TYPE=0
EVENT_CONDITION_0_USE=33
EVENT_CONDITION_TARGET_0=2000002
EVENT_CONDITION_VALUE_0=0
EVENT_CONDITION_1_USE=32
EVENT_CONDITION_TARGET_1=1000000
EVENT_CONDITION_VALUE_1=0
EVENT_CONDITION_2_USE=32
EVENT_CONDITION_TARGET_2=1000000
EVENT_CONDITION_VALUE_2=0
EVENT_CONDITION_3_USE=32
EVENT_CONDITION_TARGET_3=1000000
EVENT_CONDITION_VALUE_3=0
ANIME_SPEED=3
MOVE_SPEED=3
MOVE_FREQUENCY=3
MOVE_TYPE=0
CHARA_OPTION_FLAG=35
ROUTE_OPTION_FLAG=2
ROUTE_COMMAND_NUM=0
OPTION_VAL_NUM=3
OPTION_VAL_0=0
OPTION_VAL_1=0
OPTION_VAL_2=0
COMMAND_NUM=4
--
WoditorEvCOMMAND_START
[140][6,1]<0>(33554464,0,0,0,100,100)("nobihazaSE/キー1.ogg")
[151][2,0]<0>(1973790,30)()
[121][4,0]<0>(2000002,1,0,0)()
[0][0,0]<0>()()
WoditorEvCOMMAND_END
--
[COMMAND_TEXT_START]
■サウンド：SE ﾌｧｲﾙ[nobihazaSE/キー1.ogg] 音 100％ 周 100％ (0 ﾁｬﾝﾈﾙ) 再生 / 遅延：0ﾌﾚｰﾑ
■色調変更： R30 G30 B30 / 30ﾌﾚｰﾑ
■変数操作: V2[野比部屋電気] = 1 + 0 
■
[COMMAND_TEXT_END]
EVENT_PAGE=1
EVENT_TILE_ID=-1
GRAPHIC_FILENAME=
EVENT_DIRECTION=2
EVENT_PATTERN=1
EVENT_OPACITY=255
EVENT_BLENDTYPE=0
EVENT_TRIGGER_TYPE=0
EVENT_CONDITION_0_USE=33
EVENT_CONDITION_TARGET_0=2000002
EVENT_CONDITION_VALUE_0=1
EVENT_CONDITION_1_USE=32
EVENT_CONDITION_TARGET_1=1000000
EVENT_CONDITION_VALUE_1=0
EVENT_CONDITION_2_USE=32
EVENT_CONDITION_TARGET_2=1000000
EVENT_CONDITION_VALUE_2=0
EVENT_CONDITION_3_USE=32
EVENT_CONDITION_TARGET_3=1000000
EVENT_CONDITION_VALUE_3=0
ANIME_SPEED=3
MOVE_SPEED=3
MOVE_FREQUENCY=3
MOVE_TYPE=0
CHARA_OPTION_FLAG=35
ROUTE_OPTION_FLAG=2
ROUTE_COMMAND_NUM=0
OPTION_VAL_NUM=3
OPTION_VAL_0=0
OPTION_VAL_1=0
OPTION_VAL_2=0
COMMAND_NUM=4
--
WoditorEvCOMMAND_START
[140][6,1]<0>(33554464,0,0,0,100,100)("nobihazaSE/キー1.ogg")
[151][2,0]<0>(6579300,30)()
[121][4,0]<0>(2000002,0,0,0)()
[0][0,0]<0>()()
WoditorEvCOMMAND_END
--
[COMMAND_TEXT_START]
■サウンド：SE ﾌｧｲﾙ[nobihazaSE/キー1.ogg] 音 100％ 周 100％ (0 ﾁｬﾝﾈﾙ) 再生 / 遅延：0ﾌﾚｰﾑ
■色調変更： R100 G100 B100 / 30ﾌﾚｰﾑ
■変数操作: V2[野比部屋電気] = 0 + 0 
■
[COMMAND_TEXT_END]
-----
EVENT_ID=27
EVENT_NAME=
EVENT_X=7
EVENT_Y=55
EVENT_PAGE=2
OPTION_DATA_NUM=0
EVENT_PAGE_NUM=2
EVENT_PAGE=0
EVENT_TILE_ID=-1
GRAPHIC_FILENAME=
EVENT_DIRECTION=2
EVENT_PATTERN=1
EVENT_OPACITY=255
EVENT_BLENDTYPE=0
EVENT_TRIGGER_TYPE=0
EVENT_CONDITION_0_USE=33
EVENT_CONDITION_TARGET_0=2000003
EVENT_CONDITION_VALUE_0=0
EVENT_CONDITION_1_USE=32
EVENT_CONDITION_TARGET_1=1000000
EVENT_CONDITION_VALUE_1=0
EVENT_CONDITION_2_USE=32
EVENT_CONDITION_TARGET_2=1000000
EVENT_CONDITION_VALUE_2=0
EVENT_CONDITION_3_USE=32
EVENT_CONDITION_TARGET_3=1000000
EVENT_CONDITION_VALUE_3=0
ANIME_SPEED=3
MOVE_SPEED=3
MOVE_FREQUENCY=3
MOVE_TYPE=0
CHARA_OPTION_FLAG=35
ROUTE_OPTION_FLAG=2
ROUTE_COMMAND_NUM=0
OPTION_VAL_NUM=3
OPTION_VAL_0=0
OPTION_VAL_1=0
OPTION_VAL_2=0
COMMAND_NUM=4
--
WoditorEvCOMMAND_START
[140][6,1]<0>(33554464,0,0,0,100,100)("nobihazaSE/キー1.ogg")
[151][2,0]<0>(1973790,30)()
[121][4,0]<0>(2000003,1,0,0)()
[0][0,0]<0>()()
WoditorEvCOMMAND_END
--
[COMMAND_TEXT_START]
■サウンド：SE ﾌｧｲﾙ[nobihazaSE/キー1.ogg] 音 100％ 周 100％ (0 ﾁｬﾝﾈﾙ) 再生 / 遅延：0ﾌﾚｰﾑ
■色調変更： R30 G30 B30 / 30ﾌﾚｰﾑ
■変数操作: V3[野比家電気] = 1 + 0 
■
[COMMAND_TEXT_END]
EVENT_PAGE=1
EVENT_TILE_ID=-1
GRAPHIC_FILENAME=
EVENT_DIRECTION=2
EVENT_PATTERN=1
EVENT_OPACITY=255
EVENT_BLENDTYPE=0
EVENT_TRIGGER_TYPE=0
EVENT_CONDITION_0_USE=33
EVENT_CONDITION_TARGET_0=2000003
EVENT_CONDITION_VALUE_0=1
EVENT_CONDITION_1_USE=32
EVENT_CONDITION_TARGET_1=1000000
EVENT_CONDITION_VALUE_1=0
EVENT_CONDITION_2_USE=32
EVENT_CONDITION_TARGET_2=1000000
EVENT_CONDITION_VALUE_2=0
EVENT_CONDITION_3_USE=32
EVENT_CONDITION_TARGET_3=1000000
EVENT_CONDITION_VALUE_3=0
ANIME_SPEED=3
MOVE_SPEED=3
MOVE_FREQUENCY=3
MOVE_TYPE=0
CHARA_OPTION_FLAG=35
ROUTE_OPTION_FLAG=2
ROUTE_COMMAND_NUM=0
OPTION_VAL_NUM=3
OPTION_VAL_0=0
OPTION_VAL_1=0
OPTION_VAL_2=0
COMMAND_NUM=4
--
WoditorEvCOMMAND_START
[140][6,1]<0>(33554464,0,0,0,100,100)("nobihazaSE/キー1.ogg")
[151][2,0]<0>(4934475,30)()
[121][4,0]<0>(2000003,0,0,0)()
[0][0,0]<0>()()
WoditorEvCOMMAND_END
--
[COMMAND_TEXT_START]
■サウンド：SE ﾌｧｲﾙ[nobihazaSE/キー1.ogg] 音 100％ 周 100％ (0 ﾁｬﾝﾈﾙ) 再生 / 遅延：0ﾌﾚｰﾑ
■色調変更： R75 G75 B75 / 30ﾌﾚｰﾑ
■変数操作: V3[野比家電気] = 0 + 0 
■
[COMMAND_TEXT_END]
-----
EVENT_ID=28
EVENT_NAME=
EVENT_X=2
EVENT_Y=57
EVENT_PAGE=2
OPTION_DATA_NUM=0
EVENT_PAGE_NUM=2
EVENT_PAGE=0
EVENT_TILE_ID=-1
GRAPHIC_FILENAME=
EVENT_DIRECTION=2
EVENT_PATTERN=1
EVENT_OPACITY=255
EVENT_BLENDTYPE=0
EVENT_TRIGGER_TYPE=4
EVENT_CONDITION_0_USE=33
EVENT_CONDITION_TARGET_0=2000046
EVENT_CONDITION_VALUE_0=0
EVENT_CONDITION_1_USE=32
EVENT_CONDITION_TARGET_1=1000000
EVENT_CONDITION_VALUE_1=0
EVENT_CONDITION_2_USE=32
EVENT_CONDITION_TARGET_2=1000000
EVENT_CONDITION_VALUE_2=0
EVENT_CONDITION_3_USE=32
EVENT_CONDITION_TARGET_3=1000000
EVENT_CONDITION_VALUE_3=0
ANIME_SPEED=3
MOVE_SPEED=3
MOVE_FREQUENCY=3
MOVE_TYPE=0
CHARA_OPTION_FLAG=99
ROUTE_OPTION_FLAG=2
ROUTE_COMMAND_NUM=0
OPTION_VAL_NUM=3
OPTION_VAL_0=0
OPTION_VAL_1=0
OPTION_VAL_2=1
COMMAND_NUM=24
--
WoditorEvCOMMAND_START
[121][4,0]<0>(2000025,1,0,0)()
[140][7,0]<0>(4384,0,0,0,0,0,0)()
[201][1,0]<0>(-2)()(2,[8])
[151][2,0]<0>(6574160,0)()
[130][6,0]<0>(-1,25,5,2,32,0)()
[180][1,0]<0>(30)()
[300][4,1]<0>(0,2,0,-1)("スクリーンカットコモン")
[180][1,0]<0>(60)()
[201][1,0]<0>(-2)()(6,[0],[0],[0],[0])
[101][0,1]<0>()("@3<\n> \>何だこれは･･･！\.\.\<<\n> 一体何が起こってるんだ！？\.\.\.\.\.\^")
[280][2,0]<0>(97,24)()
[201][1,0]<0>(-2)()(0,[21,0,0])
[140][8,1]<0>(33554464,0,0,0,50,100,0,-255)("nobihazaSE/悲鳴.ogg")
[180][1,0]<0>(30)()
[201][1,0]<0>(-2)()(2,[9])
[281][3,0]<0>(320,-10,0)()
[180][1,0]<0>(60)()
[281][3,0]<0>(320,10,0)()
[180][1,0]<0>(30)()
[201][1,0]<0>(-2)()(2,[8])
[300][4,1]<0>(0,2,1,-1)("スクリーンカットコモン")
[121][4,0]<0>(2000046,1,0,0)()
[121][4,0]<0>(2000025,0,0,0)()
[0][0,0]<0>()()
WoditorEvCOMMAND_END
--
[COMMAND_TEXT_START]
■変数操作: V25[ダッシュ禁止] = 1 + 0 
■サウンド：SE17「ドア開け」(0 ﾁｬﾝﾈﾙ) 再生 / 遅延：0ﾌﾚｰﾑ
■動作指定：[ｽｷｯﾌﾟ]  主人公 / 下向
■色調変更： R80 G80 B100 / 0ﾌﾚｰﾑ
■場所移動：主人公 ▲マップID2[街] X:25 Y:5  [ﾄﾗﾝｼﾞｼｮﾝ + 暗転有り]
■ウェイト：30 フレーム
■イベントの挿入[名]： ["スクリーンカットコモン"] <コモンEv 841>  / 0:表示 / -1
■ウェイト：60 フレーム
■動作指定：[ｳｪｲﾄ][ｽｷｯﾌﾟ]  主人公 / 下 / 下 / 下 / 下
■文章:@3\n \>何だこれは･･･！\.\.\<\n 一体何が起こってるんだ！？\.\.\.\.\.\^
■マップエフェクト：[シェイク] 強さ2 速度7 縦揺れ [24]ﾌﾚｰﾑ
■動作指定：主人公 / ジャンプ - 右:[0] 下:[0]
■サウンド：SE ﾌｧｲﾙ[nobihazaSE/悲鳴.ogg] 音 50％ 周 100％ (0 ﾁｬﾝﾈﾙ) 再生 / 遅延：0ﾌﾚｰﾑ / パン:-255
■ウェイト：30 フレーム
■動作指定：[ｽｷｯﾌﾟ]  主人公 / 左向
■画面スクロール：画面移動 2倍速 右方向:-10 下方向:0 [ｳｪｲﾄ]
■ウェイト：60 フレーム
■画面スクロール：画面移動 2倍速 右方向:10 下方向:0 [ｳｪｲﾄ]
■ウェイト：30 フレーム
■動作指定：[ｽｷｯﾌﾟ]  主人公 / 下向
■イベントの挿入[名]： ["スクリーンカットコモン"] <コモンEv 841>  / 1:消去 / -1
■変数操作: V46[何が起こってる！] = 1 + 0 
■変数操作: V25[ダッシュ禁止] = 0 + 0 
■
[COMMAND_TEXT_END]
EVENT_PAGE=1
EVENT_TILE_ID=-1
GRAPHIC_FILENAME=
EVENT_DIRECTION=2
EVENT_PATTERN=1
EVENT_OPACITY=255
EVENT_BLENDTYPE=0
EVENT_TRIGGER_TYPE=4
EVENT_CONDITION_0_USE=33
EVENT_CONDITION_TARGET_0=2000046
EVENT_CONDITION_VALUE_0=1
EVENT_CONDITION_1_USE=32
EVENT_CONDITION_TARGET_1=1000000
EVENT_CONDITION_VALUE_1=0
EVENT_CONDITION_2_USE=32
EVENT_CONDITION_TARGET_2=1000000
EVENT_CONDITION_VALUE_2=0
EVENT_CONDITION_3_USE=32
EVENT_CONDITION_TARGET_3=1000000
EVENT_CONDITION_VALUE_3=0
ANIME_SPEED=3
MOVE_SPEED=3
MOVE_FREQUENCY=3
MOVE_TYPE=0
CHARA_OPTION_FLAG=35
ROUTE_OPTION_FLAG=2
ROUTE_COMMAND_NUM=0
OPTION_VAL_NUM=3
OPTION_VAL_0=0
OPTION_VAL_1=0
OPTION_VAL_2=0
COMMAND_NUM=5
--
WoditorEvCOMMAND_START
[140][7,0]<0>(4384,0,0,0,0,0,0)()
[201][1,0]<0>(-2)()(2,[8])
[151][2,0]<0>(6574160,0)()
[130][6,0]<0>(-1,25,5,2,32,0)()
[0][0,0]<0>()()
WoditorEvCOMMAND_END
--
[COMMAND_TEXT_START]
■サウンド：SE17「ドア開け」(0 ﾁｬﾝﾈﾙ) 再生 / 遅延：0ﾌﾚｰﾑ
■動作指定：[ｽｷｯﾌﾟ]  主人公 / 下向
■色調変更： R80 G80 B100 / 0ﾌﾚｰﾑ
■場所移動：主人公 ▲マップID2[街] X:25 Y:5  [ﾄﾗﾝｼﾞｼｮﾝ + 暗転有り]
■
[COMMAND_TEXT_END]
-----
EVENT_ID=29
EVENT_NAME=コン
EVENT_X=14
EVENT_Y=48
EVENT_PAGE=1
OPTION_DATA_NUM=0
EVENT_PAGE_NUM=1
EVENT_PAGE=0
EVENT_TILE_ID=-1
GRAPHIC_FILENAME=CharaChip/[ウ]パソコン.png
EVENT_DIRECTION=2
EVENT_PATTERN=1
EVENT_OPACITY=255
EVENT_BLENDTYPE=0
EVENT_TRIGGER_TYPE=0
EVENT_CONDITION_0_USE=32
EVENT_CONDITION_TARGET_0=1000000
EVENT_CONDITION_VALUE_0=0
EVENT_CONDITION_1_USE=32
EVENT_CONDITION_TARGET_1=1000000
EVENT_CONDITION_VALUE_1=0
EVENT_CONDITION_2_USE=32
EVENT_CONDITION_TARGET_2=1000000
EVENT_CONDITION_VALUE_2=0
EVENT_CONDITION_3_USE=32
EVENT_CONDITION_TARGET_3=1000000
EVENT_CONDITION_VALUE_3=0
ANIME_SPEED=3
MOVE_SPEED=3
MOVE_FREQUENCY=3
MOVE_TYPE=0
CHARA_OPTION_FLAG=35
ROUTE_OPTION_FLAG=2
ROUTE_COMMAND_NUM=0
OPTION_VAL_NUM=3
OPTION_VAL_0=0
OPTION_VAL_1=0
OPTION_VAL_2=0
COMMAND_NUM=2
--
WoditorEvCOMMAND_START
[210][2,0]<0>(500215,0)()
[0][0,0]<0>()()
WoditorEvCOMMAND_END
--
[COMMAND_TEXT_START]
■イベントの挿入： コモン215：[ セーブイベント ]
■
[COMMAND_TEXT_END]
-----
EVENT_ID=30
EVENT_NAME=のびママゾンビmama<Enemy>
EVENT_X=31
EVENT_Y=55
EVENT_PAGE=4
OPTION_DATA_NUM=0
EVENT_PAGE_NUM=4
EVENT_PAGE=0
EVENT_TILE_ID=-1
GRAPHIC_FILENAME=CharaChip/[ウ]のびママゾンビ01.png
EVENT_DIRECTION=8
EVENT_PATTERN=0
EVENT_OPACITY=255
EVENT_BLENDTYPE=0
EVENT_TRIGGER_TYPE=2
EVENT_CONDITION_0_USE=32
EVENT_CONDITION_TARGET_0=1000000
EVENT_CONDITION_VALUE_0=0
EVENT_CONDITION_1_USE=32
EVENT_CONDITION_TARGET_1=1000000
EVENT_CONDITION_VALUE_1=0
EVENT_CONDITION_2_USE=32
EVENT_CONDITION_TARGET_2=1000000
EVENT_CONDITION_VALUE_2=0
EVENT_CONDITION_3_USE=32
EVENT_CONDITION_TARGET_3=1000000
EVENT_CONDITION_VALUE_3=0
ANIME_SPEED=3
MOVE_SPEED=3
MOVE_FREQUENCY=3
MOVE_TYPE=0
CHARA_OPTION_FLAG=34
ROUTE_OPTION_FLAG=2
ROUTE_COMMAND_NUM=0
OPTION_VAL_NUM=3
OPTION_VAL_0=0
OPTION_VAL_1=0
OPTION_VAL_2=0
COMMAND_NUM=2
--
WoditorEvCOMMAND_START
[130][6,0]<0>(33,31,54,0,0,0)()
[0][0,0]<0>()()
WoditorEvCOMMAND_END
--
[COMMAND_TEXT_START]
■場所移動：Ev33[] X:31 Y:54  [ﾄﾗﾝｼﾞｼｮﾝなし]
■
[COMMAND_TEXT_END]
EVENT_PAGE=1
EVENT_TILE_ID=-1
GRAPHIC_FILENAME=CharaChip/[ウ]のびママゾンビ00.png
EVENT_DIRECTION=2
EVENT_PATTERN=1
EVENT_OPACITY=255
EVENT_BLENDTYPE=0
EVENT_TRIGGER_TYPE=2
EVENT_CONDITION_0_USE=33
EVENT_CONDITION_TARGET_0=2000036
EVENT_CONDITION_VALUE_0=1
EVENT_CONDITION_1_USE=33
EVENT_CONDITION_TARGET_1=2000058
EVENT_CONDITION_VALUE_1=0
EVENT_CONDITION_2_USE=33
EVENT_CONDITION_TARGET_2=1100009
EVENT_CONDITION_VALUE_2=0
EVENT_CONDITION_3_USE=32
EVENT_CONDITION_TARGET_3=1000000
EVENT_CONDITION_VALUE_3=0
ANIME_SPEED=3
MOVE_SPEED=3
MOVE_FREQUENCY=0
MOVE_TYPE=0
CHARA_OPTION_FLAG=34
ROUTE_OPTION_FLAG=3
ROUTE_COMMAND_NUM=8
[ROUTE_COMMAND_0]8
ROUTE_COMMAND_CODE=30
VAL_NUM=1
VAL_0=0
STR=
[ROUTE_COMMAND_1]8
ROUTE_COMMAND_CODE=29
VAL_NUM=1
VAL_0=1
STR=
[ROUTE_COMMAND_2]8
ROUTE_COMMAND_CODE=17
VAL_NUM=0
STR=
[ROUTE_COMMAND_3]8
ROUTE_COMMAND_CODE=47
VAL_NUM=1
VAL_0=0
STR=
[ROUTE_COMMAND_4]8
ROUTE_COMMAND_CODE=47
VAL_NUM=1
VAL_0=6
STR=
[ROUTE_COMMAND_5]8
ROUTE_COMMAND_CODE=47
VAL_NUM=1
VAL_0=6
STR=
[ROUTE_COMMAND_6]8
ROUTE_COMMAND_CODE=47
VAL_NUM=1
VAL_0=6
STR=
[ROUTE_COMMAND_7]8
ROUTE_COMMAND_CODE=47
VAL_NUM=1
VAL_0=30
STR=
OPTION_VAL_NUM=3
OPTION_VAL_0=0
OPTION_VAL_1=0
OPTION_VAL_2=0
COMMAND_NUM=2
--
WoditorEvCOMMAND_START
[300][2,1]<0>(0,0)("のびママゾンビ")
[0][0,0]<0>()()
WoditorEvCOMMAND_END
--
[COMMAND_TEXT_START]
■イベントの挿入[名]： ["のびママゾンビ"] <コモンEv 758> 
■
[COMMAND_TEXT_END]
EVENT_PAGE=2
EVENT_TILE_ID=-1
GRAPHIC_FILENAME=CharaChip/[ウ]のびママゾンビ06.png
EVENT_DIRECTION=2
EVENT_PATTERN=2
EVENT_OPACITY=255
EVENT_BLENDTYPE=0
EVENT_TRIGGER_TYPE=2
EVENT_CONDITION_0_USE=33
EVENT_CONDITION_TARGET_0=1100009
EVENT_CONDITION_VALUE_0=1
EVENT_CONDITION_1_USE=32
EVENT_CONDITION_TARGET_1=1000000
EVENT_CONDITION_VALUE_1=0
EVENT_CONDITION_2_USE=32
EVENT_CONDITION_TARGET_2=1000000
EVENT_CONDITION_VALUE_2=0
EVENT_CONDITION_3_USE=32
EVENT_CONDITION_TARGET_3=1000000
EVENT_CONDITION_VALUE_3=0
ANIME_SPEED=3
MOVE_SPEED=3
MOVE_FREQUENCY=3
MOVE_TYPE=0
CHARA_OPTION_FLAG=44
ROUTE_OPTION_FLAG=2
ROUTE_COMMAND_NUM=0
OPTION_VAL_NUM=4
OPTION_VAL_0=0
OPTION_VAL_1=0
OPTION_VAL_2=0
OPTION_VAL_3=0
COMMAND_NUM=7
--
WoditorEvCOMMAND_START
[179][1,0]<0>(60)()
[201][1,0]<1>(-1)()(4,[44,39])
[180][1,0]<1>(1)()
[0][0,0]<1>()()
[498][0,0]<0>()()
[121][4,0]<0>(1100008,1,0,0)()
[0][0,0]<0>()()
WoditorEvCOMMAND_END
--
[COMMAND_TEXT_START]
■回数付きループ [ 60 ]回
 |■動作指定：[ｳｪｲﾄ] このイベント / ｸﾞﾗﾌｨｯｸ変更 39:のびママゾンビ死体
 |■ウェイト：1 フレーム
 |■
◇ループここまで◇◇
■変数操作: このEvのSelf8 = 1 + 0 
■
[COMMAND_TEXT_END]
EVENT_PAGE=3
EVENT_TILE_ID=-1
GRAPHIC_FILENAME=CharaChip/[ウ]のびママゾンビ06.png
EVENT_DIRECTION=2
EVENT_PATTERN=2
EVENT_OPACITY=255
EVENT_BLENDTYPE=0
EVENT_TRIGGER_TYPE=0
EVENT_CONDITION_0_USE=33
EVENT_CONDITION_TARGET_0=1100008
EVENT_CONDITION_VALUE_0=1
EVENT_CONDITION_1_USE=33
EVENT_CONDITION_TARGET_1=1100009
EVENT_CONDITION_VALUE_1=1
EVENT_CONDITION_2_USE=32
EVENT_CONDITION_TARGET_2=1000000
EVENT_CONDITION_VALUE_2=0
EVENT_CONDITION_3_USE=32
EVENT_CONDITION_TARGET_3=1000000
EVENT_CONDITION_VALUE_3=0
ANIME_SPEED=3
MOVE_SPEED=3
MOVE_FREQUENCY=3
MOVE_TYPE=0
CHARA_OPTION_FLAG=44
ROUTE_OPTION_FLAG=2
ROUTE_COMMAND_NUM=0
OPTION_VAL_NUM=4
OPTION_VAL_0=0
OPTION_VAL_1=0
OPTION_VAL_2=0
OPTION_VAL_3=0
COMMAND_NUM=3
--
WoditorEvCOMMAND_START
[101][0,1]<0>()("@3<\n> ･･･肌の色も変色して腐っている。<\n> これはもう死人の姿だ。")
[101][0,1]<0>()("@3<\n> なのになんで動いていたんだ･･･")
[0][0,0]<0>()()
WoditorEvCOMMAND_END
--
[COMMAND_TEXT_START]
■文章:@3\n ･･･肌の色も変色して腐っている。\n これはもう死人の姿だ。
■文章:@3\n なのになんで動いていたんだ･･･
■
[COMMAND_TEXT_END]
-----
EVENT_ID=31
EVENT_NAME=
EVENT_X=3
EVENT_Y=57
EVENT_PAGE=2
OPTION_DATA_NUM=0
EVENT_PAGE_NUM=2
EVENT_PAGE=0
EVENT_TILE_ID=-1
GRAPHIC_FILENAME=
EVENT_DIRECTION=2
EVENT_PATTERN=1
EVENT_OPACITY=255
EVENT_BLENDTYPE=0
EVENT_TRIGGER_TYPE=3
EVENT_CONDITION_0_USE=33
EVENT_CONDITION_TARGET_0=2000036
EVENT_CONDITION_VALUE_0=0
EVENT_CONDITION_1_USE=32
EVENT_CONDITION_TARGET_1=1000000
EVENT_CONDITION_VALUE_1=0
EVENT_CONDITION_2_USE=32
EVENT_CONDITION_TARGET_2=1000000
EVENT_CONDITION_VALUE_2=0
EVENT_CONDITION_3_USE=32
EVENT_CONDITION_TARGET_3=1000000
EVENT_CONDITION_VALUE_3=0
ANIME_SPEED=3
MOVE_SPEED=3
MOVE_FREQUENCY=3
MOVE_TYPE=0
CHARA_OPTION_FLAG=99
ROUTE_OPTION_FLAG=2
ROUTE_COMMAND_NUM=0
OPTION_VAL_NUM=3
OPTION_VAL_0=0
OPTION_VAL_1=0
OPTION_VAL_2=1
COMMAND_NUM=3
--
WoditorEvCOMMAND_START
[101][0,1]<0>()("@2<\n>\>\c[4]のび太\<<\n> \c[0]ママに会ってこなくちゃ。")
[201][1,0]<0>(-2)()(2,[2])
[0][0,0]<0>()()
WoditorEvCOMMAND_END
--
[COMMAND_TEXT_START]
■文章:@2\n\>\c[4]のび太\<\n \c[0]ママに会ってこなくちゃ。
■動作指定：[ｽｷｯﾌﾟ]  主人公 / 右
■
[COMMAND_TEXT_END]
EVENT_PAGE=1
EVENT_TILE_ID=-1
GRAPHIC_FILENAME=
EVENT_DIRECTION=2
EVENT_PATTERN=1
EVENT_OPACITY=255
EVENT_BLENDTYPE=0
EVENT_TRIGGER_TYPE=4
EVENT_CONDITION_0_USE=33
EVENT_CONDITION_TARGET_0=2000036
EVENT_CONDITION_VALUE_0=1
EVENT_CONDITION_1_USE=32
EVENT_CONDITION_TARGET_1=1000000
EVENT_CONDITION_VALUE_1=0
EVENT_CONDITION_2_USE=32
EVENT_CONDITION_TARGET_2=1000000
EVENT_CONDITION_VALUE_2=0
EVENT_CONDITION_3_USE=32
EVENT_CONDITION_TARGET_3=1000000
EVENT_CONDITION_VALUE_3=0
ANIME_SPEED=3
MOVE_SPEED=3
MOVE_FREQUENCY=3
MOVE_TYPE=0
CHARA_OPTION_FLAG=35
ROUTE_OPTION_FLAG=2
ROUTE_COMMAND_NUM=0
OPTION_VAL_NUM=3
OPTION_VAL_0=0
OPTION_VAL_1=0
OPTION_VAL_2=1
COMMAND_NUM=1
--
WoditorEvCOMMAND_START
[0][0,0]<0>()()
WoditorEvCOMMAND_END
--
[COMMAND_TEXT_START]
■
[COMMAND_TEXT_END]
-----
EVENT_ID=32
EVENT_NAME=
EVENT_X=34
EVENT_Y=56
EVENT_PAGE=2
OPTION_DATA_NUM=0
EVENT_PAGE_NUM=2
EVENT_PAGE=0
EVENT_TILE_ID=457
GRAPHIC_FILENAME=
EVENT_DIRECTION=2
EVENT_PATTERN=1
EVENT_OPACITY=255
EVENT_BLENDTYPE=0
EVENT_TRIGGER_TYPE=0
EVENT_CONDITION_0_USE=33
EVENT_CONDITION_TARGET_0=2000023
EVENT_CONDITION_VALUE_0=0
EVENT_CONDITION_1_USE=32
EVENT_CONDITION_TARGET_1=2000014
EVENT_CONDITION_VALUE_1=0
EVENT_CONDITION_2_USE=32
EVENT_CONDITION_TARGET_2=1000000
EVENT_CONDITION_VALUE_2=0
EVENT_CONDITION_3_USE=32
EVENT_CONDITION_TARGET_3=1000000
EVENT_CONDITION_VALUE_3=0
ANIME_SPEED=3
MOVE_SPEED=3
MOVE_FREQUENCY=3
MOVE_TYPE=0
CHARA_OPTION_FLAG=35
ROUTE_OPTION_FLAG=2
ROUTE_COMMAND_NUM=0
OPTION_VAL_NUM=3
OPTION_VAL_0=0
OPTION_VAL_1=0
OPTION_VAL_2=0
COMMAND_NUM=5
--
WoditorEvCOMMAND_START
[121][4,0]<0>(2000023,1,0,0)()
[140][7,0]<0>(1056,0,0,0,0,0,0)()
[210][5,0]<0>(500001,3,20,1,0)()
[101][0,1]<0>()("包丁を手に入れた")
[0][0,0]<0>()()
WoditorEvCOMMAND_END
--
[COMMAND_TEXT_START]
■変数操作: V23[包丁取った] = 1 + 0 
■サウンド：SE4「武器ゲット」(0 ﾁｬﾝﾈﾙ) 再生 / 遅延：0ﾌﾚｰﾑ
■イベントの挿入： コモン1：[ ○武器増減 ] / 20:包丁 / 1 / 0:なし
■文章:包丁を手に入れた
■
[COMMAND_TEXT_END]
EVENT_PAGE=1
EVENT_TILE_ID=-1
GRAPHIC_FILENAME=
EVENT_DIRECTION=2
EVENT_PATTERN=1
EVENT_OPACITY=255
EVENT_BLENDTYPE=0
EVENT_TRIGGER_TYPE=0
EVENT_CONDITION_0_USE=33
EVENT_CONDITION_TARGET_0=2000023
EVENT_CONDITION_VALUE_0=1
EVENT_CONDITION_1_USE=32
EVENT_CONDITION_TARGET_1=1000000
EVENT_CONDITION_VALUE_1=0
EVENT_CONDITION_2_USE=32
EVENT_CONDITION_TARGET_2=1000000
EVENT_CONDITION_VALUE_2=0
EVENT_CONDITION_3_USE=32
EVENT_CONDITION_TARGET_3=1000000
EVENT_CONDITION_VALUE_3=0
ANIME_SPEED=3
MOVE_SPEED=3
MOVE_FREQUENCY=3
MOVE_TYPE=0
CHARA_OPTION_FLAG=35
ROUTE_OPTION_FLAG=2
ROUTE_COMMAND_NUM=0
OPTION_VAL_NUM=3
OPTION_VAL_0=0
OPTION_VAL_1=0
OPTION_VAL_2=0
COMMAND_NUM=1
--
WoditorEvCOMMAND_START
[0][0,0]<0>()()
WoditorEvCOMMAND_END
--
[COMMAND_TEXT_START]
■
[COMMAND_TEXT_END]
-----
EVENT_ID=33
EVENT_NAME=
EVENT_X=22
EVENT_Y=10
EVENT_PAGE=1
OPTION_DATA_NUM=0
EVENT_PAGE_NUM=1
EVENT_PAGE=0
EVENT_TILE_ID=-1
GRAPHIC_FILENAME=
EVENT_DIRECTION=2
EVENT_PATTERN=1
EVENT_OPACITY=255
EVENT_BLENDTYPE=0
EVENT_TRIGGER_TYPE=0
EVENT_CONDITION_0_USE=32
EVENT_CONDITION_TARGET_0=1000000
EVENT_CONDITION_VALUE_0=0
EVENT_CONDITION_1_USE=32
EVENT_CONDITION_TARGET_1=1000000
EVENT_CONDITION_VALUE_1=0
EVENT_CONDITION_2_USE=32
EVENT_CONDITION_TARGET_2=1000000
EVENT_CONDITION_VALUE_2=0
EVENT_CONDITION_3_USE=32
EVENT_CONDITION_TARGET_3=1000000
EVENT_CONDITION_VALUE_3=0
ANIME_SPEED=3
MOVE_SPEED=3
MOVE_FREQUENCY=3
MOVE_TYPE=0
CHARA_OPTION_FLAG=35
ROUTE_OPTION_FLAG=2
ROUTE_COMMAND_NUM=0
OPTION_VAL_NUM=3
OPTION_VAL_0=0
OPTION_VAL_1=0
OPTION_VAL_2=0
COMMAND_NUM=2
--
WoditorEvCOMMAND_START
[101][0,1]<0>()("今日の日付を確認してみた")
[0][0,0]<0>()()
WoditorEvCOMMAND_END
--
[COMMAND_TEXT_START]
■文章:今日の日付を確認してみた
■
[COMMAND_TEXT_END]
-----
EVENT_ID=34
EVENT_NAME=CharaChip/[ウ]ちょい役セット01.png
EVENT_X=20
EVENT_Y=17
EVENT_PAGE=1
OPTION_DATA_NUM=0
EVENT_PAGE_NUM=1
EVENT_PAGE=0
EVENT_TILE_ID=-1
GRAPHIC_FILENAME=CharaChip/[ウ]ちょい役セット01.png
EVENT_DIRECTION=8
EVENT_PATTERN=1
EVENT_OPACITY=255
EVENT_BLENDTYPE=0
EVENT_TRIGGER_TYPE=0
EVENT_CONDITION_0_USE=33
EVENT_CONDITION_TARGET_0=2000017
EVENT_CONDITION_VALUE_0=1
EVENT_CONDITION_1_USE=32
EVENT_CONDITION_TARGET_1=1000000
EVENT_CONDITION_VALUE_1=0
EVENT_CONDITION_2_USE=32
EVENT_CONDITION_TARGET_2=1000000
EVENT_CONDITION_VALUE_2=0
EVENT_CONDITION_3_USE=32
EVENT_CONDITION_TARGET_3=1000000
EVENT_CONDITION_VALUE_3=0
ANIME_SPEED=3
MOVE_SPEED=3
MOVE_FREQUENCY=3
MOVE_TYPE=0
CHARA_OPTION_FLAG=35
ROUTE_OPTION_FLAG=2
ROUTE_COMMAND_NUM=0
OPTION_VAL_NUM=3
OPTION_VAL_0=0
OPTION_VAL_1=0
OPTION_VAL_2=0
COMMAND_NUM=7
--
WoditorEvCOMMAND_START
[251][5,4]<0>(0,20,0,0,4)("Data/Update/CDB/主人公ステータス_データ_020to023_しずか.csv","","","")
[101][0,1]<0>()("@4<\n>a")
[101][0,1]<0>()("@5<\n>a")
[101][0,1]<0>()("@12<\n>a")
[101][0,1]<0>()("@13<\n>a")
[101][0,1]<0>()("@14<\n>a")
[0][0,0]<0>()()
WoditorEvCOMMAND_END
--
[COMMAND_TEXT_START]
■CSVﾌｧｲﾙからDBに読込:　ﾌｧｲﾙ "Data/Update/CDB/主人公ステータス_データ_020to023_しずか.csv"　→　可変DB[ 0:20 ](主人公ステータス:しずか) から [ 4 ]データ
■文章:@4\na
■文章:@5\na
■文章:@12\na
■文章:@13\na
■文章:@14\na
■
[COMMAND_TEXT_END]
-----
EVENT_ID=35
EVENT_NAME=CharaChip/[ウ]ちょい役セット01.png
EVENT_X=17
EVENT_Y=17
EVENT_PAGE=1
OPTION_DATA_NUM=0
EVENT_PAGE_NUM=1
EVENT_PAGE=0
EVENT_TILE_ID=-1
GRAPHIC_FILENAME=CharaChip/[ウ]ちょい役セット01.png
EVENT_DIRECTION=8
EVENT_PATTERN=1
EVENT_OPACITY=255
EVENT_BLENDTYPE=0
EVENT_TRIGGER_TYPE=0
EVENT_CONDITION_0_USE=33
EVENT_CONDITION_TARGET_0=2000017
EVENT_CONDITION_VALUE_0=1
EVENT_CONDITION_1_USE=32
EVENT_CONDITION_TARGET_1=1000000
EVENT_CONDITION_VALUE_1=0
EVENT_CONDITION_2_USE=32
EVENT_CONDITION_TARGET_2=1000000
EVENT_CONDITION_VALUE_2=0
EVENT_CONDITION_3_USE=32
EVENT_CONDITION_TARGET_3=1000000
EVENT_CONDITION_VALUE_3=0
ANIME_SPEED=3
MOVE_SPEED=3
MOVE_FREQUENCY=3
MOVE_TYPE=0
CHARA_OPTION_FLAG=35
ROUTE_OPTION_FLAG=2
ROUTE_COMMAND_NUM=0
OPTION_VAL_NUM=3
OPTION_VAL_0=0
OPTION_VAL_1=0
OPTION_VAL_2=0
COMMAND_NUM=2
--
WoditorEvCOMMAND_START
[210][3,2]<0>(500742,4112,0)("","\sysS[52]Msg/生徒の手帳開く.msg")
[0][0,0]<0>()()
WoditorEvCOMMAND_END
--
[COMMAND_TEXT_START]
■イベントの挿入： コモン742：[ メッセージスプリクト ] / \sysS[52]Msg/生徒の手帳開く.msg
■
[COMMAND_TEXT_END]
-----
EVENT_ID=36
EVENT_NAME=CharaChip/[ウ]ちょい役セット01.png
EVENT_X=15
EVENT_Y=17
EVENT_PAGE=1
OPTION_DATA_NUM=0
EVENT_PAGE_NUM=1
EVENT_PAGE=0
EVENT_TILE_ID=-1
GRAPHIC_FILENAME=CharaChip/[ウ]ちょい役セット01.png
EVENT_DIRECTION=8
EVENT_PATTERN=1
EVENT_OPACITY=255
EVENT_BLENDTYPE=0
EVENT_TRIGGER_TYPE=0
EVENT_CONDITION_0_USE=33
EVENT_CONDITION_TARGET_0=2000017
EVENT_CONDITION_VALUE_0=1
EVENT_CONDITION_1_USE=32
EVENT_CONDITION_TARGET_1=1000000
EVENT_CONDITION_VALUE_1=0
EVENT_CONDITION_2_USE=32
EVENT_CONDITION_TARGET_2=1000000
EVENT_CONDITION_VALUE_2=0
EVENT_CONDITION_3_USE=32
EVENT_CONDITION_TARGET_3=1000000
EVENT_CONDITION_VALUE_3=0
ANIME_SPEED=3
MOVE_SPEED=3
MOVE_FREQUENCY=3
MOVE_TYPE=0
CHARA_OPTION_FLAG=35
ROUTE_OPTION_FLAG=2
ROUTE_COMMAND_NUM=0
OPTION_VAL_NUM=3
OPTION_VAL_0=0
OPTION_VAL_1=0
OPTION_VAL_2=0
COMMAND_NUM=1
--
WoditorEvCOMMAND_START
[0][0,0]<0>()()
WoditorEvCOMMAND_END
--
[COMMAND_TEXT_START]
■
[COMMAND_TEXT_END]
-----
EVENT_ID=37
EVENT_NAME=CharaChip/[ウ]ちょい役セット01.png
EVENT_X=22
EVENT_Y=17
EVENT_PAGE=1
OPTION_DATA_NUM=0
EVENT_PAGE_NUM=1
EVENT_PAGE=0
EVENT_TILE_ID=-1
GRAPHIC_FILENAME=CharaChip/[ウ]ちょい役セット01.png
EVENT_DIRECTION=8
EVENT_PATTERN=1
EVENT_OPACITY=255
EVENT_BLENDTYPE=0
EVENT_TRIGGER_TYPE=0
EVENT_CONDITION_0_USE=33
EVENT_CONDITION_TARGET_0=2000017
EVENT_CONDITION_VALUE_0=1
EVENT_CONDITION_1_USE=32
EVENT_CONDITION_TARGET_1=1000000
EVENT_CONDITION_VALUE_1=0
EVENT_CONDITION_2_USE=32
EVENT_CONDITION_TARGET_2=1000000
EVENT_CONDITION_VALUE_2=0
EVENT_CONDITION_3_USE=32
EVENT_CONDITION_TARGET_3=1000000
EVENT_CONDITION_VALUE_3=0
ANIME_SPEED=3
MOVE_SPEED=3
MOVE_FREQUENCY=3
MOVE_TYPE=0
CHARA_OPTION_FLAG=35
ROUTE_OPTION_FLAG=2
ROUTE_COMMAND_NUM=0
OPTION_VAL_NUM=3
OPTION_VAL_0=0
OPTION_VAL_1=0
OPTION_VAL_2=0
COMMAND_NUM=4
--
WoditorEvCOMMAND_START
[103][0,1]<0>()(" ")
[103][0,1]<0>()(" ")
[150][11,1]<0>(4128,5,0,1,1,1,255,2000186,2000187,300,0)("\f[14]\font[1]\A-テストメッセージあいうえお漢字てすとテストTEST<\n>test")
[0][0,0]<0>()()
WoditorEvCOMMAND_END
--
[COMMAND_TEXT_START]
▼  
▼  
■ﾋﾟｸﾁｬ表示：5 [中心]文字列[\f[14]\font[1]\A] X:V186[X中心] Y:V187[Y中心] / 0(0)ﾌﾚｰﾑ  / ﾊﾟﾀｰﾝ 1 / 透 255 / 通常  / 角 0 / 拡 300％ / ｶﾗｰ R[100] G[100] B[100]
■
[COMMAND_TEXT_END]
-----
EVENT_ID=38
EVENT_NAME=CharaChip/[ウ]ちょい役セット01.png
EVENT_X=19
EVENT_Y=17
EVENT_PAGE=1
OPTION_DATA_NUM=0
EVENT_PAGE_NUM=1
EVENT_PAGE=0
EVENT_TILE_ID=-1
GRAPHIC_FILENAME=CharaChip/[ウ]ちょい役セット01.png
EVENT_DIRECTION=8
EVENT_PATTERN=1
EVENT_OPACITY=255
EVENT_BLENDTYPE=0
EVENT_TRIGGER_TYPE=0
EVENT_CONDITION_0_USE=33
EVENT_CONDITION_TARGET_0=2000017
EVENT_CONDITION_VALUE_0=1
EVENT_CONDITION_1_USE=32
EVENT_CONDITION_TARGET_1=1000000
EVENT_CONDITION_VALUE_1=0
EVENT_CONDITION_2_USE=32
EVENT_CONDITION_TARGET_2=1000000
EVENT_CONDITION_VALUE_2=0
EVENT_CONDITION_3_USE=32
EVENT_CONDITION_TARGET_3=1000000
EVENT_CONDITION_VALUE_3=0
ANIME_SPEED=3
MOVE_SPEED=3
MOVE_FREQUENCY=3
MOVE_TYPE=0
CHARA_OPTION_FLAG=35
ROUTE_OPTION_FLAG=2
ROUTE_COMMAND_NUM=0
OPTION_VAL_NUM=3
OPTION_VAL_0=0
OPTION_VAL_1=0
OPTION_VAL_2=0
COMMAND_NUM=3
--
WoditorEvCOMMAND_START
[300][4,2]<0>(0,16781328,0,3000000)("CFS事前処理","//if 2000008 == 41<\n>	18<\n>	18testスプリクト名<\n>	説明1\n説明2\n説明3<\n>//endif<\n><\n>//if 2000008 != 41<\n>	19<\n>	19testスプリクト名<\n>	test説明aaaaa1\n説明2\n説明3<\n>//endif<\n><\n>//if 2000008 < 41<\n>	cdb 0 0 4 999999<\n>	cdb 7 42 0 999<\n>	udb 2 42 0 <dqrt>書き換えテスト<dqrt><\n>	udb 2 42 3  1<\n>	sysdb 0 0 0 <dqrt>MapData/Dungeon.mps<dqrt><\n>	sysdb 0 0 1 4<\n>	var 141 1<\n>	sysvar 21 0<\n>	se <dqrt>SE/[System]Get2_wolf.ogg<dqrt> 100 999<\n>	str 23 <dqrt>aaa<dqrt><\n>	msg <dqrt>こんにちは!!\nversion<41!<dqrt><\n>	[end]<\n>//endif <\n><\n><\n>//新しいデータベース先に書き込む<\n><\n>cdb 0 0 7 = 10 * 9999<\n>cdb 0 0 8 = 10 * 9999<\n>cdb 0 0 4 999999<\n>cdb 7 42 0 999<\n>udb 2 42 0 <dqrt>書き換えテスト<dqrt><\n>udb 2 42 3  1<\n>sysdb 0 0 0 <dqrt>MapData/Dungeon.mps<dqrt><\n>sysdb 0 0 1 4<\n>var 141 1<\n>sysvar 21 0<\n>str 23 <dqrt>aaa<dqrt><\n>msg <dqrt>こんにちは!!\nversion41!<dqrt>")
[106][0,1]<0>()("\s[0]")
[0][0,0]<0>()()
WoditorEvCOMMAND_END
--
[COMMAND_TEXT_START]
■イベントの挿入[名]： S0[[サンプル]一時文字列] = ["CFS事前処理"] <コモンEv 918>  / //if 2000008 == 41
	18
	18testスプリクト名
	説明1\n説明2\n説明3
//endif

//if 2000008  ....
■デバッグ文:\s[0]
■
[COMMAND_TEXT_END]
